stop_name,flow,stop_lat,stop_lon,stop_id,stop_nb,route_id
Van Cortlandt Park - 242 St,1000,40.889248,-73.898583,101,1,(1)
238 St,1000,40.884667,-73.90087,103,2,(1)
231 St,1000,40.878856,-73.90483399999999,104,3,(1)
Marble Hill - 225 St,1000,40.874561,-73.909831,106,4,(1)
215 St,1000,40.869444,-73.915279,107,5,(1)
207 St,1000,40.864621,-73.91882200000001,108,6,(1)
Dyckman St,1000,40.860531,-73.92553599999999,109,7,(1)
191 St,1000,40.855225,-73.929412,110,8,(1)
181 St,1000,40.849505,-73.93359599999999,111,9,(1)
168 St - Washington Hts,1000,40.840556,-73.940133,112,10,(1)
157 St,1000,40.834041,-73.94489,113,11,(1)
145 St,1000,40.826551,-73.95036,114,12,(1)
137 St - City College,1000,40.822008,-73.953676,115,13,(1)
125 St,1000,40.815581,-73.958372,116,14,(1)
116 St - Columbia University,1000,40.807722,-73.96411000000001,117,15,(1)
Cathedral Pkwy,1000,40.803967,-73.966847,118,16,(1)
103 St,1000,40.799446,-73.968379,119,17,(1)
96 St,1000,40.793919,-73.972323,120,18,(2/1/3)
86 St,1000,40.788644,-73.976218,121,19,(1)
79 St,1000,40.783934,-73.979917,122,20,(1)
72 St,1000,40.778453,-73.98197,123,21,(1/2)
66 St - Lincoln Center,1000,40.77344,-73.982209,124,22,(1)
59 St - Columbus Circle,1000,40.768247,-73.98192899999999,125,23,(1)
50 St,1000,40.761728,-73.98384900000001,126,24,(1)
Times Sq - 42 St,1000,40.75529,-73.987495,127,25,(1/3)
34 St - Penn Station,1000,40.750373,-73.991057,128,26,(2/3)
28 St,1000,40.747215,-73.993365,129,27,(2/1)
23 St,1000,40.744081,-73.99565699999999,130,28,(2/1)
18 St,1000,40.74104,-73.997871,131,29,(2)
14 St,1000,40.737826,-74.000201,132,30,(3/1)
Christopher St - Sheridan Sq,1000,40.733422,-74.002906,133,31,(1)
Houston St,1000,40.728251,-74.00536700000001,134,32,(1)
Canal St,1000,40.722854,-74.006277,135,33,(2/1)
Franklin St,1000,40.719318,-74.00688599999999,136,34,(2)
Chambers St,1000,40.715478,-74.009266,137,35,(2/1)
Cortlandt St,1000,40.711835,-74.012188,138,36,(1)
Rector St,1000,40.707513,-74.013783,139,37,(1/2)
South Ferry Loop,1000,40.701411,-74.013205,140,38,(NA)
South Ferry,1000,40.702068,-74.01366400000001,142,39,(1)
Wakefield - 241 St,1000,40.903125,-73.85062000000001,201,40,(5)
Nereid Av,1000,40.898379,-73.854376,204,41,(5/2)
233 St,1000,40.893193,-73.857473,205,42,(5/2)
225 St,1000,40.888022,-73.86034100000001,206,43,(5)
219 St,1000,40.883895,-73.862633,207,44,(2)
Gun Hill Rd,1000,40.87785,-73.86625600000001,208,45,(5)
Burke Av,1000,40.871356,-73.867164,209,46,(5)
Allerton Av,1000,40.865462,-73.867352,210,47,(5)
Pelham Pkwy,1000,40.857192,-73.867615,211,48,(5/2)
Bronx Park East,1000,40.848828,-73.86845700000001,212,49,(5/2)
E 180 St,1000,40.841894,-73.873488,213,50,(2/5)
West Farms Sq - E Tremont Av,1000,40.840295,-73.880049,214,51,(5)
174 St,1000,40.837288,-73.887734,215,52,(5/2)
Freeman St,1000,40.829993,-73.891865,216,53,(2/5)
Simpson St,1000,40.824073,-73.893064,217,54,(5)
Intervale Av,1000,40.822181,-73.896736,218,55,(2/5)
Prospect Av,1000,40.819585,-73.90177,219,56,(2)
Jackson Av,1000,40.81649,-73.90780700000001,220,57,(5)
3 Av - 149 St,1000,40.816109,-73.917757,221,58,(5/2)
149 St - Grand Concourse,1000,40.81841,-73.92671799999999,222,59,(5/2)
135 St,1000,40.814229,-73.94077,224,60,(3/2)
125 St,1000,40.807754,-73.94549499999999,225,61,(3/2)
116 St,1000,40.802098,-73.949625,226,62,(3)
Central Park North (110 St),1000,40.799075,-73.95182200000001,227,63,(3/2)
Park Pl,1000,40.713051,-74.00881099999999,228,64,(2)
Fulton St,1000,40.709416,-74.00657099999999,229,65,(3/2)
Wall St,1000,40.706821,-74.0091,230,66,(2/3)
Clark St,1000,40.697466,-73.99308600000001,231,67,(2/3)
Borough Hall,1000,40.693219,-73.989998,232,68,(2/3)
Hoyt St,1000,40.690545,-73.98506500000001,233,69,(2)
Nevins St,1000,40.688246,-73.980492,234,70,(4/2)
Atlantic Av - Barclays Ctr,1000,40.684359,-73.977666,235,71,(5/2/4)
Bergen St,1000,40.680829,-73.975098,236,72,(4/5)
Grand Army Plaza,1000,40.675235,-73.971046,237,73,(5/4)
Eastern Pkwy - Brooklyn Museum,1000,40.671987,-73.964375,238,74,(2/3)
Franklin Av,1000,40.670682,-73.958131,239,75,(2/4)
President St,1000,40.667883,-73.950683,241,76,(5)
Sterling St,1000,40.662742,-73.95085,242,77,(5)
Winthrop St,1000,40.656652,-73.9502,243,78,(5/2)
Church Av,1000,40.650843,-73.949575,244,79,(5)
Beverly Rd,1000,40.645098,-73.948959,245,80,(5)
Newkirk Av,1000,40.639967,-73.94841099999999,246,81,(5/2)
Flatbush Av - Brooklyn College,1000,40.632836,-73.947642,247,82,(5)
Nostrand Av,1000,40.669847,-73.95046600000001,248,83,(4)
Kingston Av,1000,40.669399,-73.942161,249,84,(4)
Crown Hts - Utica Av,1000,40.668897,-73.932942,250,85,(4)
Sutter Av - Rutland Rd,1000,40.664717,-73.92261000000001,251,86,(4)
Saratoga Av,1000,40.661453,-73.916327,252,87,(4)
Rockaway Av,1000,40.662549,-73.908946,253,88,(3)
Junius St,1000,40.663515,-73.902447,254,89,(4)
Pennsylvania Av,1000,40.664635,-73.89489500000001,255,90,(4)
Van Siclen Av,1000,40.665449,-73.88939499999999,256,91,(4)
New Lots Av,1000,40.666235,-73.884079,257,92,(3)
Harlem - 148 St,1000,40.82388,-73.93647,301,93,(3)
145 St,1000,40.820421,-73.936245,302,94,(3)
Woodlawn,1000,40.886037,-73.87875099999999,401,95,(4)
Mosholu Pkwy,1000,40.87975,-73.884655,402,96,(4)
Bedford Park Blvd - Lehman College,1000,40.873412,-73.890064,405,97,(4)
Kingsbridge Rd,1000,40.86776,-73.89717400000001,406,98,(4)
Fordham Rd,1000,40.862803,-73.901034,407,99,(4)
183 St,1000,40.858407,-73.903879,408,100,(4)
Burnside Av,1000,40.853453,-73.907684,409,101,(4)
176 St,1000,40.84848,-73.911794,410,102,(4)
Mt Eden Av,1000,40.844434,-73.91468500000001,411,103,(4)
170 St,1000,40.840075,-73.91779099999999,412,104,(4)
167 St,1000,40.835537,-73.92140000000001,413,105,(4)
161 St - Yankee Stadium,1000,40.827994,-73.925831,414,106,(4)
149 St - Grand Concourse,1000,40.818375,-73.927351,415,107,(4)
138 St - Grand Concourse,1000,40.813224,-73.929849,416,108,(4/5)
Fulton St,1000,40.710368,-74.00950899999999,418,109,(5/4)
Wall St,1000,40.707557,-74.01186199999999,419,110,(5)
Bowling Green,1000,40.704817,-74.014065,420,111,(4)
Borough Hall,1000,40.692404,-73.990151,423,112,(5)
Eastchester - Dyre Av,1000,40.8883,-73.830834,501,113,(5)
Baychester Av,1000,40.878663,-73.83859099999999,502,114,(5)
Gun Hill Rd,1000,40.869526,-73.846384,503,115,(5/2)
Pelham Pkwy,1000,40.858985,-73.85535900000001,504,116,(2)
Morris Park,1000,40.854364,-73.860495,505,117,(2)
Pelham Bay Park,1000,40.852462,-73.828121,601,118,(6)
Buhre Av,1000,40.84681,-73.83256900000001,602,119,(6)
Middletown Rd,1000,40.843863,-73.836322,603,120,(6)
Westchester Sq - E Tremont Av,1000,40.839892,-73.842952,604,121,(6)
Zerega Av,1000,40.836488,-73.847036,606,122,(6)
Castle Hill Av,1000,40.834255,-73.85122200000001,607,123,(6)
Parkchester,1000,40.833226,-73.860816,608,124,(6X/6)
St Lawrence Av,1000,40.831509,-73.86761799999999,609,125,(6)
Morrison Av- Sound View,1000,40.829521,-73.874516,610,126,(6)
Elder Av,1000,40.828584,-73.879159,611,127,(6)
Whitlock Av,1000,40.826525,-73.88628300000001,612,128,(6)
Hunts Point Av,1000,40.820948,-73.89054899999999,613,129,(6/6X)
Longwood Av,1000,40.816104,-73.896435,614,130,(6)
E 149 St,1000,40.812118,-73.90409800000001,615,131,(6)
E 143 St - St Mary's St,1000,40.808719,-73.907657,616,132,(6)
Cypress Av,1000,40.805368,-73.914042,617,133,(6)
Brook Av,1000,40.807566,-73.91924,618,134,(6)
3 Av - 138 St,1000,40.810476,-73.926138,619,135,(6/6X)
125 St,1000,40.804138,-73.937594,621,136,(5/4/6)
116 St,1000,40.798629,-73.94161699999999,622,137,(6)
110 St,1000,40.79502,-73.94425,623,138,(6X/6)
103 St,1000,40.7906,-73.947478,624,139,(6)
96 St,1000,40.785672,-73.95107,625,140,(6)
86 St,1000,40.779492,-73.955589,626,141,(6/5/4)
77 St,1000,40.77362,-73.959874,627,142,(6)
68 St - Hunter College,1000,40.768141,-73.96387,628,143,(6)
59 St,1000,40.762526,-73.967967,629,144,(5/6/4/6X
51 St,1000,40.757107,-73.97192,630,145,(6)
Grand Central - 42 St,1000,40.751776,-73.976848,631,146,(6/5/4)
33 St,1000,40.746081,-73.98207600000001,632,147,(6)
28 St,1000,40.74307,-73.984264,633,148,(6)
23 St,1000,40.739864,-73.986599,634,149,(6)
14 St - Union Sq,1000,40.734673,-73.98995100000001,635,150,(4/5/6)
Astor Pl,1000,40.730054,-73.99106999999999,636,151,(6)
Bleecker St,1000,40.725915,-73.994659,637,152,(6)
Spring St,1000,40.722301,-73.997141,638,153,(6)
Canal St,1000,40.718803,-74.000193,639,154,(6)
Brooklyn Bridge - City Hall,1000,40.713065,-74.004131,640,155,(5/4/6)
Flushing - Main St,1000,40.7596,-73.83002999999999,701,156,(7)
Mets - Willets Point,1000,40.754622,-73.845625,702,157,(7/7X)
111 St,1000,40.75173,-73.855334,705,158,(7)
103 St - Corona Plaza,1000,40.749865,-73.8627,706,159,(7)
Junction Blvd,1000,40.749145,-73.86952700000001,707,160,(7/7X)
90 St - Elmhurst Av,1000,40.748408,-73.87661300000001,708,161,(7)
82 St - Jackson Hts,1000,40.747659,-73.883697,709,162,(7)
74 St - Broadway,1000,40.746848,-73.89139400000001,710,163,(7)
69 St,1000,40.746325,-73.89640300000001,711,164,(7)
Woodside - 61 St,1000,40.74563,-73.902984,712,165,(7/7X)
52 St,1000,40.744149,-73.912549,713,166,(7)
46 St,1000,40.743132,-73.918435,714,167,(7)
40 St,1000,40.743781,-73.924016,715,168,(7)
33 St,1000,40.744587,-73.93099700000001,716,169,(7)
Queensboro Plaza,1000,40.750582,-73.940202,718,170,(7X/7)
Court Sq,1000,40.747023,-73.945264,719,171,(7/7X)
Hunters Point Av,1000,40.742216,-73.948916,720,172,(7)
Vernon Blvd - Jackson Av,1000,40.742626,-73.953581,721,173,(7)
Grand Central - 42 St,1000,40.751431,-73.976041,723,174,(7)
5 Av,1000,40.753821,-73.98196299999999,724,175,(7)
Times Sq - 42 St,1000,40.755477,-73.987691,725,176,(7)
34 St - 11 Av,1000,40.755882,-74.00191,726,177,(7)
Grand Central - 42 St,1000,40.752769,-73.97918900000001,901,178,(GS)
Times Sq - 42 St,1000,40.755983,-73.98622899999999,902,179,(GS)
Inwood - 207 St,1000,40.868072,-73.919899,A02,180,(A)
Dyckman St,1000,40.865491,-73.92727100000001,A03,181,(A)
190 St,1000,40.859022,-73.93418,A05,182,(A)
181 St,1000,40.851695,-73.937969,A06,183,(A)
175 St,1000,40.847391,-73.93970400000001,A07,184,(A)
168 St,1000,40.840719,-73.939561,A09,185,(A/C)
163 St - Amsterdam Av,1000,40.836013,-73.939892,A10,186,(A/C)
155 St,1000,40.830518,-73.941514,A11,187,(A/C)
145 St,1000,40.824783,-73.944216,A12,188,(C/A)
135 St,1000,40.817894,-73.947649,A14,189,(C/B)
125 St,1000,40.811109,-73.952343,A15,190,(C/A/D)
116 St,1000,40.805085,-73.954882,A16,191,(C/B)
Cathedral Pkwy (110 St),1000,40.800603,-73.958161,A17,192,(C)
103 St,1000,40.796092,-73.961454,A18,193,(B/C)
96 St,1000,40.791642,-73.964696,A19,194,(C)
86 St,1000,40.785868,-73.96891599999999,A20,195,(B/C)
81 St - Museum of Natural History,1000,40.781433,-73.972143,A21,196,(C)
72 St,1000,40.775594,-73.97641,A22,197,(C)
59 St - Columbus Circle,1000,40.768296,-73.981736,A24,198,(D/C/A)
50 St,1000,40.762456,-73.985984,A25,199,(A/E/C)
42 St - Port Authority Bus Terminal,1000,40.757308,-73.989735,A27,200,(C/A)
34 St - Penn Station,1000,40.752287,-73.993391,A28,201,(A/E)
23 St,1000,40.745906,-73.998041,A30,202,(A/C)
14 St,1000,40.740893,-74.00169,A31,203,(A/C)
W 4 St,1000,40.732338,-74.000495,A32,204,(E/A)
Spring St,1000,40.726227,-74.003739,A33,205,(A/E)
Canal St,1000,40.720824,-74.005229,A34,206,(C/E/A)
Chambers St,1000,40.714111,-74.008585,A36,207,(A/C)
Fulton St,1000,40.710197,-74.00769099999999,A38,208,(C/A)
High St,1000,40.699337,-73.990531,A40,209,(A/C)
Jay St - MetroTech,1000,40.692338,-73.987342,A41,210,(C/F)
Hoyt - Schermerhorn Sts,1000,40.688484,-73.985001,A42,211,(A/C/G)
Lafayette Av,1000,40.686113,-73.973946,A43,212,(C)
Clinton - Washington Avs,1000,40.683263,-73.96583800000001,A44,213,(C)
Franklin Av,1000,40.68138,-73.95684799999999,A45,214,(C)
Nostrand Av,1000,40.680438,-73.95042599999999,A46,215,(A/C)
Kingston - Throop Avs,1000,40.679921,-73.94085800000001,A47,216,(A/C)
Utica Av,1000,40.679364,-73.930729,A48,217,(A/C)
Ralph Av,1000,40.678822,-73.92078600000001,A49,218,(A)
Rockaway Av,1000,40.67834,-73.911946,A50,219,(C)
Broadway Jct,1000,40.678334,-73.905316,A51,220,(A)
Liberty Av,1000,40.674542,-73.896548,A52,221,(C/A)
Van Siclen Av,1000,40.67271,-73.89035800000001,A53,222,(A/C)
Shepherd Av,1000,40.67413,-73.88075000000001,A54,223,(A)
Euclid Av,1000,40.675377,-73.872106,A55,224,(A/C)
Grant Av,1000,40.677044,-73.86505,A57,225,(A)
80 St,1000,40.679371,-73.858992,A59,226,(A)
88 St,1000,40.679843,-73.85147000000001,A60,227,(A)
Rockaway Blvd,1000,40.680429,-73.843853,A61,228,(A)
104 St,1000,40.681711,-73.837683,A63,229,(A)
111 St,1000,40.684331,-73.83216299999999,A64,230,(A)
Ozone Park - Lefferts Blvd,1000,40.685951,-73.82579800000001,A65,231,(A)
21 St - Queensbridge,1000,40.754203,-73.942836,B04,232,(F)
Roosevelt Island,1000,40.759145,-73.95326,B06,233,(F)
Lexington Av/63 St,1000,40.764629,-73.96611300000001,B08,234,(Q/F)
57 St,1000,40.763972,-73.97745000000001,B10,235,(F)
9 Av,1000,40.646292,-73.99432400000001,B12,236,(D)
Fort Hamilton Pkwy,1000,40.640914,-73.994304,B13,237,(D)
50 St,1000,40.63626,-73.99479100000001,B14,238,(D)
55 St,1000,40.631435,-73.995476,B15,239,(D)
62 St,1000,40.626472,-73.996895,B16,240,(D)
71 St,1000,40.619589,-73.998864,B17,241,(D)
79 St,1000,40.613501,-74.00061,B18,242,(D)
18 Av,1000,40.607954,-74.00173599999999,B19,243,(D)
20 Av,1000,40.604556,-73.99816800000001,B20,244,(D)
Bay Pkwy,1000,40.601875,-73.993728,B21,245,(D)
25 Av,1000,40.597704,-73.986829,B22,246,(D)
Bay 50 St,1000,40.588841,-73.98376500000001,B23,247,(D)
Norwood - 205 St,1000,40.874811,-73.878855,D01,248,(D)
Bedford Park Blvd,1000,40.873244,-73.88713799999999,D03,249,(D)
Kingsbridge Rd,1000,40.866978,-73.893509,D04,250,(D)
Fordham Rd,1000,40.861296,-73.89774900000001,D05,251,(D)
182-183 Sts,1000,40.856093,-73.900741,D06,252,(D)
Tremont Av,1000,40.85041,-73.905227,D07,253,(D)
174-175 Sts,1000,40.8459,-73.91013599999999,D08,254,(D)
170 St,1000,40.839306,-73.9134,D09,255,(B/D)
167 St,1000,40.833771,-73.91844,D10,256,(D)
161 St - Yankee Stadium,1000,40.827905,-73.925651,D11,257,(D)
155 St,1000,40.830135,-73.938209,D12,258,(D/B)
145 St,1000,40.824783,-73.944216,D13,259,(D/B)
7 Av,1000,40.762862,-73.98163700000001,D14,260,(E/D)
47-50 Sts - Rockefeller Ctr,1000,40.758663,-73.981329,D15,261,(F/M/D)
42 St - Bryant Pk,1000,40.754222,-73.98456899999999,D16,262,(D/B)
34 St - Herald Sq,1000,40.749719,-73.98782300000001,D17,263,(F/D)
23 St,1000,40.742878,-73.99282100000001,D18,264,(F)
14 St,1000,40.738228,-73.99620899999999,D19,265,(F)
W 4 St,1000,40.732338,-74.000495,D20,266,(M/D)
Broadway-Lafayette St,1000,40.725297,-73.99620400000001,D21,267,(D/M/F/B
Grand St,1000,40.718267,-73.993753,D22,268,(D/B)
Atlantic Av - Barclays Ctr,1000,40.68446,-73.97689,D24,269,(Q)
7 Av,1000,40.67705,-73.97236700000001,D25,270,(Q)
Prospect Park,1000,40.661614,-73.96224599999999,D26,271,(B/Q/FS)
Parkside Av,1000,40.655292,-73.961495,D27,272,(Q)
Church Av,1000,40.650527,-73.962982,D28,273,(Q/B)
Beverley Rd,1000,40.644031,-73.96449200000001,D29,274,(Q)
Cortelyou Rd,1000,40.640927,-73.963891,D30,275,(Q)
Newkirk Plaza,1000,40.635082,-73.96279300000001,D31,276,(B/Q)
Avenue H,1000,40.62927,-73.96163900000001,D32,277,(Q)
Avenue J,1000,40.625039,-73.960803,D33,278,(Q)
Avenue M,1000,40.617618,-73.95939900000001,D34,279,(Q)
Kings Hwy,1000,40.60867,-73.957734,D35,280,(B/Q)
Avenue U,1000,40.5993,-73.955929,D37,281,(Q)
Neck Rd,1000,40.595246,-73.955161,D38,282,(Q)
Sheepshead Bay,1000,40.586896,-73.954155,D39,283,(B/Q)
Brighton Beach,1000,40.577621,-73.961376,D40,284,(Q)
Ocean Pkwy,1000,40.576312,-73.968501,D41,285,(Q)
W 8 St - NY Aquarium,1000,40.576127,-73.975939,D42,286,(Q/F)
Coney Island - Stillwell Av,1000,40.577422,-73.981233,D43,287,(D/Q/N)
World Trade Center,1000,40.712582,-74.009781,E01,288,(E)
Jamaica - 179 St,1000,40.712646,-73.783817,F01,289,(E/F)
169 St,1000,40.71047,-73.793604,F02,290,(F)
Parsons Blvd,1000,40.707564,-73.803326,F03,291,(E/F)
Sutphin Blvd,1000,40.70546,-73.81070800000001,F04,292,(F)
Briarwood - Van Wyck Blvd,1000,40.709179,-73.82057399999999,F05,293,(E/F)
Kew Gardens - Union Tpke,1000,40.714441,-73.831008,F06,294,(E)
75 Av,1000,40.718331,-73.837324,F07,295,(F/E)
Court Sq,1000,40.747846,-73.946,F09,296,(E)
Lexington Av/53 St,1000,40.757552,-73.969055,F11,297,(E)
5 Av/53 St,1000,40.760167,-73.975224,F12,298,(M/E)
2 Av,1000,40.723402,-73.989938,F14,299,(F)
Delancey St,1000,40.718611,-73.988114,F15,300,(F)
East Broadway,1000,40.713715,-73.990173,F16,301,(F)
York St,1000,40.701397,-73.986751,F18,302,(F)
Bergen St,1000,40.686145,-73.99086200000001,F20,303,(F/G)
Carroll St,1000,40.680303,-73.995048,F21,304,(G)
Smith - 9 Sts,1000,40.67358,-73.995959,F22,305,(F/G)
4 Av,1000,40.670272,-73.989779,F23,306,(F/G)
7 Av,1000,40.666271,-73.980305,F24,307,(G/F)
15 St - Prospect Park,1000,40.660365,-73.97949300000001,F25,308,(F/G)
Fort Hamilton Pkwy,1000,40.650782,-73.975776,F26,309,(F)
Church Av,1000,40.644041,-73.97967800000001,F27,310,(F)
Ditmas Av,1000,40.636119,-73.978172,F29,311,(F)
18 Av,1000,40.629755,-73.97697100000001,F30,312,(F)
Avenue I,1000,40.625322,-73.97612700000001,F31,313,(F)
Bay Pkwy,1000,40.620769,-73.975264,F32,314,(F)
Avenue N,1000,40.61514,-73.974197,F33,315,(F)
Avenue P,1000,40.608944,-73.973022,F34,316,(F)
Kings Hwy,1000,40.603217,-73.97236100000001,F35,317,(F)
Avenue U,1000,40.596063,-73.97335699999999,F36,318,(F)
Avenue X,1000,40.58962,-73.97425,F38,319,(F)
Neptune Av,1000,40.581011,-73.974574,F39,320,(F)
Jamaica Center - Parsons/Archer,1000,40.702147,-73.801109,G05,321,(J)
Sutphin Blvd - Archer Av - JFK Airport,1000,40.700486,-73.807969,G06,322,(J/E)
Jamaica - Van Wyck,1000,40.702566,-73.81685899999999,G07,323,(E)
Forest Hills - 71 Av,1000,40.721691,-73.844521,G08,324,(E/M/F)
67 Av,1000,40.726523,-73.85271899999999,G09,325,(R)
63 Dr - Rego Park,1000,40.729846,-73.861604,G10,326,(M)
Woodhaven Blvd,1000,40.733106,-73.869229,G11,327,(R)
Grand Av - Newtown,1000,40.737015,-73.877223,G12,328,(R)
Elmhurst Av,1000,40.742454,-73.88201700000001,G13,329,(R)
Jackson Hts - Roosevelt Av,1000,40.746644,-73.89133800000001,G14,330,(R/E/F)
65 St,1000,40.749669,-73.898453,G15,331,(R/M)
Northern Blvd,1000,40.752885,-73.90600600000001,G16,332,(R)
46 St,1000,40.756312,-73.91333299999999,G18,333,(R/M)
Steinway St,1000,40.756879,-73.92074,G19,334,(R)
36 St,1000,40.752039,-73.928781,G20,335,(M)
Queens Plaza,1000,40.748973,-73.937243,G21,336,(E/R)
Court Sq,1000,40.746554,-73.943832,G22,337,(G)
21 St,1000,40.744065,-73.949724,G24,338,(G)
Greenpoint Av,1000,40.731352,-73.954449,G26,339,(G)
Nassau Av,1000,40.724635,-73.95127700000001,G28,340,(G)
Metropolitan Av,1000,40.712792,-73.951418,G29,341,(G)
Broadway,1000,40.706092,-73.95030800000001,G30,342,(G)
Flushing Av,1000,40.700377,-73.950234,G31,343,(G)
Myrtle - Willoughby Avs,1000,40.694568,-73.949046,G32,344,(G)
Bedford - Nostrand Avs,1000,40.689627,-73.95352200000001,G33,345,(G)
Classon Av,1000,40.688873,-73.96007,G34,346,(G)
Clinton - Washington Avs,1000,40.688089,-73.96683899999999,G35,347,(G)
Fulton St,1000,40.687119,-73.975375,G36,348,(G)
Aqueduct Racetrack,1000,40.668234,-73.834058,H01,349,(A)
Aqueduct - N Conduit Av,1000,40.668234,-73.834058,H02,350,(A)
Howard Beach - JFK Airport,1000,40.660476,-73.83030100000001,H03,351,(A)
Broad Channel,1000,40.608382,-73.81592499999999,H04,352,(H/A)
Beach 67 St,1000,40.590927,-73.796924,H06,353,(A)
Beach 60 St,1000,40.592374,-73.788522,H07,354,(A)
Beach 44 St,1000,40.592943,-73.77601300000001,H08,355,(A)
Beach 36 St,1000,40.595398,-73.768175,H09,356,(A)
Beach 25 St,1000,40.600066,-73.761353,H10,357,(A)
Far Rockaway - Mott Av,1000,40.603995,-73.755405,H11,358,(A)
Beach 90 St,1000,40.588034,-73.813641,H12,359,(H)
Beach 98 St,1000,40.585307,-73.82055800000001,H13,360,(H)
Beach 105 St,1000,40.583209,-73.82755899999999,H14,361,(H/A)
Rockaway Park - Beach 116 St,1000,40.580903,-73.83559200000001,H15,362,(H)
Broad Channel,1000,40.609014,-73.816024,H19,363,(NA)
121 St,1000,40.700492,-73.828294,J12,364,(J/Z)
111 St,1000,40.697418,-73.83634499999999,J13,365,(J)
104 St,1000,40.695178,-73.84433,J14,366,(Z/J)
Woodhaven Blvd,1000,40.693879,-73.85157599999999,J15,367,(Z/J)
85 St - Forest Pkwy,1000,40.692435,-73.86001,J16,368,(J)
75 St,1000,40.691324,-73.867139,J17,369,(J/Z)
Cypress Hills,1000,40.689941,-73.87255,J19,370,(J)
Crescent St,1000,40.683194,-73.873785,J20,371,(J/Z)
Norwood Av,1000,40.68141,-73.880039,J21,372,(J/Z)
Cleveland St,1000,40.679947,-73.88463900000001,J22,373,(J)
Van Siclen Av,1000,40.678024,-73.891688,J23,374,(J/Z)
Alabama Av,1000,40.676992,-73.89865399999999,J24,375,(J/Z)
Broadway Jct,1000,40.679498,-73.904512,J27,376,(M/J/Z)
Chauncey St,1000,40.682893,-73.910456,J28,377,(J/M)
Halsey St,1000,40.68637,-73.91655900000001,J29,378,(J/M)
Gates Av,1000,40.68963,-73.92227,J30,379,(M/J)
Kosciuszko St,1000,40.693342,-73.928814,J31,380,(J/M)
8 Av,1000,40.739777,-74.002578,L01,381,(L)
6 Av,1000,40.737335,-73.996786,L02,382,(L)
Union Sq - 14 St,1000,40.734789,-73.99073,L03,383,(L)
3 Av,1000,40.732849,-73.986122,L05,384,(L)
1 Av,1000,40.730953,-73.981628,L06,385,(L)
Bedford Av,1000,40.717304,-73.956872,L08,386,(L)
Lorimer St,1000,40.714063,-73.95027500000001,L10,387,(L)
Graham Av,1000,40.714565,-73.944053,L11,388,(L)
Grand St,1000,40.711926,-73.94067,L12,389,(L)
Montrose Av,1000,40.707739,-73.93985000000001,L13,390,(L)
Morgan Av,1000,40.706152,-73.93314700000001,L14,391,(L)
Jefferson St,1000,40.706607,-73.92291299999999,L15,392,(L)
DeKalb Av,1000,40.703811,-73.918425,L16,393,(L)
Myrtle - Wyckoff Avs,1000,40.699814,-73.911586,L17,394,(L)
Halsey St,1000,40.695602,-73.904084,L19,395,(L)
Wilson Av,1000,40.688764,-73.90404599999999,L20,396,(L)
Bushwick Av - Aberdeen St,1000,40.682829,-73.905249,L21,397,(L)
Broadway Jct,1000,40.678856,-73.90324,L22,398,(L)
Atlantic Av,1000,40.675345,-73.903097,L24,399,(L)
Sutter Av,1000,40.669367,-73.90197499999999,L25,400,(L)
Livonia Av,1000,40.664038,-73.900571,L26,401,(L)
New Lots Av,1000,40.658733,-73.899232,L27,402,(L)
E 105 St,1000,40.650573,-73.899485,L28,403,(L)
Canarsie - Rockaway Pkwy,1000,40.646654,-73.90185,L29,404,(L)
Middle Village - Metropolitan Av,1000,40.711396,-73.889601,M01,405,(M)
Fresh Pond Rd,1000,40.706186,-73.895877,M04,406,(M)
Forest Av,1000,40.704423,-73.903077,M05,407,(M)
Seneca Av,1000,40.702762,-73.90774,M06,408,(M)
Myrtle - Wyckoff Avs,1000,40.69943,-73.912385,M08,409,(M)
Knickerbocker Av,1000,40.698664,-73.91971100000001,M09,410,(NA)
Central Av,1000,40.697857,-73.927397,M10,411,(NA)
Myrtle Av,1000,40.697207,-73.93565700000001,M11,412,(M/J)
Flushing Av,1000,40.70026,-73.941126,M12,413,(M/J)
Lorimer St,1000,40.703869,-73.947408,M13,414,(J/M)
Hewes St,1000,40.70687,-73.953431,M14,415,(J/M)
Marcy Av,1000,40.708359,-73.957757,M16,416,(J/M)
Essex St,1000,40.718315,-73.987437,M18,417,(J/M)
Bowery,1000,40.72028,-73.993915,M19,418,(J/M)
Canal St,1000,40.718092,-73.999892,M20,419,(J/M)
Chambers St,1000,40.713243,-74.003401,M21,420,(J)
Fulton St,1000,40.710374,-74.007582,M22,421,(J)
Broad St,1000,40.706476,-74.011056,M23,422,(J)
8 Av,1000,40.635064,-74.011719,N02,423,(N)
Fort Hamilton Pkwy,1000,40.631386,-74.00535100000001,N03,424,(N)
New Utrecht Av,1000,40.624842,-73.996353,N04,425,(N)
18 Av,1000,40.620671,-73.990414,N05,426,(N)
20 Av,1000,40.61741,-73.98502600000001,N06,427,(N)
Bay Pkwy,1000,40.611815,-73.981848,N07,428,(N)
Kings Hwy,1000,40.603923,-73.98035299999999,N08,429,(N)
Avenue U,1000,40.597473,-73.97913699999999,N09,430,(N)
86 St,1000,40.592721,-73.97823,N10,431,(N)
S.B. Coney Island,1000,40.577422,-73.981233,N12,432,(NA)
Canal St,1000,40.718383,-74.00046,Q01,433,(Q/N)
72 St,1000,40.768799,-73.95842399999999,Q03,434,(Q)
86 St,1000,40.777891,-73.951787,Q04,435,(Q)
96 St,1000,40.784318,-73.947152,Q05,436,(Q)
Astoria - Ditmars Blvd,1000,40.775036,-73.91203400000001,R01,437,(N)
Astoria Blvd,1000,40.770258,-73.91784300000001,R03,438,(N/W)
30 Av,1000,40.766779,-73.92147900000001,R04,439,(N)
Broadway,1000,40.76182,-73.92550799999999,R05,440,(N/W)
36 Av,1000,40.756804,-73.929575,R06,441,(W/N)
39 Av,1000,40.752882,-73.932755,R08,442,(N)
Queensboro Plaza,1000,40.750582,-73.940202,R09,443,(N)
Lexington Av/59 St,1000,40.76266,-73.967258,R11,444,(R/N)
5 Av/59 St,1000,40.764811,-73.973347,R13,445,(N/R)
57 St - 7 Av,1000,40.764664,-73.98065800000001,R14,446,(R/Q)
49 St,1000,40.759901,-73.984139,R15,447,(R/W)
Times Sq - 42 St,1000,40.754672,-73.98675400000001,R16,448,(R/Q)
34 St - Herald Sq,1000,40.749567,-73.98795,R17,449,(Q/N)
28 St,1000,40.745494,-73.988691,R18,450,(R/N)
23 St,1000,40.741303,-73.989344,R19,451,(W/N)
14 St - Union Sq,1000,40.735736,-73.990568,R20,452,(N/R/Q)
8 St - NYU,1000,40.730328,-73.99262899999999,R21,453,(N/R)
Prince St,1000,40.724329,-73.997702,R22,454,(W/N)
Canal St,1000,40.719527,-74.001775,R23,455,(R/W)
City Hall,1000,40.713282,-74.006978,R24,456,(N/R)
Cortlandt St,1000,40.710668,-74.01102899999999,R25,457,(N)
Rector St,1000,40.70722,-74.01334199999999,R26,458,(N/R)
Whitehall St,1000,40.703087,-74.01299400000001,R27,459,(N/R)
Court St,1000,40.6941,-73.991777,R28,460,(R/N)
Jay St - MetroTech,1000,40.69218,-73.98594199999999,R29,461,(N)
DeKalb Av,1000,40.690635,-73.981824,R30,462,(N/D/Q)
Atlantic Av - Barclays Ctr,1000,40.683666,-73.97881,R31,463,(D/N/R)
Union St,1000,40.677316,-73.98311,R32,464,(D/R)
9 St,1000,40.670847,-73.988302,R33,465,(R)
Prospect Av,1000,40.665414,-73.99287200000001,R34,466,(R)
25 St,1000,40.660397,-73.998091,R35,467,(D/R)
36 St,1000,40.655144,-74.00354900000001,R36,468,(R/D/N)
45 St,1000,40.648939,-74.010006,R39,469,(R)
53 St,1000,40.645069,-74.014034,R40,470,(N/R)
59 St,1000,40.641362,-74.017881,R41,471,(R/N)
Bay Ridge Av,1000,40.634967,-74.023377,R42,472,(R)
77 St,1000,40.629742,-74.02551,R43,473,(R)
86 St,1000,40.622687,-74.028398,R44,474,(R)
Bay Ridge - 95 St,1000,40.616622,-74.03087600000001,R45,475,(R)
Franklin Av,1000,40.680596,-73.955827,S01,476,(FS)
Park Pl,1000,40.674772,-73.957624,S03,477,(FS)
Botanic Garden,1000,40.670343,-73.959245,S04,478,(FS)
Tottenville,1000,40.512764,-74.25196099999999,S09,479,(SI)
Atlantic,1000,40.515401,-74.245689,S10,480,(NA)
Arthur Kill,1000,40.516578,-74.242096,S11,481,(SI)
Nassau,1000,40.517812,-74.238373,S12,482,(NA)
Richmond Valley,1000,40.519631,-74.229141,S13,483,(SI)
Pleasant Plains,1000,40.52241,-74.21784700000001,S14,484,(SI)
Prince's Bay,1000,40.525507,-74.200064,S15,485,(SI)
Huguenot,1000,40.533674,-74.191794,S16,486,(SI)
Annadale,1000,40.54046,-74.178217,S17,487,(SI)
Eltingville,1000,40.544601,-74.16457,S18,488,(SI)
Great Kills,1000,40.551231,-74.151399,S19,489,(SI)
Bay Terrace,1000,40.5564,-74.13690699999999,S20,490,(SI)
Oakwood Heights,1000,40.56511,-74.12632000000001,S21,491,(SI)
New Dorp,1000,40.57348,-74.11721,S22,492,(SI)
Grant City,1000,40.578965,-74.10970399999999,S23,493,(SI)
Jefferson Av,1000,40.583591,-74.10333799999999,S24,494,(SI)
Dongan Hills,1000,40.588849,-74.09609,S25,495,(SI)
Old Town,1000,40.596612,-74.087368,S26,496,(SI)
Grasmere,1000,40.603117,-74.084087,S27,497,(SI)
Clifton,1000,40.621319,-74.07140200000001,S28,498,(SI)
Stapleton,1000,40.627915,-74.07516200000001,S29,499,(SI)
Tompkinsville,1000,40.636949,-74.07483499999999,S30,500,(SI)
St George,1000,40.643748,-74.073643,S31,501,(SI)
