from_stop_nb,to_stop_nb,dis_line,min_time_elapsed,from_stop_id,to_stop_id,route_id
185,10,15000,.18,A09,112,
198,23,15000,.18,A24,125,
448,25,15000,.18,R16,127,
179,25,15000,.18,902,127,
200,25,25000,.3,A27,127,
176,25,15000,.18,725,127,
382,30,15000,.18,L02,132,
265,30,25000,.3,D19,132,
459,38,10000,.12,R27,140,
107,59,15000,.18,415,222,
288,64,15000,.18,E01,228,
207,64,15000,.18,A36,228,
421,65,25000,.3,M22,229,
109,65,25000,.3,418,229,
208,65,15000,.18,A38,229,
460,68,15000,.18,R28,232,
112,68,25000,.3,423,232,
269,71,15000,.18,D24,235,
463,71,15000,.18,R31,235,
478,75,15000,.18,S04,239,
401,89,25000,.3,L26,254,
257,106,15000,.18,D11,414,
59,107,15000,.18,222,415,
65,109,25000,.3,229,418,
208,109,15000,.18,A38,418,
421,109,25000,.3,M22,418,
68,112,25000,.3,232,423,
460,112,15000,.18,R28,423,
234,144,25000,.3,B08,629,
444,144,15000,.18,R11,629,
297,145,15000,.18,F11,630,
174,146,15000,.18,723,631,
178,146,15000,.18,901,631,
452,150,15000,.18,R20,635,
383,150,15000,.18,L03,635,
267,152,15000,.18,D21,637,
433,154,15000,.18,Q01,639,
455,154,15000,.18,R23,639,
419,154,15000,.18,M20,639,
420,155,15000,.18,M21,640,
330,163,15000,.18,G14,710,
443,170,0,0,R09,718,
337,171,15000,.18,G22,719,
296,171,25000,.3,F09,719,
178,174,25000,.3,901,723,
146,174,15000,.18,631,723,
262,175,15000,.18,D16,724,
448,176,15000,.18,R16,725,
179,176,25000,.3,902,725,
25,176,15000,.18,127,725,
200,176,15000,.18,A27,725,
174,178,25000,.3,723,901,
146,178,15000,.18,631,901,
200,179,25000,.3,A27,902,
176,179,25000,.3,725,902,
25,179,15000,.18,127,902,
448,179,15000,.18,R16,902,
10,185,15000,.18,112,A09,
259,188,15000,.18,D13,A12,
23,198,15000,.18,125,A24,
448,200,25000,.3,R16,A27,
179,200,25000,.3,902,A27,
176,200,15000,.18,725,A27,
25,200,25000,.3,127,A27,
381,203,7500.000000000001,.09,L01,A31,
266,204,15000,.18,D20,A32,
288,207,25000,.3,E01,A36,
64,207,15000,.18,228,A36,
109,208,15000,.18,418,A38,
421,208,15000,.18,M22,A38,
65,208,15000,.18,229,A38,
461,210,7500.000000000001,.09,R29,A41,
476,214,15000,.18,S01,A45,
376,220,15000,.18,J27,A51,
398,220,15000,.18,L22,A51,
444,234,25000,.3,R11,B08,
144,234,25000,.3,629,B08,
425,240,15000,.18,N04,B16,
106,257,15000,.18,414,D11,
188,259,15000,.18,A12,D13,
175,262,15000,.18,724,D16,
449,263,15000,.18,R17,D17,
30,265,25000,.3,132,D19,
382,265,15000,.18,L02,D19,
204,266,15000,.18,A32,D20,
152,267,15000,.18,637,D21,
463,269,25000,.3,R31,D24,
71,269,15000,.18,235,D24,
64,288,15000,.18,228,E01,
207,288,25000,.3,A36,E01,
171,296,25000,.3,719,F09,
337,296,15000,.18,G22,F09,
145,297,15000,.18,630,F11,
417,300,15000,.18,M18,F15,
465,306,15000,.18,R33,F23,
163,330,15000,.18,710,G14,
296,337,15000,.18,F09,G22,
171,337,15000,.18,719,G22,
387,341,15000,.18,L10,G29,
398,376,15000,.18,L22,J27,
220,376,15000,.18,A51,J27,
203,381,7500.000000000001,.09,A31,L01,
30,382,15000,.18,132,L02,
265,382,15000,.18,D19,L02,
150,383,15000,.18,635,L03,
452,383,15000,.18,R20,L03,
341,387,15000,.18,G29,L10,
409,394,15000,.18,M08,L17,
376,398,15000,.18,J27,L22,
220,398,15000,.18,A51,L22,
89,401,25000,.3,254,L26,
394,409,15000,.18,L17,M08,
300,417,15000,.18,F15,M18,
154,419,15000,.18,639,M20,
455,419,25000,.3,R23,M20,
433,419,15000,.18,Q01,M20,
155,420,15000,.18,640,M21,
65,421,25000,.3,229,M22,
208,421,15000,.18,A38,M22,
109,421,25000,.3,418,M22,
240,425,15000,.18,B16,N04,
419,433,15000,.18,M20,Q01,
154,433,15000,.18,639,Q01,
455,433,15000,.18,R23,Q01,
170,443,0,0,718,R09,
234,444,25000,.3,B08,R11,
144,444,15000,.18,629,R11,
25,448,15000,.18,127,R16,
176,448,15000,.18,725,R16,
200,448,25000,.3,A27,R16,
179,448,15000,.18,902,R16,
263,449,15000,.18,D17,R17,
383,452,15000,.18,L03,R20,
150,452,15000,.18,635,R20,
419,455,25000,.3,M20,R23,
433,455,15000,.18,Q01,R23,
154,455,15000,.18,639,R23,
38,459,10000,.12,140,R27,
112,460,15000,.18,423,R28,
68,460,15000,.18,232,R28,
210,461,7500.000000000001,.09,A41,R29,
269,463,25000,.3,D24,R31,
71,463,15000,.18,235,R31,
306,465,15000,.18,F23,R33,
214,476,15000,.18,A45,S01,
75,478,15000,.18,239,S04,
2,1,545.063778122075,90,103,101,1
1,2,545.063778122075,90,101,103,1
3,2,727.8405894636287,90,104,103,1
2,3,727.8405894636287,90,103,104,1
4,3,636.7865944629951,90,106,104,1
5,4,731.28143703441,90,107,106,1
3,4,636.7865944629951,90,104,106,1
4,5,731.28143703441,90,106,107,1
6,5,614.1744490445859,60,108,107,1
7,6,725.8026005011971,90,109,108,1
5,6,614.1744490445859,60,107,108,1
6,7,725.8026005011971,90,108,109,1
8,7,674.8129473982701,60,110,109,1
9,8,727.7064824818588,90,111,110,1
7,8,674.8129473982701,90,109,110,1
10,9,1138.170783487414,120,112,111,1
8,9,727.7064824818588,90,110,111,1
9,10,1138.170783487414,120,111,112,1
11,10,828.5445648118443,90,113,112,1
12,11,952.6081496885148,120,114,113,1
10,11,828.5445648118443,90,112,113,1
13,12,577.736446205806,90,115,114,1
11,12,952.6081496885148,120,113,114,1
14,13,817.5391337732432,120,116,115,1
12,13,577.736446205806,90,114,115,1
13,14,817.5391337732432,90,115,116,1
15,14,999.5443324194303,120,117,116,1
14,15,999.5443324194303,120,116,117,1
16,15,477.4010858755461,60,118,117,1
15,16,477.4010858755461,60,117,118,1
17,16,519.5658997006347,90,119,118,1
16,17,519.5658997006347,60,118,119,1
18,17,699.2946653764263,90,120,119,1
21,18,1904.005399276311,150,123,120,2
17,18,699.2946653764263,120,119,120,1
19,18,672.733736947456,90,121,120,1
63,18,1820.510536897784,240,227,120,3
18,19,672.733736947456,120,120,121,2
20,19,610.0032690797165,60,122,121,1
21,20,634.2047709752134,90,123,122,2
19,20,610.0032690797165,60,121,122,1
18,21,1904.005399276311,150,120,123,3
25,21,2620.215959877578,210,127,123,3
20,21,634.2047709752134,90,122,123,1
22,21,558.404949464468,60,124,123,1
21,22,558.404949464468,90,123,124,1
23,22,578.5605174934991,90,125,124,1
22,23,578.5605174934991,90,124,125,1
24,23,743.5236332096267,120,126,125,1
25,24,779.8279523940111,120,127,126,1
23,24,743.5236332096267,120,125,126,1
26,25,624.3576518705412,60,128,127,3
24,25,779.8279523940111,90,126,127,1
21,25,2620.215959877578,240,123,127,2
27,26,401.8315408578673,60,129,128,2
30,26,1595.480883790959,150,132,128,3
25,26,624.3576518705412,60,127,128,3
26,27,401.8315408578673,60,128,129,2
28,27,398.845087348732,60,130,129,1
27,28,398.845087348732,60,129,130,1
29,28,386.6062573974869,60,131,130,2
30,29,408.1996607841649,60,132,131,1
28,29,386.6062573974869,60,130,131,2
35,30,2602.639340088441,270,137,132,2
26,30,1595.480883790959,180,128,132,2
29,30,408.1996607841649,60,131,132,2
31,30,540.7427550520566,90,133,132,1
32,31,611.9207094736979,90,134,133,1
30,31,540.7427550520566,90,132,133,1
31,32,611.9207094736979,90,133,134,1
33,32,605.672829403379,90,135,134,1
32,33,605.672829403379,90,134,135,1
34,33,396.9626193958981,60,136,135,2
33,34,396.9626193958981,60,135,136,2
35,34,472.2807916080817,60,137,136,1
64,35,272.8849177091264,60,228,137,2
34,35,472.2807916080817,60,136,137,2
36,35,474.6003116386042,60,138,137,1
30,35,2602.639340088441,270,132,137,3
37,36,499.5907707810368,60,139,138,1
35,36,474.6003116386042,90,137,138,2
36,37,499.5907707810368,90,138,139,1
39,37,606.2142894741807,120,142,139,1
37,39,606.2142894741807,120,139,142,2
41,40,615.6261468049214,120,204,201,5
42,41,633.3935129425232,90,205,204,2
40,41,615.6261468049214,90,201,204,5
41,42,633.3935129425232,90,204,205,2
43,42,624.178968812103,60,206,205,5
42,43,624.178968812103,60,205,206,5
44,43,498.2643118552989,60,207,206,2
43,44,498.2643118552989,60,206,207,5
45,44,738.7874548758156,90,208,207,5
46,45,726.9335918168732,90,209,208,5
44,45,738.7874548758156,90,207,208,2
47,46,656.3041147446853,60,210,209,5
45,46,726.9335918168732,90,208,209,5
46,47,656.3041147446853,60,209,210,5
48,47,920.8730796262871,120,211,210,2
49,48,933.766161829919,120,212,211,5
47,48,920.8730796262871,120,210,211,5
48,49,933.766161829919,90,211,212,5
50,49,880.5085733264415,120,213,212,5
58,50,4705.640767089664,510,221,213,5
51,50,580.5020382066189,90,214,213,5
49,50,880.5085733264415,120,212,213,2
117,50,1767.483672426491,180,505,213,2
50,51,580.5020382066189,90,213,214,2
52,51,728.6571096487688,90,215,214,5
53,52,883.4688688965022,120,216,215,2
51,52,728.6571096487688,120,214,215,5
54,53,666.7017004861053,60,217,216,5
52,53,883.4688688965022,120,215,216,2
55,54,374.2190032560271,60,218,217,5
53,54,666.7017004861053,90,216,217,5
56,55,513.1739924985826,60,219,218,2
54,55,374.2190032560271,60,217,218,5
55,56,513.1739924985826,60,218,219,2
57,56,614.2983303277626,60,220,219,5
56,57,614.2983303277626,90,219,220,2
58,57,839.3310964705149,120,221,220,2
57,58,839.3310964705149,120,220,221,5
59,58,797.198612702519,90,222,221,5
50,58,4705.640767089664,660,213,221,5
108,59,634.7081657911845,150,416,222,5
58,59,797.198612702519,90,221,222,5
60,59,1272.044462361517,180,224,222,2
59,60,1272.044462361517,180,222,224,2
61,60,823.4201454728828,90,225,224,3
94,60,787.6791374235381,120,302,224,3
62,61,719.3919312035456,90,226,225,3
60,61,823.4201454728828,90,224,225,3
61,62,719.3919312035456,90,225,226,2
63,62,384.0813547945632,60,227,226,2
62,63,384.0813547945632,60,226,227,3
18,63,1820.510536897784,240,120,227,2
35,64,272.8849177091264,60,137,228,2
65,64,446.6120771632342,120,229,228,2
64,65,446.6120771632342,120,228,229,2
66,65,359.1521164156854,60,230,229,2
65,66,359.1521164156854,60,229,230,3
67,66,1706.139417467615,210,231,230,2
66,67,1706.139417467615,270,230,231,3
68,67,539.8517908221481,90,232,231,3
69,68,511.8290154428477,90,233,232,2
67,68,539.8517908221481,60,231,232,3
70,69,463.1313322462218,90,234,233,2
68,69,511.8290154428477,60,232,233,2
69,70,463.1313322462218,60,233,234,2
71,70,494.0965670334622,90,235,234,4
112,70,937.5150401367373,90,423,234,5
72,71,448.7855863475655,60,236,235,4
70,71,494.0965670334622,90,234,235,2
75,71,2244.528654336988,240,239,235,4
73,72,710.4898663997392,120,237,236,4
71,72,448.7855863475655,60,235,236,2
74,73,669.2866212345094,90,238,237,3
72,73,710.4898663997392,90,236,237,5
73,74,669.2866212345094,90,237,238,5
75,74,546.8360258571215,90,239,238,4
74,75,546.8360258571215,90,238,239,2
85,75,2136.042615342034,210,250,239,4
83,75,653.8146359500768,90,248,239,4
71,75,2244.528654336988,210,235,239,5
76,75,701.8184904236532,150,241,239,5
75,76,701.8184904236532,150,239,241,2
77,76,572.4638845261893,60,242,241,5
78,77,680.1502498317922,90,243,242,5
76,77,572.4638845261893,60,241,242,5
77,78,680.1502498317922,90,242,243,5
79,78,648.8018225730687,60,244,243,5
80,79,641.639588467067,90,245,244,5
78,79,648.8018225730687,90,243,244,2
81,80,573.0495160290949,60,246,245,2
79,80,641.639588467067,90,244,245,5
80,81,573.0495160290949,90,245,246,5
82,81,796.4682928320881,120,247,246,5
81,82,796.4682928320881,120,246,247,5
84,83,702.9881848976836,90,249,248,4
75,83,653.8146359500768,90,239,248,4
85,84,780.3977592015541,120,250,249,4
83,84,702.9881848976836,90,248,249,4
86,85,988.7352098108021,150,251,250,4
75,85,2136.042615342034,210,239,250,4
84,85,780.3977592015541,120,249,250,4
85,86,988.7352098108021,150,250,251,4
87,86,643.037831849245,90,252,251,4
86,87,643.037831849245,90,251,252,4
88,87,635.1010595849808,90,253,252,3
89,88,559.2213989305278,60,254,253,4
87,88,635.1010595849808,90,252,253,4
88,89,559.2213989305278,60,253,254,3
90,89,649.7656223855662,90,255,254,4
91,90,473.1714401449569,60,256,255,4
89,90,649.7656223855662,90,254,255,4
92,91,457.3200384990176,90,257,256,3
90,91,473.1714401449569,60,255,256,4
91,92,457.3200384990176,60,256,257,4
94,93,385.5180960791079,120,302,301,3
60,94,787.6791374235381,120,224,302,3
93,94,385.5180960791079,90,301,302,3
96,95,858.3188339431124,120,402,401,4
97,96,839.6805492051594,90,405,402,4
95,96,858.3188339431124,120,401,402,4
96,97,839.6805492051594,90,402,405,4
98,97,868.3721524181275,120,406,405,4
97,98,868.3721524181275,120,405,406,4
99,98,640.3798970005488,60,407,406,4
100,99,544.8322011796865,60,408,407,4
98,99,640.3798970005488,60,406,407,4
99,100,544.8322011796865,60,407,408,4
101,100,637.7767665924454,90,409,408,4
105,101,2304.714234794763,300,413,409,4
100,101,637.7767665924454,60,408,409,4
102,101,652.861407121179,90,410,409,4
101,102,652.861407121179,90,409,410,4
103,102,511.9798491816092,60,411,410,4
102,103,511.9798491816092,60,410,411,4
104,103,551.2487311977261,60,412,411,4
103,104,551.2487311977261,60,411,412,4
105,104,589.5563989934541,90,413,412,4
104,105,589.5563989934541,90,412,413,4
106,105,918.8832267533278,90,414,413,4
107,106,1078.404386675157,90,415,414,4
105,106,918.8832267533278,120,413,414,4
106,107,1078.404386675157,150,414,415,4
108,107,610.8035724500031,90,416,415,4
136,107,1804.583705269658,270,621,415,4
59,108,634.7081657911845,150,222,416,5
107,108,610.8035724500031,90,415,416,4
136,108,1203.687301628914,150,621,416,4
110,109,370.5952762414167,60,419,418,5
155,109,544.1191828628874,90,640,418,5
109,110,370.5952762414167,60,418,419,4
111,110,357.2025502533188,60,420,419,4
110,111,357.2025502533188,60,419,420,5
112,111,2445.961702224528,300,423,420,5
111,112,2445.961702224528,300,420,423,4
70,112,937.5150401367373,90,234,423,4
114,113,1255.810428973394,120,502,501,5
115,114,1210.299302988763,120,503,502,5
113,114,1255.810428973394,120,501,502,5
114,115,1210.299302988763,150,502,503,5
116,115,1395.630034598402,150,504,503,2
115,116,1395.630034598402,150,503,504,2
117,116,672.0173865079115,60,505,504,2
50,117,1767.483672426491,210,213,505,2
116,117,672.0173865079115,60,504,505,2
119,118,732.2174430190847,150,602,601,6
120,119,455.5250540988604,90,603,602,6
118,119,732.2174430190847,150,601,602,6
121,120,712.1464488395603,90,604,603,6
119,120,455.5250540988604,90,602,603,6
122,121,511.7520992397435,60,606,604,6
120,121,712.1464488395603,90,603,604,6
123,122,431.3768576968614,60,607,606,6
121,122,511.7520992397435,60,604,606,6
124,123,816.1328509126132,90,608,607,6
122,123,431.3768576968614,60,606,607,6
123,124,816.1328509126132,90,607,608,6
129,124,2853.182293890974,330,613,608,6X
125,124,603.9522776006621,60,609,608,6
124,125,603.9522776006621,90,608,609,6
126,125,621.7311036097893,60,610,609,6
125,126,621.7311036097893,90,609,610,6
127,126,404.7548900031883,60,611,610,6
128,127,642.3587319356908,90,612,611,6
126,127,404.7548900031883,60,610,611,6
129,128,717.3298071424817,90,613,612,6
127,128,642.3587319356908,90,611,612,6
135,129,3216.94187665992,390,619,613,6X
124,129,2853.182293890974,330,608,613,6X
128,129,717.3298071424817,120,612,613,6
130,129,732.5615185983317,90,614,613,6
129,130,732.5615185983317,90,613,614,6
131,130,783.3856363204018,90,615,614,6
132,131,482.7869167474597,60,616,615,6
130,131,783.3856363204018,90,614,615,6
133,132,654.6658244666166,120,617,616,6
131,132,482.7869167474597,60,615,616,6
132,133,654.6658244666166,120,616,617,6
134,133,501.6925916548706,60,618,617,6
135,134,665.3793015649289,90,619,618,6
133,134,501.6925916548706,60,617,618,6
134,135,665.3793015649289,90,618,619,6
136,135,1195.626673274659,180,621,619,6
129,135,3216.94187665992,420,613,619,6X
137,136,700.7174432405337,90,622,621,6
135,136,1195.626673274659,180,619,621,6
141,136,3134.833125969989,270,626,621,5
107,136,1804.583705269658,270,415,621,4
108,136,1203.687301628914,120,416,621,4
136,137,700.7174432405337,90,621,622,6
138,137,458.952086142508,60,623,622,6X
139,138,562.2293400006058,60,624,623,6
137,138,458.952086142508,60,622,623,6
138,139,562.2293400006058,60,623,624,6
140,139,626.5725828637063,90,625,624,6
139,140,626.5725828637063,90,624,625,6
141,140,786.3620975471035,120,626,625,6
144,141,2157.749571924643,180,629,626,5
140,141,786.3620975471035,120,625,626,6
142,141,746.8288295253361,90,627,626,6
136,141,3134.833125969989,270,621,626,5
143,142,696.7688675862185,90,628,627,6
141,142,746.8288295253361,90,626,627,6
144,143,714.1518832070399,90,629,628,6
142,143,696.7688675862185,90,627,628,6
145,144,689.1964394951948,90,630,629,6
143,144,714.1518832070399,90,628,629,6
146,144,1411.678637220343,120,631,629,5
141,144,2157.749571924643,210,626,629,4
144,145,689.1964394951948,90,629,630,6X
146,145,724.4717400346325,90,631,630,6
145,146,724.4717400346325,120,630,631,6
144,146,1411.678637220343,150,629,631,4
150,146,2201.372270284573,210,635,631,5
147,146,772.1988897372878,120,632,631,6
146,147,772.1988897372878,120,631,632,6
148,147,382.6203449026568,60,633,632,6
147,148,382.6203449026568,60,632,633,6
149,148,407.6199937810302,60,634,633,6
150,149,643.3159111195241,90,635,634,6
148,149,407.6199937810302,60,633,634,6
151,150,522.7740060141123,60,636,635,6
149,150,643.3159111195241,90,634,635,6
146,150,2201.372270284573,210,631,635,4
155,150,2686.437062027284,270,640,635,4
150,151,522.7740060141123,90,635,636,6
152,151,551.3221032157311,90,637,636,6
153,152,453.5363604537445,60,638,637,6
151,152,551.3221032157311,60,636,637,6
152,153,453.5363604537445,60,637,638,6
154,153,466.8294816331446,90,639,638,6
155,154,719.999644447874,120,640,639,6
153,154,466.8294816331446,90,638,639,6
154,155,719.999644447874,120,639,640,6
109,155,544.1191828628874,90,418,640,5
150,155,2686.437062027284,270,635,640,4
157,156,1426.995420534745,210,702,701,7
158,157,879.7530448789868,120,705,702,7
156,157,1426.995420534745,150,701,702,7
160,157,2105.821642476277,210,707,702,7X
159,158,654.9520066989462,60,706,705,7
157,158,879.7530448789868,90,702,705,7
158,159,654.9520066989462,60,705,706,7
160,159,581.285952406334,60,707,706,7
165,160,2848.583540785528,240,712,707,7X
157,160,2105.821642476277,210,702,707,7X
161,160,603.1877804768833,60,708,707,7
159,160,581.285952406334,60,706,707,7
162,161,603.2104823340726,60,709,708,7
160,161,603.1877804768833,60,707,708,7
163,162,655.3724384884331,60,710,709,7
161,162,603.2104823340726,60,708,709,7
162,163,655.3724384884331,60,709,710,7
164,163,426.4299751965003,90,711,710,7
163,164,426.4299751965003,90,710,711,7
165,164,560.383911869566,120,712,711,7
164,165,560.383911869566,120,711,712,7
170,165,3186.770257244589,330,718,712,7X
160,165,2848.583540785528,210,707,712,7X
166,165,823.3646964102062,90,713,712,7
167,166,509.1668293627045,60,714,713,7
165,166,823.3646964102062,90,712,713,7
168,167,476.2111781237644,60,715,714,7
166,167,509.1668293627045,60,713,714,7
167,168,476.2111781237644,60,714,715,7
169,168,595.5652610437566,60,716,715,7
170,169,1023.719873464484,120,718,716,7
168,169,595.5652610437566,60,715,716,7
165,170,3186.770257244589,330,712,718,7X
169,170,1023.719873464484,120,716,718,7
171,170,582.4077671767675,90,719,718,7
170,171,582.4077671767675,90,718,719,7
172,171,617.4204653651462,90,720,719,7
173,172,396.0884979328632,30,721,720,7
171,172,617.4204653651462,90,719,720,7X
172,173,396.0884979328632,60,720,721,7
174,173,2132.73962895545,270,723,721,7
175,174,565.8392495804305,60,724,723,7
173,174,2132.73962895545,270,721,723,7
174,175,565.8392495804305,90,723,724,7
176,175,516.9979161953202,90,725,724,7
177,176,1199.851054894162,180,726,725,7
175,176,516.9979161953202,90,724,725,7
176,177,1199.851054894162,210,725,726,7
179,178,693.1302330645494,90,902,901,GS
178,179,693.1302330645494,90,901,902,GS
181,180,683.878523129413,90,A03,A02,A
180,181,683.878523129413,90,A02,A03,A
182,181,925.6907737415297,150,A05,A03,A
183,182,875.804774381008,120,A06,A05,A
181,182,925.6907737415297,120,A03,A05,A
182,183,875.804774381008,120,A05,A06,A
184,183,500.8955218608893,60,A07,A06,A
183,184,500.8955218608893,60,A06,A07,A
185,184,742.8169504372795,120,A09,A07,A
184,185,742.8169504372795,120,A07,A09,A
186,185,524.6076623180051,90,A10,A09,A
188,185,1816.787299763126,180,A12,A09,A
187,186,626.7668113638836,90,A11,A10,A
185,186,524.6076623180051,60,A09,A10,C
186,187,626.7668113638836,60,A10,A11,C
188,187,677.7699978583078,90,A12,A11,C
189,188,819.5936637763033,90,A14,A12,C
190,188,1669.063134915547,150,A15,A12,A
185,188,1816.787299763126,210,A09,A12,A
187,188,677.7699978583078,90,A11,A12,C
190,189,852.5664381828808,90,A15,A14,C
188,189,819.5936637763033,90,A12,A14,A
259,189,819.5936637763033,120,D13,A14,B
188,190,1669.063134915547,210,A12,A15,A
198,190,5371.275375569533,480,A24,A15,A
189,190,852.5664381828808,90,A14,A15,C
191,190,703.881995548267,90,A16,A15,B
259,190,1669.063134915547,210,D13,A15,D
192,191,570.3290122946338,90,A17,A16,C
190,191,703.881995548267,90,A15,A16,C
193,192,573.733988864957,60,A18,A17,C
191,192,570.3290122946338,90,A16,A17,C
192,193,573.733988864957,60,A17,A18,C
194,193,565.7210430194506,90,A19,A18,C
195,194,734.5988318596724,90,A20,A19,B
193,194,565.7210430194506,60,A18,A19,B
194,195,734.5988318596724,90,A19,A20,C
196,195,563.6686553336281,90,A21,A20,C
197,196,742.8746848698484,90,A22,A21,C
195,196,563.6686553336281,90,A20,A21,C
198,197,928.225619289937,90,A24,A22,C
196,197,742.8746848698484,90,A21,A22,C
197,198,928.225619289937,90,A22,A24,C
199,198,742.2322154798159,120,A25,A24,A
190,198,5371.275375569533,480,A15,A24,A
260,198,604.9641940748891,90,D14,A24,D
200,198,1396.786369202204,180,A27,A24,A
200,199,654.5542752527066,90,A27,A25,C
198,199,742.2322154798159,90,A24,A25,A
260,199,369.2942108216458,90,D14,A25,E
199,200,654.5542752527066,120,A25,A27,C
198,200,1396.786369202204,150,A24,A27,A
201,200,638.3175979524251,60,A28,A27,E
202,201,811.381918988242,90,A30,A28,C
203,201,1448.660089085823,180,A31,A28,A
200,201,638.3175979524251,60,A27,A28,A
201,202,811.381918988242,90,A28,A30,A
203,202,637.278198226596,90,A31,A30,C
204,203,957.6520646868015,120,A32,A31,A
201,203,1448.660089085823,150,A28,A31,A
202,203,637.278198226596,90,A30,A31,A
206,204,1342.502011070652,150,A34,A32,A
203,204,957.6520646868015,120,A31,A32,A
205,204,733.2489636466009,120,A33,A32,A
204,205,733.2489636466009,90,A32,A33,E
206,205,614.451279833835,90,A34,A33,C
288,206,994.633612767619,120,E01,A34,E
204,206,1342.502011070652,150,A32,A34,A
205,206,614.451279833835,90,A33,A34,E
207,206,799.1299969277454,90,A36,A34,C
206,207,799.1299969277454,120,A34,A36,C
208,207,442.1839478743869,120,A38,A36,C
207,208,442.1839478743869,120,A36,A38,A
209,208,1886.401805534745,180,A40,A38,A
210,209,824.3005058670738,120,A41,A40,C
208,209,1886.401805534745,180,A38,A40,A
303,210,750.6981021045581,120,F20,A41,F
211,210,472.3398009823854,90,A42,A41,A
209,210,824.3005058670738,120,A40,A41,C
302,210,1009.670240527304,90,F18,A41,F
348,211,826.617430127095,90,G36,A42,G
212,211,969.7687591467478,90,A43,A42,C
303,211,559.0652472996236,90,F20,A42,G
215,211,3052.965812412373,300,A46,A42,A
210,211,472.3398009823854,90,A41,A42,C
213,212,754.384618396093,90,A44,A43,C
211,212,969.7687591467478,120,A42,A43,C
212,213,754.384618396093,90,A43,A44,C
214,213,787.3251095743973,90,A45,A44,C
213,214,787.3251095743973,90,A44,A45,C
215,214,552.1859887720395,60,A46,A45,A
216,215,809.7758511003517,90,A47,A46,A
214,215,552.1859887720395,60,A45,A46,C
211,215,3052.965812412373,270,A42,A46,A
217,215,1667.115160213606,180,A48,A46,A
215,216,809.7758511003517,90,A46,A47,C
217,216,857.3395792563171,90,A48,A47,C
215,217,1667.115160213606,120,A46,A48,A
220,217,2148.463504943855,180,A51,A48,A
216,217,857.3395792563171,90,A47,A48,C
218,217,841.564799941608,90,A49,A48,A
217,218,841.564799941608,120,A48,A49,C
219,218,748.2147907119459,90,A50,A49,C
220,219,559.718787051789,60,A51,A50,A
218,219,748.2147907119459,90,A49,A50,A
219,220,559.718787051789,90,A50,A51,C
217,220,2148.463504943855,180,A48,A51,A
221,220,852.1340058264545,120,A52,A51,A
224,220,2822.976428182854,240,A55,A51,A
220,221,852.1340058264545,120,A51,A52,A
222,221,560.9908411185027,90,A53,A52,C
223,222,826.4451520547561,90,A54,A53,A
221,222,560.9908411185027,90,A52,A53,C
224,223,742.8685687351136,90,A55,A54,C
222,223,826.4451520547561,90,A53,A54,A
220,224,2822.976428182854,240,A51,A55,A
225,224,623.9355540239304,90,A57,A55,A
223,224,742.8685687351136,90,A54,A55,A
224,225,623.9355540239304,90,A55,A57,A
226,225,573.290288042335,60,A59,A57,A
225,226,573.290288042335,90,A57,A59,A
227,226,637.1808292709801,60,A60,A59,A
228,227,646.3259818698849,60,A61,A60,A
226,227,637.1808292709801,60,A59,A60,A
227,228,646.3259818698849,60,A60,A61,A
349,228,1589.580467946913,180,H01,A61,A
229,228,540.0597046731015,90,A63,A61,A
230,229,549.7249721519004,60,A64,A63,A
228,229,540.0597046731015,90,A61,A63,A
229,230,549.7249721519004,90,A63,A64,A
231,230,566.748266858468,60,A65,A64,A
230,231,566.748266858468,60,A64,A65,A
233,232,1036.946854956531,120,B06,B04,F
330,232,4423.631589208977,390,G14,B04,F
234,233,1243.831517740251,150,B08,B06,F
232,233,1036.946854956531,120,B04,B06,F
233,234,1243.831517740251,150,B06,B08,F
446,234,1226.334133822192,150,R14,B08,Q
235,234,958.6517383095429,150,B10,B08,F
434,234,797.3219717082578,120,Q03,B08,Q
261,235,675.4575802001774,90,D15,B10,F
234,235,958.6517383095429,150,B08,B10,F
237,236,598.6751292062692,120,B13,B12,D
468,236,1256.194358632693,240,R36,B12,D
236,237,598.6751292062692,120,B12,B13,D
238,237,519.7086221187993,90,B14,B13,D
237,238,519.7086221187993,90,B13,B14,D
239,238,540.2217261193758,90,B15,B14,D
240,239,565.3328183957482,90,B16,B15,D
238,239,540.2217261193758,90,B14,B15,D
241,240,784.0608295170903,120,B17,B16,D
239,240,565.3328183957482,90,B15,B16,D
242,241,693.5827161475186,90,B18,B17,D
240,241,784.0608295170903,120,B16,B17,D
241,242,693.5827161475186,90,B17,B18,D
243,242,624.7744477433525,90,B19,B18,D
242,243,624.7744477433525,90,B18,B19,D
244,243,483.7459601321343,60,B20,B19,D
243,244,483.7459601321343,90,B19,B20,D
245,244,479.465366309858,60,B21,B20,D
246,245,745.3899116339698,90,B22,B21,D
244,245,479.465366309858,60,B20,B21,D
245,246,745.3899116339698,90,B21,B22,D
247,246,1020.047742398321,120,B23,B22,D
287,247,1289.047883444438,240,D43,B23,D
246,247,1020.047742398321,120,B22,B23,D
249,248,718.7014246132065,150,D03,D01,D
250,249,879.8637670995678,120,D04,D03,D
248,249,718.7014246132065,120,D01,D03,D
249,250,879.8637670995678,90,D03,D04,D
251,250,726.2829472416814,90,D05,D04,D
253,251,1365.623272797983,150,D07,D05,D
252,251,631.6011960006439,90,D06,D05,D
250,251,726.2829472416814,60,D04,D05,D
253,252,736.8095311057822,90,D07,D06,D
251,252,631.6011960006439,90,D05,D06,D
254,253,650.3286174664357,90,D08,D07,D
252,253,736.8095311057822,90,D06,D07,D
251,253,1365.623272797983,150,D05,D07,D
259,253,4349.791133266247,480,D13,D07,D
253,254,650.3286174664357,90,D07,D08,D
255,254,783.8143893175212,120,D09,D08,D
254,255,783.8143893175212,150,D08,D09,D
256,255,748.211464735607,120,D10,D09,D
257,256,891.7992911905735,150,D11,D10,D
255,256,748.211464735607,120,D09,D10,B
256,257,891.7992911905735,150,D10,D11,D
258,257,1086.510989349828,90,D12,D11,D
257,258,1086.510989349828,90,D11,D12,D
259,258,781.6489799200691,90,D13,D12,D
189,259,819.5936637763033,90,A14,D13,B
253,259,4349.791133266247,450,D07,D13,D
258,259,781.6489799200691,90,D12,D13,B
190,259,1669.063134915547,210,A15,D13,D
198,260,604.9641940748891,90,A24,D14,D
261,260,468.1487084180048,90,D15,D14,D
298,260,618.3717524096911,90,F12,D14,E
199,260,369.2942108216458,90,A25,D14,E
235,261,675.4575802001774,90,B10,D15,F
260,261,468.1487084180048,90,D14,D15,D
262,261,564.8368637000388,90,D16,D15,D
298,261,541.3115681230431,120,F12,D15,M
261,262,564.8368637000388,90,D15,D16,D
263,262,571.462077902123,90,D17,D16,D
266,263,2210.4049229267,180,D20,D17,D
262,263,571.462077902123,90,D16,D17,B
264,263,870.4038769743894,90,D18,D17,F
263,264,870.4038769743894,90,D17,D18,F
265,264,591.2693138591928,90,D19,D18,F
266,265,748.7322315537915,90,D20,D19,M
264,265,591.2693138591928,90,D18,D19,F
263,266,2210.4049229267,180,D17,D20,D
267,266,863.3459105350751,120,D21,D20,D
265,266,748.7322315537915,90,D19,D20,F
417,267,1072.920847061814,180,M18,D21,M
268,267,809.43040546727,120,D22,D21,D
299,267,569.1593168150853,90,F14,D21,F
266,267,863.3459105350751,120,D20,D21,D
462,268,3236.501426445937,480,R30,D22,D
267,268,809.43040546727,120,D21,D22,B
463,268,4052.934333523038,630,R31,D22,D
270,269,908.9592316861031,120,D25,D24,Q
462,269,803.7205574978879,90,R30,D24,Q
269,270,908.9592316861031,120,D24,D25,Q
271,270,1919.081431914285,210,D26,D25,Q
478,271,1004.198944384335,180,S04,D26,FS
270,271,1919.081431914285,240,D25,D26,Q
272,271,706.6095427090994,90,D27,D26,Q
273,271,1235.756157673244,120,D28,D26,B
273,272,545.0979319921701,90,D28,D27,Q
271,272,706.6095427090994,90,D26,D27,Q
274,273,734.2878061794379,90,D29,D28,Q
276,273,1719.393677567085,150,D31,D28,B
272,273,545.0979319921701,60,D27,D28,Q
271,273,1235.756157673244,120,D26,D28,B
275,274,349.2429114973932,30,D30,D29,Q
273,274,734.2878061794379,90,D28,D29,Q
274,275,349.2429114973932,30,D29,D30,Q
276,275,657.2362775768174,90,D31,D30,Q
280,276,2971.063366793982,270,D35,D31,B
275,276,657.2362775768174,90,D30,D31,Q
273,276,1719.393677567085,150,D28,D31,B
277,276,654.2890556640427,60,D32,D31,Q
278,277,476.2565950175114,60,D33,D32,Q
276,277,654.2890556640427,60,D31,D32,Q
279,278,834.5714728305784,90,D34,D33,Q
277,278,476.2565950175114,60,D32,D33,Q
278,279,834.5714728305784,90,D33,D34,Q
280,279,1005.969150729255,120,D35,D34,Q
283,280,2442.66118021272,240,D39,D35,B
281,280,1054.154221964395,120,D37,D35,Q
279,280,1005.969150729255,120,D34,D35,Q
276,280,2971.063366793982,240,D31,D35,B
280,281,1054.154221964395,150,D35,D37,Q
282,281,455.9315053259505,60,D38,D37,Q
283,282,933.3943245654394,120,D39,D38,Q
281,282,455.9315053259505,60,D37,D38,Q
284,283,1199.465372012066,120,D40,D39,Q
280,283,2442.66118021272,240,D35,D39,B
282,283,933.3943245654394,150,D38,D39,Q
283,284,1199.465372012066,120,D39,D40,Q
285,284,619.7938066307369,120,D41,D40,Q
286,285,629.2294101809362,90,D42,D41,Q
284,285,619.7938066307369,120,D40,D41,Q
287,286,470.2518771704584,90,D43,D42,Q
285,286,629.2294101809362,120,D41,D42,Q
320,286,555.7952769784921,90,F39,D42,F
247,287,1289.047883444438,240,B23,D43,D
286,287,470.2518771704584,90,D42,D43,Q
431,287,1721.885352540713,240,N10,D43,N
206,288,994.633612767619,120,A34,E01,E
291,289,1740.6991120078,180,F03,F01,E
290,289,860.6192566623723,120,F02,F01,F
291,290,881.8504872737642,90,F03,F02,F
289,290,860.6192566623723,90,F01,F02,F
290,291,881.8504872737642,120,F02,F03,F
294,291,2458.075724420953,210,F06,F03,E
292,291,665.5157613670293,60,F04,F03,F
289,291,1740.6991120078,150,F01,F03,E
291,292,665.5157613670293,60,F03,F04,F
293,292,929.7981151812372,60,F05,F04,F
294,293,1057.473176244866,120,F06,F05,E
323,293,800.1251984052941,90,G07,F05,E
292,293,929.7981151812372,120,F04,F05,F
323,294,1781.280316789703,180,G07,F06,E
291,294,2458.075724420953,210,F03,F06,E
324,294,1396.857758186954,150,G08,F06,E
295,294,686.6610623406908,90,F07,F06,F
293,294,1057.473176244866,90,F05,F06,E
324,295,713.1607130328836,120,G08,F07,E
294,295,686.6610623406908,90,F06,F07,E
336,296,749.086875488129,90,G21,F09,E
297,296,2224.23568930491,180,F11,F09,E
296,297,2224.23568930491,180,F09,F11,E
298,297,596.0835120867787,90,F12,F11,E
297,298,596.0835120867787,90,F11,F12,E
260,298,618.3717524096911,60,D14,F12,E
261,298,541.3115681230431,120,D15,F12,M
267,299,569.1593168150853,90,D21,F14,F
300,299,555.0861867153698,90,F15,F14,F
299,300,555.0861867153698,90,F14,F15,F
301,300,572.0353604756307,60,F16,F15,F
300,301,572.0353604756307,90,F15,F16,F
302,301,1401.301209329967,150,F18,F16,F
210,302,1009.670240527304,90,A41,F18,F
301,302,1401.301209329967,150,F16,F18,F
210,303,750.6981021045581,150,A41,F20,F
304,303,740.1276673363711,90,F21,F20,G
211,303,559.0652472996236,90,A42,F20,G
305,304,752.3381155900015,120,F22,F21,F
303,304,740.1276673363711,90,F20,F21,G
306,305,638.6357597139844,90,F23,F22,F
304,305,752.3381155900015,90,F21,F22,G
307,306,915.5687560285552,90,F24,F23,F
305,306,638.6357597139844,90,F22,F23,G
306,307,915.5687560285552,90,F23,F24,G
308,307,661.0148497002473,90,F25,F24,G
307,308,661.0148497002473,90,F24,F25,G
309,308,1111.994035431646,150,F26,F25,F
308,309,1111.994035431646,120,F25,F26,F
310,309,819.5825434285905,90,F27,F26,F
309,310,819.5825434285905,90,F26,F27,F
311,310,890.9960793506471,120,F29,F27,F
310,311,890.9960793506471,120,F27,F29,F
312,311,715.6616647537585,90,F30,F29,F
311,312,715.6616647537585,120,F29,F30,F
313,312,498.6016515735059,60,F31,F30,F
312,313,498.6016515735059,60,F30,F31,F
314,313,512.0529826071606,60,F32,F31,F
315,314,633.0668452115024,90,F33,F32,F
313,314,512.0529826071606,60,F31,F32,F
314,315,633.0668452115024,120,F32,F33,F
316,315,696.8421872889571,90,F34,F33,F
315,316,696.8421872889571,90,F33,F34,F
317,316,639.9658897863536,90,F35,F34,F
318,317,800.8121138061026,120,F36,F35,F
316,317,639.9658897863536,90,F34,F35,F
317,318,800.8121138061026,120,F35,F36,F
319,318,721.1886607072964,90,F38,F36,F
320,319,958.7352973151101,120,F39,F38,F
318,319,721.1886607072964,120,F36,F38,F
286,320,555.7952769784921,90,D42,F39,F
319,320,958.7352973151101,120,F38,F39,F
322,321,607.7457137290381,60,G06,G05,J
364,322,1715.308562994805,240,J12,G06,J
365,322,2419.049952216533,300,J13,G06,J
323,322,785.1681572045829,120,G07,G06,E
321,322,607.7457137290381,60,G05,G06,J
294,323,1781.280316789703,180,F06,G07,E
293,323,800.1251984052941,90,F05,G07,E
322,323,785.1681572045829,120,G06,G07,E
330,324,4828.150623223716,420,G14,G08,F
294,324,1396.857758186954,120,F06,G08,E
295,324,713.1607130328836,90,F07,G08,E
325,324,876.1634071702951,90,G09,G08,R
326,325,835.8403022417734,90,G10,G09,M
324,325,876.1634071702951,90,G08,G09,M
325,326,835.8403022417734,90,G09,G10,R
327,326,738.5178472825817,60,G11,G10,R
328,327,802.5122596624678,90,G12,G11,R
326,327,738.5178472825817,60,G10,G11,M
329,328,728.0671313123032,90,G13,G12,R
327,328,802.5122596624678,90,G11,G12,R
328,329,728.0671313123032,90,G12,G13,R
330,329,914.0742303626836,90,G14,G13,R
336,330,3880.025548239697,330,G21,G14,E
232,330,4423.631589208977,360,B04,G14,F
331,330,688.0652179158707,90,G15,G14,M
329,330,914.0742303626836,90,G13,G14,R
324,330,4828.150623223716,420,G08,G14,F
330,331,688.0652179158707,90,G14,G15,R
332,331,730.6571089288452,60,G16,G15,R
333,332,726.1377054029972,90,G18,G16,M
331,332,730.6571089288452,90,G15,G16,R
334,333,627.7608018053303,90,G19,G18,R
332,333,726.1377054029972,90,G16,G18,R
333,334,627.7608018053303,90,G18,G19,R
335,334,866.0575396686369,120,G20,G19,M
334,335,866.0575396686369,120,G19,G20,R
336,335,791.0254157098673,120,G21,G20,R
444,336,2954.198253614382,330,R11,G21,R
296,336,749.086875488129,90,F09,G21,E
330,336,3880.025548239697,360,G14,G21,E
335,336,791.0254157098673,120,G20,G21,M
338,337,568.9407388553926,60,G24,G22,G
339,338,1470.242934699426,150,G26,G24,G
337,338,568.9407388553926,60,G22,G24,G
338,339,1470.242934699426,150,G24,G26,G
340,339,794.1669364467733,60,G28,G26,G
341,340,1318.402751416793,150,G29,G28,G
339,340,794.1669364467733,60,G26,G28,G
342,341,751.6946379811191,60,G30,G29,G
340,341,1318.402751416793,150,G28,G29,G
343,342,636.2178487220681,60,G31,G30,G
341,342,751.6946379811191,90,G29,G30,G
342,343,636.2178487220681,60,G30,G31,G
344,343,654.378122909164,60,G32,G31,G
345,344,667.2767625632561,90,G33,G32,G
343,344,654.378122909164,60,G31,G32,G
346,345,559.0421180944037,60,G34,G33,G
344,345,667.2767625632561,90,G32,G33,G
347,346,577.9930505577624,90,G35,G34,G
345,346,559.0421180944037,60,G33,G34,G
346,347,577.9930505577624,90,G34,G35,G
348,347,728.5727340704392,90,G36,G35,G
347,348,728.5727340704392,90,G35,G36,G
211,348,826.617430127095,90,A42,G36,G
350,349,.0950410962104797,30,H02,H01,A
228,350,1589.580467946913,240,A61,H02,A
351,350,920.0360731538982,120,H03,H02,A
352,351,5924.846054369178,390,H04,H03,A
350,351,920.0360731538982,120,H02,H03,A
351,352,5924.846054369178,390,H03,H04,A
359,352,2273.327685125293,210,H12,H04,H
353,352,2520.861936262751,240,H06,H04,A
352,353,2520.861936262751,240,H04,H06,A
354,353,728.2727534486868,90,H07,H06,A
355,354,1059.287282431447,120,H08,H07,A
353,354,728.2727534486868,90,H06,H07,A
354,355,1059.287282431447,120,H07,H08,A
356,355,716.6859777013953,90,H09,H08,A
357,356,776.2192307063772,90,H10,H09,A
355,356,716.6859777013953,90,H08,H09,A
358,357,666.346974051131,90,H11,H10,A
356,357,776.2192307063772,120,H09,H10,A
357,358,666.346974051131,90,H10,H11,A
360,359,658.8511625811277,90,H13,H12,H
352,359,2273.327685125293,240,H04,H12,H
361,360,636.283708296151,90,H14,H13,A
359,360,658.8511625811277,90,H12,H13,H
362,361,726.0358869504217,120,H15,H14,H
360,361,636.283708296151,60,H13,H14,H
361,362,726.0358869504217,90,H14,H15,H
366,364,1477.027852145602,180,J14,J12,Z
365,364,760.7751850852993,90,J13,J12,J
322,364,1715.308562994805,240,G06,J12,J
322,365,2419.049952216533,300,G06,J13,J
364,365,760.7751850852993,90,J12,J13,J
367,365,1344.510828544894,180,J15,J13,J
366,365,718.5800931766778,120,J14,J13,J
367,366,628.4366101156866,90,J15,J14,J
365,366,718.5800931766778,120,J13,J14,J
364,366,1477.027852145602,180,J12,J14,Z
366,367,628.4366101156866,90,J14,J15,J
369,367,1344.018597012259,180,J17,J15,Z
368,367,729.7807004006995,90,J16,J15,J
365,367,1344.510828544894,180,J13,J15,J
369,368,614.3010653157872,90,J17,J16,J
367,368,729.7807004006995,90,J15,J16,J
370,368,1094.253969202872,150,J19,J16,J
368,369,614.3010653157872,90,J16,J17,J
371,369,1064.790825694674,150,J20,J17,Z
370,369,481.9733123920688,60,J19,J17,J
367,369,1344.018597012259,180,J15,J17,Z
371,370,758.2685781804362,90,J20,J19,J
368,370,1094.253969202872,150,J16,J19,J
369,370,481.9733123920688,60,J17,J19,J
370,371,758.2685781804362,90,J19,J20,J
372,371,564.0605075140435,90,J21,J20,Z
373,371,984.9891317657124,150,J22,J20,J
369,371,1064.790825694674,150,J17,J20,Z
371,372,564.0605075140435,90,J20,J21,Z
373,372,421.0959201488711,60,J22,J21,J
374,372,1053.172786052476,150,J23,J21,Z
371,373,984.9891317657124,150,J20,J22,J
375,373,1228.049175979045,150,J24,J22,J
374,373,632.4167814009132,90,J23,J22,J
372,373,421.0959201488711,60,J21,J22,J
373,374,632.4167814009132,90,J22,J23,J
372,374,1053.172786052476,150,J21,J23,Z
375,374,599.2072049280561,60,J24,J23,Z
374,375,599.2072049280561,60,J23,J24,Z
376,375,567.7996590447777,90,J27,J24,Z
373,375,1228.049175979045,150,J22,J24,J
377,376,628.1844274262488,90,J28,J27,J
377,376,628.1844274262488,90,J28,J27,M
375,376,567.7996590447777,90,J24,J27,Z
376,377,628.1844274262488,90,J27,J28,M
378,377,644.3770213466563,90,J29,J28,J
378,377,644.3770213466563,90,J29,J28,M
376,377,628.1844274262488,90,J27,J28,J
379,378,603.3923134417114,90,J30,J29,M
376,378,1272.561261760698,180,J27,J29,J
377,378,644.3770213466563,90,J28,J29,M
377,378,644.3770213466563,90,J28,J29,J
379,378,603.3923134417114,90,J30,J29,J
380,379,689.8091156979342,90,J31,J30,J
378,379,603.3923134417114,90,J29,J30,M
378,379,603.3923134417114,90,J29,J30,J
380,379,689.8091156979342,90,J31,J30,M
379,380,689.8091156979342,90,J30,J31,J
378,380,1293.200034143297,180,J29,J31,J
379,380,689.8091156979342,90,J30,J31,M
412,380,720.1949651135013,90,M11,J31,M
412,380,720.1949651135013,90,M11,J31,J
382,381,559.0702801783652,60,L02,L01,L
383,382,584.1744571880229,90,L03,L02,L
381,382,559.0702801783652,90,L01,L02,L
384,383,444.6575569604109,60,L05,L03,L
382,383,584.1744571880229,90,L02,L03,L
385,384,433.8826220384432,60,L06,L05,L
383,384,444.6575569604109,30,L03,L05,L
384,385,433.8826220384432,60,L05,L06,L
386,385,2582.721569142511,240,L08,L06,L
385,386,2582.721569142511,240,L06,L08,L
387,386,663.3185912070996,90,L10,L08,L
388,387,527.9563782365769,60,L11,L10,L
386,387,663.3185912070996,90,L08,L10,L
389,388,409.6131552122055,60,L12,L11,L
387,388,527.9563782365769,60,L10,L11,L
390,389,471.2000396481911,60,L13,L12,L
388,389,409.6131552122055,90,L11,L12,L
391,390,592.5845739671509,90,L14,L13,L
389,390,471.2000396481911,60,L12,L13,L
390,391,592.5845739671509,90,L13,L14,L
392,391,865.0960298939016,120,L15,L14,L
391,392,865.0960298939016,120,L14,L15,L
393,392,490.2184000871208,60,L16,L15,L
392,393,490.2184000871208,90,L15,L16,L
394,393,728.7562254555973,90,L17,L16,L
395,394,787.8598350219378,90,L19,L17,L
393,394,728.7562254555973,90,L16,L17,L
394,395,787.8598350219378,90,L17,L19,L
396,395,761.2050206812846,120,L20,L19,L
397,396,668.4359632675642,90,L21,L20,L
395,396,761.2050206812846,150,L19,L20,L
398,397,473.672772034302,60,L22,L21,L
396,397,668.4359632675642,90,L20,L21,L
397,398,473.672772034302,60,L21,L22,L
399,398,391.0268721676458,90,L24,L22,L
398,399,391.0268721676458,60,L22,L24,L
400,399,672.1727369292372,90,L25,L24,L
401,400,604.9476650679048,90,L26,L25,L
399,400,672.1727369292372,90,L24,L25,L
400,401,604.9476650679048,60,L25,L26,L
402,401,601.2736032964995,90,L27,L26,L
403,402,908.6130216907247,120,L28,L27,L
401,402,601.2736032964995,90,L26,L27,L
404,403,479.8129579735135,90,L29,L28,L
402,403,908.6130216907247,120,L27,L28,L
403,404,479.8129579735135,90,L28,L29,L
406,405,785.3871915349579,120,M04,M01,M
405,406,785.3871915349579,90,M01,M04,M
407,406,638.502411103889,90,M05,M04,M
406,407,638.502411103889,90,M04,M05,M
408,407,434.7862889135299,60,M06,M05,M
407,408,434.7862889135299,60,M05,M06,M
409,408,539.6727703741449,90,M08,M06,M
408,409,539.6727703741449,90,M06,M08,M
380,412,720.1949651135013,90,J31,M11,J
416,412,2240.430856077087,240,M16,M11,J
413,412,573.1865721147661,60,M12,M11,M
380,412,720.1949651135013,90,J31,M11,M
413,412,573.1865721147661,60,M12,M11,J
414,413,665.178612870043,90,M13,M12,J
412,413,573.1865721147661,90,M11,M12,J
412,413,573.1865721147661,90,M11,M12,M
414,413,665.178612870043,90,M13,M12,M
413,414,665.178612870043,90,M12,M13,M
415,414,608.2249841912586,90,M14,M13,M
415,414,608.2249841912586,90,M14,M13,J
413,414,665.178612870043,90,M12,M13,J
414,415,608.2249841912586,60,M13,M14,M
416,415,400.9182112440384,60,M16,M14,J
416,415,400.9182112440384,60,M16,M14,M
414,415,608.2249841912586,60,M13,M14,J
415,416,400.9182112440384,60,M14,M16,J
417,416,2738.609643340011,450,M18,M16,M
417,416,2738.609643340011,450,M18,M16,J
415,416,400.9182112440384,60,M14,M16,M
418,417,588.6975623801013,90,M19,M18,J
416,417,2738.609643340011,450,M16,M18,J
416,417,2738.609643340011,450,M16,M18,M
267,417,1072.920847061814,180,D21,M18,M
419,418,560.0214160595483,120,M20,M19,J
417,418,588.6975623801013,90,M18,M19,M
417,418,588.6975623801013,90,M18,M19,J
418,419,560.0214160595483,90,M19,M20,J
418,419,560.0214160595483,90,M19,M20,M
420,419,615.6508989121273,120,M21,M20,J
421,420,475.8795860589742,90,M22,M21,J
419,420,615.6508989121273,90,M20,M21,M
419,420,615.6508989121273,90,M20,M21,J
422,421,523.6641766409742,90,M23,M22,J
420,421,475.8795860589742,60,M21,M22,J
421,422,523.6641766409742,90,M22,M23,J
471,423,873.1922323021214,180,R41,N02,N
424,423,676.0459778338446,60,N03,N02,N
425,424,1052.889440402322,120,N04,N03,N
423,424,676.0459778338446,90,N02,N03,N
426,425,683.6580822279011,90,N05,N04,N
424,425,1052.889440402322,120,N03,N04,N
427,426,582.278334391266,60,N06,N05,N
425,426,683.6580822279011,90,N04,N05,N
426,427,582.278334391266,90,N05,N06,N
428,427,678.2586518991179,90,N07,N06,N
427,428,678.2586518991179,90,N06,N07,N
429,428,887.5668462094386,120,N08,N07,N
428,429,887.5668462094386,120,N07,N08,N
430,429,725.3250739302837,90,N09,N08,N
431,430,534.513930973287,60,N10,N09,N
429,430,725.3250739302837,120,N08,N09,N
430,431,534.513930973287,60,N09,N10,N
287,431,1721.885352540713,240,D43,N10,N
454,433,701.6100976869093,120,R22,Q01,N
452,433,2104.258579783761,240,R20,Q01,Q
462,433,3466.186348026109,480,R30,Q01,Q
463,433,4274.800641841751,630,R31,Q01,N
435,434,1156.46877006327,120,Q04,Q03,Q
234,434,797.3219717082578,120,B08,Q03,Q
434,435,1156.46877006327,90,Q03,Q04,Q
436,435,815.1710940197636,120,Q05,Q04,Q
435,436,815.1710940197636,90,Q04,Q05,Q
438,437,722.9917571304969,90,R03,R01,W
439,438,493.9160685644708,60,R04,R03,N
437,438,722.9917571304969,90,R01,R03,N
440,439,648.1756924275092,90,R05,R04,N
438,439,493.9160685644708,60,R03,R04,N
439,440,648.1756924275092,90,R04,R05,N
441,440,655.2725268791643,90,R06,R05,W
442,441,512.3665942958734,60,R08,R06,N
440,441,655.2725268791643,90,R05,R06,W
441,442,512.3665942958734,60,R06,R08,N
443,442,678.1852410497028,120,R09,R08,N
442,443,678.1852410497028,120,R08,R09,N
444,443,2648.144605015624,270,R11,R09,N
336,444,2954.198253614382,330,G21,R11,R
445,444,566.4811953221217,90,R13,R11,N
443,444,2648.144605015624,270,R09,R11,N
444,445,566.4811953221217,90,R11,R13,R
446,445,616.6263255503951,150,R14,R13,R
445,446,616.6263255503951,150,R13,R14,R
448,446,1225.320960906347,150,R16,R14,Q
234,446,1226.334133822192,180,B08,R14,Q
447,446,606.0266872873855,90,R15,R14,R
448,447,622.4512557249623,90,R16,R15,R
446,447,606.0266872873855,90,R14,R15,R
446,448,1225.320960906347,150,R14,R16,Q
449,448,577.1632000816218,90,R17,R16,Q
447,448,622.4512557249623,90,R15,R16,W
452,449,1555.403251528402,150,R20,R17,Q
450,449,457.6879618706311,60,R18,R17,N
448,449,577.1632000816218,90,R16,R17,Q
449,450,457.6879618706311,60,R17,R18,N
451,450,469.7767081571404,60,R19,R18,W
452,451,628.2525956685034,90,R20,R19,N
450,451,469.7767081571404,60,R18,R19,R
433,452,2104.258579783761,240,Q01,R20,Q
449,452,1555.403251528402,150,R17,R20,Q
453,452,626.6123415455809,90,R21,R20,R
451,452,628.2525956685034,90,R19,R20,N
452,453,626.6123415455809,90,R20,R21,R
454,453,793.1629664604,90,R22,R21,N
433,454,701.6100976869093,120,Q01,R22,Q
455,454,635.4730218820972,90,R23,R22,W
453,454,793.1629664604,90,R21,R22,N
454,455,635.4730218820972,90,R22,R23,W
456,455,822.1936125353228,150,R24,R23,R
455,456,822.1936125353228,150,R23,R24,R
457,456,448.9047237265765,90,R25,R24,N
458,457,430.6020709617753,60,R26,R25,R
456,457,448.9047237265765,120,R24,R25,N
457,458,430.6020709617753,60,R25,R26,N
459,458,461.0170949571464,90,R27,R26,R
460,459,2051.153959797729,210,R28,R27,R
458,459,461.0170949571464,120,R26,R27,N
461,460,536.871699683555,90,R29,R28,N
459,460,2051.153959797729,210,R27,R28,N
460,461,536.871699683555,120,R28,R29,N
462,461,387.8052913860325,90,R30,R29,N
433,462,3466.186348026109,480,Q01,R30,Q
269,462,803.7205574978879,90,D24,R30,Q
461,462,387.8052913860325,90,R29,R30,N
268,462,3236.501426445937,480,D22,R30,B
463,462,816.4330600730543,180,R31,R30,R
464,463,794.6339554341283,120,R32,R31,R
462,463,816.4330600730543,180,R30,R31,D
468,463,3800.516984959304,300,R36,R31,D
268,463,4052.934333523038,630,D22,R31,D
433,463,4274.800641841751,660,Q01,R31,N
463,464,794.6339554341283,120,R31,R32,D
465,464,843.0442403927973,90,R33,R32,R
466,465,717.4060429851224,90,R34,R33,R
464,465,843.0442403927973,90,R32,R33,D
467,466,711.4243104621446,90,R35,R34,R
465,466,717.4060429851224,120,R33,R34,R
468,467,744.5717119630821,90,R36,R35,R
466,467,711.4243104621446,90,R34,R35,R
236,468,1256.194358632693,240,B12,R36,D
467,468,744.5717119630821,90,R35,R36,D
469,468,880.0543477301499,150,R39,R36,R
471,468,1954.233259763539,270,R41,R36,N
463,468,3800.516984959304,330,R31,R36,D
468,469,880.0543477301499,120,R36,R39,R
470,469,548.9409587967697,90,R40,R39,N
471,470,525.2382707948182,90,R41,R40,R
469,470,548.9409587967697,90,R39,R40,R
468,471,1954.233259763539,210,R36,R41,N
423,471,873.1922323021214,180,N02,R41,N
472,471,849.8936399594575,120,R42,R41,R
470,471,525.2382707948182,90,R40,R41,R
471,472,849.8936399594575,120,R41,R42,R
473,472,608.914582790244,90,R43,R42,R
472,473,608.914582790244,60,R42,R43,R
474,473,822.3857612600726,120,R44,R43,R
473,474,822.3857612600726,120,R43,R44,R
475,474,706.8710664380458,90,R45,R44,R
474,475,706.8710664380458,120,R44,R45,R
477,476,665.8343437042422,120,S03,S01,FS
476,477,665.8343437042422,120,S01,S03,FS
478,477,511.6741210962139,120,S04,S03,FS
477,478,511.6741210962139,90,S03,S04,FS
271,478,1004.198944384335,180,D26,S04,FS
481,479,936.6212907632773,180,S11,S09,SI
479,481,936.6212907632773,180,S09,S11,SI
483,481,1147.782026253933,120,S13,S11,SI
484,483,1004.530249032395,120,S14,S13,SI
481,483,1147.782026253933,120,S11,S13,SI
485,484,1543.73741831019,120,S15,S14,SI
483,484,1004.530249032395,120,S13,S14,SI
486,485,1147.237527585286,120,S16,S15,SI
484,485,1543.73741831019,120,S14,S15,SI
485,486,1147.237527585286,120,S15,S16,SI
487,486,1374.765789533122,120,S17,S16,SI
488,487,1243.08239690174,120,S18,S17,SI
486,487,1374.765789533122,120,S16,S17,SI
487,488,1243.08239690174,120,S17,S18,SI
489,488,1336.382458241329,120,S19,S18,SI
490,489,1354.068094072334,120,S20,S19,SI
501,489,12217.2764796862,960,S31,S19,SI
488,489,1336.382458241329,120,S18,S19,SI
491,490,1319.754839192137,120,S21,S20,SI
489,490,1354.068094072334,120,S19,S20,SI
490,491,1319.754839192137,120,S20,S21,SI
492,491,1208.951391913314,120,S22,S21,SI
493,492,880.6718037467975,120,S23,S22,SI
491,492,1208.951391913314,120,S21,S22,SI
494,493,744.887690029625,60,S24,S23,SI
492,493,880.6718037467975,120,S22,S23,SI
493,494,744.887690029625,60,S23,S24,SI
495,494,847.3714580732824,120,S25,S24,SI
496,495,1135.940042318002,120,S26,S25,SI
494,495,847.3714580732824,120,S24,S25,SI
497,496,775.4136592128457,120,S27,S26,SI
495,496,1135.940042318002,120,S25,S26,SI
496,497,775.4136592128457,120,S26,S27,SI
498,497,2292.308620039843,180,S28,S27,SI
497,498,2292.308620039843,180,S27,S28,SI
499,498,800.036685822375,120,S29,S28,SI
500,499,1006.033798978326,120,S30,S29,SI
498,499,800.036685822375,120,S28,S29,SI
499,500,1006.033798978326,120,S29,S30,SI
501,500,763.5250037089953,180,S31,S30,SI
492,501,8645.355083152215,780,S22,S31,SI
500,501,763.5250037089953,180,S30,S31,SI
