"educm","heightm","BMIm","healthm","consm","extram","agreem","emom","autom","riskym"
2,186,28.905075,3,-0.752877,-0.360787,-0.711276,-0.291031,0.840217,0.479437
2,176,27.440599,3,0.345542,-0.805524,-0.251796,-0.305475,-0.064454,0.030303
3,187,23.163374,3,-0.759678,0.898007,-0.029462,-0.672859,-0.961691,-0.556598
1,184,29.241493,2,-0.455688,-1.053375,-0.041612,0.436133,0.121873,0.992084
1,174,23.781214,4,-1.440239,1.16373,0.29375,-0.538922,0.782285,-1.401034
1,186,21.967857,3,-1.008298,-0.484221,1.155301,0.267899,0.927354,0.011056
2,183,25.082863,3,-0.053616,-0.239318,0.21011,-0.119122,-0.16593,0.214206
3,187,25.165146,3,0.098379,-1.886778,-0.78698,0.57866,-0.560358,0.254636
2,183,23.589836,4,-0.752877,0.605231,-0.519388,-0.003096,-0.621982,0.052341
2,186,21.389755,4,0.098379,0.614413,-0.771109,0.578305,-0.925533,-0.635862
1,196,22.126198,3,-0.342548,-0.238336,0.12461,-0.257211,-0.374031,0.033874
2,184,30.422968,3,-0.473659,0.045259,-0.548776,0.204153,-0.441682,-0.16251
3,189,20.436157,4,-0.31195,-1.327788,0.513164,0.673043,0.685428,0.46953
2,184,23.334122,3,-0.475116,-0.502584,-0.182166,0.061718,-0.138131,0.208792
2,187,24.307243,2,-0.619582,0.055914,-0.017806,0.146962,0.403651,-0.215716
2,185,24.251278,3,-0.218238,0.879153,-0.128972,-0.239303,-0.50102,0.333223
2,173,19.379198,3,0.346999,-1.602201,0.235776,-0.048565,0.741027,0.156261
1,183,22.395414,4,-0.765505,0.898007,-0.548776,-0.804427,-0.187703,-1.023422
2,187,25.165146,3,-1.061237,-0.891741,0.461831,0.578318,0.871756,0.415473
1,184,17.722116,3,-0.423911,0.329836,-1.325885,-0.491399,-0.052401,-0.098538
2,189,24.635368,4,-0.60914,0.045259,-0.051407,0.179447,0.143646,0.185622
3,187,20.589664,3,-0.189097,-0.485204,-0.006149,0.457107,-0.937585,0.15562
2,189,19.316368,4,-1.277074,0.737847,-0.980728,-0.534731,-0.59647,-2.500424
2,178,17.674536,4,0.080408,-0.52193,0.75509,0.328878,0.109821,0.162756
2,183,24.187046,3,0.058066,0.047224,0.497294,-0.074134,0.375852,0.294174
2,182,24.151672,3,-0.475116,-0.238336,-0.267666,0.332665,-0.374031,0.076017
2,190,26.869806,4,-0.741707,0.453761,0.233916,0.286901,-0.16593,-0.095652
1,174,28.075043,3,-0.475116,0.311473,-0.303129,-0.201868,-0.132105,0.516364
2,168,31.887754,3,-0.454231,-0.237353,0.267518,0.371989,0.177472,0.173864
2,186,22.835011,4,-0.475844,-0.229645,-0.537119,-0.105922,-0.147851,0.771583
2,178,21.14632,3,-0.475116,0.605231,-0.780905,0.048568,-0.494993,-0.253276
1,173,26.729927,4,-0.628567,0.87817,-0.509592,0.806447,-0.389777,0.698947
3,182,24.151672,4,-1.286788,-0.768798,0.348804,-0.26068,0.496815,0.310248
3,189,20.15621,4,0.634474,-0.484221,0.513164,0.995286,-0.076507,0.505381
2,179,22.471209,4,-0.74462,0.75621,0.735498,0.144961,0.661323,0.47671
2,183,25.97868,3,-0.87573,1.429452,0.206389,0.266501,0.230783,0.566633
2,187,24.307243,3,-0.433346,-1.620564,0.75509,0.731607,0.165419,0.506621
2,189,24.635368,4,-0.62031,-0.37046,-0.295194,0.072111,0.149672,0.255009
2,187,22.877405,3,-0.743163,-1.071738,-0.755239,1.112603,-0.615956,0.083111
2,172,27.717686,3,-0.476572,0.481797,-0.025741,-0.24077,-0.231295,0.281158
1,175,27.102041,3,-0.189097,-0.238336,-0.251796,0.595612,-0.064454,0.245244
2,184,24.220226,4,-0.074501,-0.664218,0.469767,0.323823,0.336,0.097452
2,190,21.329639,4,-0.433346,0.063622,-1.864791,-0.644109,-0.981131,0.333267
2,193,24.69865,4,-1.009754,-0.218007,-0.529184,0.699456,-0.120052,0.149685
2,186,20.522604,3,-0.752877,0.31049,0.216185,0.025965,0.518587,-0.17413
2,187,24.307243,4,-0.43626,-1.335986,0.529035,1.240336,0.685428,0.233618
2,178,19.883854,3,-0.228681,-0.095064,-0.15836,0.011654,0.215037,0.266474
2,190,26.31579,1,-0.9175,-0.049648,-0.078935,-0.18726,1.048317,0.216692
2,188,28.293344,2,-1.333172,-2.150043,-1.135293,-0.458397,-0.2989,0.219942
3,189,24.355421,4,0.61359,0.31049,0.751369,0.592417,1.732834,0.106375
2,172,24.675501,4,-0.475116,0.774081,0.059759,0.178188,0.611751,0.167995
2,183,20.902386,4,0.078951,-1.356315,0.548627,1.13398,-0.628009,0.297577
1,184,25.106333,3,0.346999,0.009516,-1.016756,-0.217206,-0.417576,0.441214
2,173,20.047445,3,-1.429797,0.207384,-0.025741,0.148443,0.53064,0.333729
3,182,22.038401,3,0.366426,0.330818,-0.529184,0.336312,-0.374031,0.134847
2,180,26.851852,3,-0.752877,0.189021,0.103157,0.069814,0.088048,-2.381998
3,183,21.499598,3,0.367883,0.045259,0.235776,0.193427,-0.132105,0.290882
2,183,23.888441,4,-0.186183,-0.520947,-0.045333,-0.052401,0.363799,-0.131785
2,174,28.075043,3,-0.998584,-0.769289,-0.075213,-0.979569,0.060249,0.214608
2,185,22.790358,3,-0.342548,0.19722,-0.164435,-0.363271,-0.132105,0.181565
1,175,22.857143,3,-0.18764,0.046241,-0.267666,0.072229,0.189524,0.141984
1,176,26.794937,4,-0.18764,0.31049,-0.212612,0.538487,-1.11186,0.289798
3,182,21.132713,3,-0.18764,-1.072721,0.009722,0.335768,-0.374031,0.307566
3,183,25.082863,4,-0.765505,0.632776,-1.642457,-1.250754,-0.243301,0.31791
3,178,19.568235,3,-0.332835,0.472124,-0.121037,-0.302232,-0.445421,0.049031
3,185,19.868517,4,-0.472202,0.917352,-0.232204,0.930509,-1.123913,-0.847382
2,172,20.281233,2,0.469852,-0.390297,-0.511453,-0.424616,-0.693373,0.3056
3,185,25.127831,3,0.346999,-0.237353,-0.006149,-0.052401,-0.429629,0.160992
2,180,23.765432,4,-0.169669,-0.237353,-0.248075,0.57807,-0.615956,0.071088
2,183,22.395414,4,-0.18764,-0.257681,0.719628,0.182843,0.915301,0.275196
2,184,19.198959,2,0.346999,-0.238336,0.200314,-0.728804,0.165419,-0.449542
2,178,21.777554,3,-0.207068,-0.787161,0.216185,0.190184,0.109821,0.347544
3,181,24.419279,4,-0.209253,0.056406,-0.1565,0.011536,0.022683,0.564305
3,178,22.09317,4,0.080408,0.065587,0.719628,0.856592,0.407344,0.013984
3,186,26.014568,4,-1.442424,-0.918794,-0.479146,-0.066227,0.611751,0.248469
3,187,23.449341,3,-0.433346,-0.502584,0.774682,1.112603,-0.386083,0.378462
2,186,24.280264,4,-0.053616,0.59605,-0.232204,0.720646,-0.869934,0.220625
2,170,25.259516,3,0.633017,-0.21899,-0.006149,-0.027189,-0.318432,0.204625
3,191,19.18807,3,0.059523,-0.485204,-0.493721,0.18211,-0.671554,0.218936
2,176,22.920971,3,0.069237,0.746046,0.087287,0.061657,0.369825,0.312637
2,197,21.386791,3,0.078951,0.311473,0.75509,0.705992,0.419397,0.463679
2,185,22.498175,2,-0.465402,0.319671,-0.545054,-0.255139,-0.120052,0.806521
2,178,25.249338,4,0.077494,0.046241,0.271239,0.863531,0.133926,0.193114
2,190,21.606647,4,-0.473659,-1.052392,0.271239,0.431539,-0.120052,0.292525
3,183,28.367523,3,-0.476572,-0.769781,-0.287258,0.361289,0.685428,0.555989
2,179,20.910707,3,-1.009754,-0.21899,0.735498,0.841798,1.224878,-0.033456
1,190,26.03878,4,-0.723736,-1.601218,-0.235925,1.283991,0.443503,-0.060585
1,190,19.944599,3,-1.05978,-1.193698,-0.211554,-0.273014,0.831904,-1.969085
1,181,26.555965,3,-0.075958,0.586377,-0.39049,0.145223,-0.50102,0.24414
2,183,22.096807,2,-1.318114,0.065587,0.164852,0.030112,0.970899,0.179922
3,178,22.724403,4,0.635931,0.047224,1.016607,0.856048,0.221017,-0.430261
2,176,21.629648,4,0.080408,0.064604,0.255368,0.094197,-0.485227,0.207917
2,174,23.781214,3,-1.009754,-0.237353,-0.596388,-0.61118,0.741027,0.477789
2,190,22.99169,3,-0.330649,-0.352097,-0.061203,-0.366308,0.264609,0.534354
2,178,21.777554,3,0.080408,-1.053375,-0.267666,0.72119,0.133926,0.023367
1,186,30.061279,3,-0.454231,-0.218007,0.477702,0.076111,0.673375,0.307902
1,170,22.83737,4,-0.074501,0.330327,-0.265806,0.04743,-0.340205,0.465902
2,185,21.913805,4,-0.332835,0.746537,-0.796776,-0.385559,-0.649782,0.076762
2,175,23.510204,3,-0.207068,0.328853,-0.529184,-0.063173,-0.429629,0.039043
2,168,32.242062,2,-0.630024,-0.625036,-0.144843,-0.423733,0.288714,0.31999
2,186,26.014568,3,-0.065515,-0.361278,-0.546915,0.359667,0.100101,0.025752
2,183,25.680075,3,-0.740978,0.472616,-0.15836,0.476604,-0.4913,0.381965
2,196,26.551437,4,-1.277802,0.329836,-0.548776,0.317822,0.685428,0.30676
1,172,26.365602,3,0.36497,-0.806507,-1.310015,0.315169,-0.869934,0.195858
3,180,30.864197,1,-0.863831,-1.895959,0.721488,-0.376281,0.274375,-1.305943
3,183,25.381468,4,-0.352262,-0.341933,-0.277462,0.473337,0.254889,-0.188665
2,186,25.147415,4,-1.153492,0.472124,-0.416156,0.182598,0.282688,0.5117
1,180,22.222221,3,-0.165299,1.42847,-1.099831,-0.779042,-1.191564,0.427711
3,184,27.76465,3,-0.478029,-1.90514,-0.267666,0.061034,0.753079,0.40477
3,180,27.469135,3,-0.478029,-1.335986,-0.006149,0.571179,-0.318432,0.144229
3,187,22.877405,4,-0.06333,0.18853,-0.55485,-0.512902,0.437476,0.266555
2,180,23.456791,3,-0.764048,0.349673,0.051824,0.032741,-0.106592,0.176329
2,181,25.335003,3,-0.455688,-0.239318,0.235776,0.845632,-0.132105,0.330618
2,186,24.280264,3,-0.452774,-1.071738,0.997016,0.867009,0.915301,0.41784
2,182,23.245985,3,0.635931,0.028861,0.981145,0.432533,0.462943,0.152051
2,171,22.571047,3,0.181648,0.04575,-0.806572,0.220678,0.260915,0.434744
2,184,32.490547,4,-1.010483,0.59605,0.243712,0.355654,-0.104306,0.215552
3,180,37.65432,2,0.594162,-1.355332,0.290831,0.314504,0.003197,0.01443
2,174,31.377989,3,0.098379,0.329836,0.513164,0.9772,0.121873,-0.147382
2,180,24.074074,3,-0.18764,-0.370951,-0.675813,-0.623087,-0.937585,0.353598
2,179,28.713211,3,-0.189097,0.329836,-0.045333,0.973909,0.673375,0.102968
2,184,25.106333,0,-0.227952,-0.492911,0.37261,-0.026822,0.298434,0.245244
3,191,23.025684,3,0.078951,-0.219973,-0.041612,-0.197986,0.685428,-0.025157
3,194,19.396322,4,-0.88763,-0.228663,-0.164435,-0.522963,-0.286893,0.081253
2,176,18.724174,3,0.078951,-0.767815,-0.283537,0.186892,-0.374031,-0.130459
2,177,26.493025,3,-1.032096,0.329836,-0.287258,-0.723095,0.121873,0.236944
2,184,25.106333,4,0.346999,-0.218007,0.493573,-0.03467,-0.453734,-0.145895
2,187,27.16692,3,-0.62031,0.055914,-0.00987,-0.13477,0.304461,0.415191
2,175,26.12245,2,0.058795,0.045259,-0.943405,-0.456233,-0.241015,-0.746445
3,176,22.275311,4,-0.084943,0.755718,-0.937331,-0.089185,0.006937,0.321178
1,182,23.849777,3,-0.741707,-0.502584,-0.78698,0.032765,-0.615956,0.276241
2,180,23.765432,3,-1.009754,-0.086866,-0.055129,0.57581,0.484762,0.114305
2,178,24.302486,3,-0.743163,-0.787161,-0.564646,-0.57962,0.62983,0.113396
1,170,26.98962,3,0.346999,1.429452,-0.505871,-0.048379,-1.365838,0.429072
2,172,27.041645,4,-0.189097,-0.769781,0.513164,1.112603,0.685428,0.508068
3,176,22.598141,4,0.201804,0.026896,0.130684,0.139659,0.056509,0.372685
2,180,29.320988,4,-1.009754,-1.052392,-0.025741,0.57807,0.121873,-0.795376
2,176,22.920971,3,0.346999,-0.371443,-0.432027,-0.192647,-0.253068,0.009589
2,176,25.180784,4,-0.18764,0.615395,-0.826164,0.315357,0.487048,0.193954
1,186,22.545959,4,-0.21751,0.169676,-0.293333,-0.155665,-0.098279,-0.049979
2,179,24.96801,3,-0.478029,-1.603183,1.032478,0.59566,0.728974,0.451445
3,179,26.21641,3,0.058066,1.571249,-1.137719,0.478259,0.362392,0.134331
3,187,22.305471,4,0.61359,-0.389314,-0.822443,-0.288996,-1.50114,0.249179
2,175,26.12245,3,-0.741707,-0.52193,0.981145,-0.091798,0.605725,0.385478
2,182,24.755465,3,0.346999,-0.237353,-0.006149,0.321704,-0.064454,0.42674
3,176,22.275311,3,-1.153492,0.481306,-0.408221,0.143493,0.155699,0.298198
3,178,22.408787,4,-0.147328,0.31049,1.52005,1.223028,0.772519,0.548411
2,192,23.60026,2,-0.208525,0.31049,-0.78698,-0.095324,-1.235109,0.323557
1,195,21.827745,4,0.099835,1.163238,-0.806572,-0.058513,-0.120052,0.669272
3,187,24.307243,4,0.498265,-1.469585,0.118535,1.15766,0.350339,0.252188
2,180,27.777779,3,-1.029182,-0.541275,-0.00987,-0.430509,-0.386083,0.084679
2,174,26.423571,3,0.881637,-0.503567,-0.525463,0.168571,-0.306379,-0.439839
2,186,28.326975,4,-0.353719,-0.748961,0.198453,0.082978,1.020517,0.134408
2,196,26.291128,3,0.306686,-1.05141,0.513164,0.104379,-0.640062,0.631981
2,186,19.655451,2,-0.332106,0.054932,0.233916,0.073875,0.115847,0.200272
3,188,20.937075,4,-0.741707,0.311473,0.790552,0.745456,-0.132105,0.117041
2,186,21.678806,3,0.346999,-0.767815,0.477702,-0.266043,0.264609,0.632298
2,179,21.534908,4,-0.886173,1.163238,-0.580517,-0.225684,-0.203496,0.380502
1,172,18.929152,3,-1.029182,0.215583,-0.191962,-0.064641,0.645576,0.593702
2,172,24.675501,4,-0.496,-0.74847,0.997016,-0.077734,0.915301,0.097396
2,205,23.081499,3,-0.990327,0.045259,-0.283537,-0.682516,-0.374031,0.268643
2,182,23.245985,3,-0.18764,0.349181,-1.032627,0.105158,-0.052401,0.592356
3,188,23.766411,3,-0.907057,-0.114901,0.105018,0.013796,-0.076507,0.147742
2,180,25.308641,3,-0.741707,-1.195172,0.06162,-0.542104,0.082021,0.577181
2,170,20.761246,3,-0.209253,-0.494877,0.37447,0.250826,-0.132105,0.009908
3,180,23.148148,3,-0.762591,-0.768798,0.770961,-0.031379,0.673375,0.347465
2,174,21.138855,4,-0.053616,-0.229645,-1.08396,-0.347856,-0.40183,0.152934
2,182,21.736506,3,0.366426,0.065587,-0.771109,0.581906,-1.489087,0.137532
2,178,23.355637,2,-0.752877,0.189021,-0.683748,-0.185193,-0.628009,0.011577
1,182,22.642193,4,0.498265,-0.238336,-0.527323,0.787151,-0.721173,-0.01928
2,184,25.697069,3,0.366426,0.046241,-0.283537,0.585739,-0.064454,0.294251
3,180,24.382715,4,-0.209981,0.046241,1.016607,0.984325,0.673375,0.760148
2,185,24.251278,3,0.06098,-0.502584,0.981145,0.703104,0.605725,0.722601
2,183,22.096807,4,1.169113,0.879644,0.513164,0.628495,-0.187703,0.313543
2,187,25.165146,2,0.058066,0.879644,1.258533,-1.089839,0.097768,0.28527
2,184,25.992439,2,-1.810984,-1.034029,1.012886,0.712696,0.351746,0.065991
2,182,22.642193,4,0.901065,-0.786178,1.016607,0.727771,0.982952,0.245889
2,186,23.413111,4,0.06098,0.614413,0.44224,-0.21264,0.605725,0.275598
2,187,22.877405,3,-0.218967,-0.360787,-0.164435,0.205953,0.248863,0.566695
2,170,24.913494,2,0.212246,-0.333734,-0.049547,-0.24966,-0.640062,-0.611952
2,182,27.472527,2,-0.60914,-0.351606,-0.053268,-0.189534,0.13762,-1.975964
2,178,31.561672,4,-0.741707,0.311473,0.251647,0.677133,-0.132105,0.440057
2,178,24.618103,2,-0.473659,-0.238336,-0.564646,-0.476724,-0.132105,0.582297
3,189,23.795527,4,-0.313407,-0.058338,-0.509592,0.986303,-0.953332,0.12667
2,189,27.994738,2,0.087208,-0.238336,-0.482065,1.080678,-0.857882,0.173864
2,175,26.12245,3,1.188541,-1.089118,0.548627,0.382761,-1.135966,0.594565
3,175,26.775511,4,-0.606954,-0.36177,0.087287,0.222356,-0.16593,0.346439
3,183,22.395414,4,0.345542,-0.522913,0.477702,0.574423,0.363799,0.33371
2,184,31.309074,3,-0.054345,0.61343,-0.658082,-0.4161,-0.368004,0.323463
1,186,25.147415,3,-0.094657,-0.484713,-0.40636,-0.139505,-0.092253,0.298339
2,188,25.46401,4,-0.18764,-0.786178,-0.545054,0.05838,-0.374031,0.136072
1,180,22.530865,3,0.50045,0.18853,-0.146704,0.455273,-0.324459,0.169894
2,184,24.515596,3,0.19209,-0.219481,-0.277462,0.2129,0.02871,0.422352
2,178,24.618103,4,0.080408,-0.767815,0.981145,-0.355477,0.661323,0.578362
3,173,24.056934,4,-0.762591,0.177383,0.059759,0.08325,0.73874,0.239853
2,187,20.589664,3,-1.430525,0.179348,0.164852,0.146239,1.014491,0.574712
2,177,24.89706,4,-0.208525,0.046241,-0.025741,-0.059292,0.121873,0.227641
3,180,19.444445,4,-0.743163,-0.503567,0.009722,1.244762,-0.374031,0.197488
3,187,19.731762,3,-0.761134,-0.067029,1.639153,0.857873,1.97476,-0.083916
2,182,20.830818,4,-0.362705,-0.095556,-0.582378,-0.242558,-0.038941,-0.26061
2,180,23.148148,3,-0.18327,1.996641,2.039364,0.944742,1.014445,-1.360991
2,195,20.512821,3,-0.884716,0.443597,-0.796776,-0.399754,-0.213216,0.103649
2,178,24.302486,3,-0.332835,0.736864,-0.685609,-0.661408,-0.380057,0.262129
1,171,23.93899,2,0.633017,-0.625527,-0.659943,0.642528,0.443503,-0.013929
2,188,24.049343,3,0.078951,0.329836,0.271239,0.108261,-0.937585,0.065034
3,178,25.880571,3,-0.094657,0.18853,-0.40636,-0.10752,-0.120052,0.190504
1,196,24.468971,4,-0.190554,-0.503567,0.216185,0.211279,-0.144158,0.698906
2,193,26.846357,4,-1.42154,0.064604,0.079351,-0.119854,0.397624,0.37112
3,192,25.499132,3,-0.618853,0.329836,-0.285398,-0.121856,-0.380057,-0.050618
3,187,20.875633,4,-0.762591,-0.209808,0.311481,0.281169,0.986692,0.226257
2,176,27.440599,4,-1.163934,-0.504058,0.198453,0.002882,0.357773,0.504738
2,178,25.880571,3,-0.475116,0.046241,-0.267666,-0.326853,-0.628009,0.021438
3,180,24.691359,4,0.191362,-0.503075,0.354879,0.209479,0.23681,0.028961
2,190,23.545706,4,-0.618853,1.013242,-0.148564,0.566062,0.43145,0.634223
2,173,24.391058,3,-0.723736,-0.804541,-0.303129,0.440203,0.62983,0.173864
2,184,26.583176,3,-0.621038,0.178857,-0.017806,-0.080662,-0.005116,0.02138
2,195,24.983564,4,-0.321664,-0.085391,0.243712,0.065066,-0.413882,0.462529
2,178,22.724403,4,0.345542,-1.337952,-0.287258,0.456918,0.685428,0.601704
1,178,26.827421,4,-0.053616,-0.086374,-0.312925,-0.615464,0.270635,0.38291
1,182,25.359257,4,0.080408,0.879644,-0.287258,-0.729986,-0.949638,0.175272
2,183,22.992624,3,-0.075958,-0.228663,-0.962997,-0.14456,-0.042681,0.418121
2,184,20.675804,4,-0.619582,-0.237844,-0.025741,0.15436,0.276662,0.361859
3,173,25.059307,3,-0.208525,0.614413,0.235776,-0.209941,-0.640062,0.133686
3,177,33.515274,4,-1.029182,-1.318606,0.232055,1.112603,0.673375,0.504298
1,175,26.12245,2,-0.31195,-0.371934,-0.267666,-0.644029,-0.937585,0.149642
2,168,22.675737,3,0.212246,0.189513,0.031174,0.311063,-0.70912,0.001651
2,176,25.180784,3,0.080408,0.879644,-1.310015,-0.355525,-1.433489,0.386121
2,186,22.835011,4,-0.205611,0.879644,0.735498,-0.067834,-0.267407,-3.003805
2,176,26.472107,3,0.615046,-1.316641,0.477702,-1.124998,-0.144158,0.632298
2,172,21.971336,3,0.326114,-0.180299,0.216185,0.464401,-0.08856,-0.390838
1,184,27.76465,3,-0.455688,0.168693,-0.249935,0.309673,-0.467194,0.2837
2,185,24.543463,4,-0.208525,0.046241,-0.057482,-0.618849,0.121873,0.431755
2,180,25,3,0.919036,-0.767815,0.216185,1.490711,1.800485,-0.349992
3,176,21.952478,3,0.223417,-0.219481,-0.267666,0.00809,0.034736,-1.518755
2,181,23.808798,3,-0.762591,0.898007,-0.790701,-0.429965,-0.374031,-0.052624
3,188,28.010412,4,-0.055801,-1.336969,0.132545,0.588876,0.062535,0.248474
2,190,26.31579,3,0.069237,1.030623,0.227841,-0.205787,0.066275,0.386901
3,183,20.902386,4,-0.475116,-0.788144,-0.303129,-0.106285,-0.132105,0.224615
2,183,23.888441,3,-0.454231,-0.540293,0.997016,1.112603,1.169279,0.280934
2,193,22.282478,4,-0.723736,0.063622,-0.806572,0.311287,-0.683607,0.463071
2,159,22.942131,1,-0.198082,0.775555,-0.215768,-0.493295,0.109821,-1.636752
2,184,20.085066,4,-0.248837,0.367544,-0.897089,-0.696628,0.661323,-0.07043
2,175,22.857143,3,-0.064787,0.054932,-0.144843,-0.103568,-0.40183,0.122679
3,189,20.716105,4,-0.473659,0.879644,0.75509,0.717187,-0.08856,0.463036
3,193,22.819405,3,-0.341092,0.311473,-0.267666,0.108711,-0.374031,0.191149
2,178,23.04002,3,0.89208,0.329344,-0.537119,-0.451272,-0.092253,0.656542
3,180,20.370371,3,-0.218967,-0.370951,-0.182166,0.226369,0.115847,-0.071254
2,186,27.459822,3,-0.886901,-0.768307,0.190518,0.120493,0.611751,0.554344
3,193,22.282478,3,-0.352262,0.197711,-0.174231,-0.175127,0.143646,0.488697
1,192,20.887587,4,0.507979,-0.086374,0.095222,1.35835,0.115847,0.237843
1,178,26.196188,2,-0.054345,-0.503567,0.356739,-0.046803,0.425424,0.070646
2,198,21.681461,4,-0.186183,-0.541275,0.029313,0.57748,-0.361978,-0.009876
2,176,27.117769,3,-0.474387,0.452287,-0.78698,0.117683,-0.17939,0.095496
2,192,29.839409,3,0.615046,0.330818,-1.587403,-0.483043,-1.179511,-0.031896
2,175,24.163265,3,-0.331378,-0.370951,-0.303129,-0.351878,-0.132105,0.016848
1,182,21.132713,3,-0.074501,-0.493894,-0.432027,0.036623,0.1279,0.683127
2,190,22.437674,4,-0.741707,0.746537,-0.410082,0.240698,0.177472,0.119449
2,190,22.160666,3,0.366426,0.349181,-0.006149,0.179411,-0.318432,-4.286798
1,180,22.530865,3,0.594162,-0.257681,0.271239,0.980444,-1.191564,0.082516
2,181,30.524099,3,-0.454231,0.878661,0.75509,1.090635,0.109821,-0.092726
2,187,28.596758,4,-1.008298,0.737355,0.450175,0.132804,0.280355,-0.138442
2,183,24.784258,3,0.499722,1.021441,0.232055,0.986243,-0.144158,0.306959
3,175,32.653061,2,-0.596512,-0.10572,-0.929395,0.478605,0.542693,-0.034419
2,179,24.343809,4,-0.18764,0.879644,-1.032627,0.079543,-1.544686,-2.640458
2,197,25.251875,4,0.099835,-0.749452,0.997016,0.826551,0.859703,0.175113
2,174,23.781214,3,0.346999,0.59605,-0.006149,-0.42284,0.189524,0.042095
2,183,27.173101,3,-0.342548,-0.067029,-0.947127,-0.087338,-0.661834,0.310388
2,182,28.680111,2,-0.98887,0.046241,0.271239,1.112603,0.189524,0.276005
3,193,24.967113,3,-0.229409,0.632776,-1.068089,-0.422484,-0.120052,0.656598
2,183,22.096807,3,-0.053616,0.31049,-0.693544,-0.276047,-0.126079,-0.103785
2,185,21.329437,4,0.490736,-0.360296,-0.251796,0.161416,-0.782797,0.267639
2,181,28.08217,3,-0.495272,-0.919777,-0.562786,-0.078776,-0.253068,0.266356
2,189,19.596315,4,-0.87573,-0.485204,0.481916,0.542295,0.577925,0.441299
3,170,24.913494,3,0.367883,-0.749452,0.75509,0.471405,-0.707713,0.177553
1,186,21.389755,4,-0.18764,0.330818,-0.78698,0.193736,-0.925533,0.589028
3,178,26.827421,4,-0.599426,0.187547,-1.066229,-0.046696,-0.395803,0.359254
3,188,26.029879,4,-1.256918,-1.090101,-0.283537,0.582092,0.133926,0.123459
2,189,21.835896,3,0.346999,0.614413,0.477702,0.33979,-0.144158,0.519734
2,188,22.634676,3,-0.34182,-1.185499,0.346943,0.02464,0.772566,-0.185117
2,181,26.861206,3,0.633017,-1.754162,0.279174,1.249853,-0.219242,-0.098538
3,180,20.987654,4,0.080408,-0.74847,0.790552,0.738188,-0.132105,0.396384
2,186,22.545959,3,0.078951,0.04575,-0.408221,-0.112469,-0.562644,-0.130439
1,184,22.743383,3,0.367883,-0.237353,0.532756,0.44986,-0.881987,-0.638018
2,167,25.816629,2,0.634474,-0.238336,-0.045333,0.212105,0.617777,0.535015
2,196,19.523115,2,-0.198082,0.187547,-0.328795,-0.055125,0.496815,-0.144417
3,173,30.739416,3,-0.18764,-0.219973,-0.564646,0.05838,0.177472,0.370761
2,186,26.014568,3,-0.496,0.736864,-0.249935,0.344787,0.32254,0.501851
1,172,25.351542,3,-0.207068,-1.033047,-1.103552,-0.842755,-0.330485,-3.011199
2,184,22.152647,3,-0.198811,0.330818,-0.164435,0.08145,-0.231295,0.787687
2,178,26.511805,3,-0.743163,-0.238336,0.75509,0.995286,0.617777,0.415114
3,177,22.343515,3,0.346999,-1.05141,1.016607,0.731607,0.673375,0.079311
3,178,26.511805,4,-1.98532,0.217057,0.703757,0.405883,0.986692,0.239189
3,179,19.974407,4,0.087936,-0.797817,-1.31795,-0.233289,-0.516766,0.215855
3,181,22.587833,3,-0.513971,0.044276,-2.106716,-0.029581,0.21363,0.187056
2,170,21.107267,3,0.080408,0.349181,0.255368,0.204388,-0.374031,0.150207
1,183,25.680075,4,-0.208525,-0.21899,-0.509592,-0.169717,-0.107999,-2.057678
1,173,24.391058,4,-0.741707,0.329836,1.223071,-0.098923,1.466803,0.242595
2,198,20.151005,3,-0.227952,-1.335986,0.45811,-0.348183,1.478856,-0.3456
2,185,22.790358,4,-1.554107,0.870954,-0.162574,-0.006068,-0.407856,0.511052
2,185,23.374725,3,-0.783476,1.446832,-1.099831,-0.710833,0.697481,0.441381
3,194,24.710384,3,0.614318,0.189021,-1.310015,-0.770414,-1.433489,0.629072
3,175,23.183674,4,0.078951,0.328853,-0.822443,-0.333436,-0.937585,0.496076
2,185,26.004383,2,-0.209981,-0.219481,-0.297054,-0.159052,0.143646,0.36122
2,192,21.430122,3,-0.741707,-0.645855,0.452035,-0.073675,0.611751,0.711101
3,187,22.877405,3,-0.331378,0.311473,-0.006149,0.2129,-0.628009,0.363264
2,182,21.132713,3,-1.29723,0.328853,-0.596388,-0.977971,0.121873,0.31791
1,185,24.251278,2,0.634474,-1.05141,0.532756,0.460802,-0.17565,0.2352
2,179,28.08901,2,0.080408,0.472616,-0.632415,-0.537546,0.384165,0.135546
3,185,19.284149,3,0.078951,-0.806507,-0.248075,0.189311,-0.925533,0.317267
3,179,24.343809,3,0.191362,0.311473,-0.529184,0.106568,-0.473221,0.453091
2,177,25.216253,3,-0.198082,-0.228663,-0.285398,-0.136145,-0.07048,0.355323
2,186,20.233553,3,-0.608411,0.737847,-0.041612,0.175683,-0.286893,0.346522
2,180,25.308641,4,-1.143778,0.188039,-0.303129,0.140286,-0.132105,0.251084
2,173,26.395803,3,-0.197354,-0.238336,-0.303129,-0.285503,0.43145,-3.540695
2,178,26.511805,2,-0.066972,-0.646838,0.120888,0.740214,-0.187703,0.413668
3,178,23.04002,4,-0.507171,-0.36177,0.198453,-0.052129,0.893528,0.0993
2,175,22.204082,4,-0.897343,-1.053375,-0.154639,0.26861,0.155699,-0.037788
2,174,23.781214,4,-0.950014,0.859316,-0.228483,1.069914,-1.223056,-0.086308
3,178,24.93372,3,0.345542,-1.620564,-0.029462,0.244256,1.23693,0.41969
2,172,27.379665,4,0.078951,-0.787161,1.535921,0.738546,0.605725,-1.33096
2,172,27.379665,4,-0.189097,0.045259,0.290831,1.112603,-0.671554,0.206592
2,190,24.930748,4,-2.941458,0.289179,-2.645622,-0.425514,-1.024676,-2.529978
2,190,22.714682,4,-0.597969,0.063622,-0.041612,-0.846862,-0.259094,0.17657
2,181,26.555965,4,-0.743163,-0.219973,0.493573,0.331652,0.982952,0.24813
2,177,22.024323,3,-0.741707,-0.749452,-0.287258,0.570945,0.43145,0.558674
2,187,18.301924,3,-0.061873,-0.254733,-1.123144,-0.335104,0.800365,-0.507071
2,182,25.661152,3,-0.600154,0.330327,-0.025741,-0.055846,-0.69566,0.436507
2,178,21.461937,4,-1.315201,1.42847,-0.248075,0.083424,-0.615956,0.298777
2,182,24.151672,3,-0.476572,-0.096047,-0.667878,-0.317421,0.062535,0.499844
2,176,21.952478,3,-1.020925,-1.611873,0.051824,0.127539,0.865729,0.171702
2,198,20.40608,4,-0.207068,-0.361278,-0.17237,0.207987,0.685428,0.349029
2,185,23.959095,4,-1.295773,-1.035995,0.703757,0.724789,1.732834,0.268903
2,184,35.444233,2,-1.256918,0.878661,-0.248075,-0.141308,-0.727152,-0.773158
3,194,24.178978,4,-0.313407,-0.228171,0.390341,1.145025,0.840217,0.442423
2,185,27.757486,3,0.61359,0.878661,0.200314,-0.087983,0.617777,-0.773158
2,183,20.603781,2,0.06098,0.026896,0.251647,-0.148339,-0.132105,0.433696
2,178,22.724403,3,-1.054437,0.009516,-2.645622,-1.516386,-0.492707,-0.301304
2,176,24.212294,3,-1.277802,0.61343,-0.584238,-0.740403,0.419397,-0.773158
2,193,28.188677,3,-2.272796,-1.601218,0.739219,-0.215835,1.490909,0.121055
2,188,20.937075,3,0.324657,-0.520947,1.258533,0.233295,0.915301,0.280934
3,200,20.5,3,0.902522,-0.503567,0.045184,1.522505,-0.615956,0.156261
2,184,25.697069,3,-0.475116,-0.749452,-0.248075,0.182466,0.201577,0.209554
3,185,19.868517,3,-0.207068,-0.502584,0.513164,0.856048,0.177472,0.286508
2,183,25.680075,3,0.899608,-0.52193,0.251647,0.863531,0.177472,0.173864
1,198,28.058361,3,0.101292,-0.52193,-0.322721,-1.032941,-0.707713,0.365224
1,192,26.041666,3,0.92195,0.614413,-0.287258,0.62196,-0.386083,0.79258
1,178,25.880571,4,-1.298687,-1.071738,0.45811,-0.451887,-0.465787,-1.396919
2,180,25,2,-0.743163,0.026896,0.200314,0.157799,0.363799,0.171697
2,185,21.913805,3,-0.189097,-0.237353,-0.806572,-0.051622,0.133926,0.337113
2,183,23.291229,4,0.068509,-0.493894,-0.287258,0.22733,-0.132105,0.370704
2,190,24.930748,4,-0.455688,-0.238336,-0.006149,0.336312,-0.628009,-0.432326
2,170,26.98962,4,0.222689,0.178857,-0.433888,-0.471135,0.177472,0.547689
2,186,26.59267,4,0.058795,0.04575,-0.287258,-0.386032,-0.358284,0.302125
2,189,23.515579,4,-0.208525,0.575721,0.196593,0.325944,0.804105,0.583943
2,176,29.377583,4,0.901065,0.614413,1.761976,1.24088,0.339693,0.381147
2,182,25.661152,3,-0.475116,-1.052392,-0.564646,0.18301,0.43145,-0.354983
2,178,24.93372,3,0.078951,1.163238,-0.790701,-0.137615,-0.683607,0.626244
1,179,27.776911,3,-1.163934,-0.096047,-0.182166,-0.082812,-0.011142,0.428267
3,179,26.528511,3,0.099835,0.309507,-0.263945,0.172284,0.145979,0.041655
2,163,26.346495,2,-0.475116,-0.730107,0.735498,0.962592,1.113681,0.255708
2,178,24.93372,3,-0.074501,0.036077,-0.017806,0.064832,0.121873,0.193274
3,181,21.366869,4,-0.209253,0.311473,-0.416156,0.350399,-0.253068,0.343975
1,187,28.024822,4,0.367883,-0.503567,0.251647,0.218452,-0.132105,0.334793
3,187,23.735308,4,0.366426,-0.482256,0.009722,0.782205,-0.064454,0.47895
2,172,27.717686,4,-0.475116,-0.645855,-0.564646,-0.07854,-0.132105,0.160071
1,189,19.596315,3,-1.030639,0.614413,-0.041612,-0.351878,-0.132105,0.22728
2,183,26.277285,3,-0.310493,-0.389805,-0.424092,-0.296867,-0.971411,0.112993
3,190,21.052631,3,0.059523,0.026896,0.235776,0.742923,-0.132105,0.207951
2,185,21.913805,1,0.059523,-1.05141,-0.025741,0.268611,0.066275,-0.58778
3,182,24.151672,3,0.058795,0.339017,-0.39049,0.275357,-0.374031,0.142371
3,187,26.309017,3,-0.762591,-0.910595,0.743433,0.985652,1.478856,0.483907
1,183,22.395414,3,0.058066,-1.336969,-0.00987,0.217814,0.43145,0.019397
2,185,21.913805,3,-0.331378,-0.086374,-0.416156,-0.341095,-0.407856,-0.905798
3,190,24.930748,3,-1.297958,0.177874,-0.719211,-0.430984,0.121873,-0.143792
3,178,23.04002,4,-0.475116,0.329836,-0.303129,-0.326901,-0.259094,0.458564
2,192,22.786459,4,-0.34182,0.207384,-0.93547,-0.097243,-0.748972,0.514624
2,193,26.309431,3,-0.475116,-1.072721,-0.303129,-0.212828,0.43145,0.322839
3,183,29.860552,1,0.36497,-1.638927,-1.08396,-0.308055,-0.374031,-0.036623
1,173,25.059307,4,0.078951,0.045259,-0.564646,-0.465951,-0.132105,0.185973
2,187,26.594984,3,-1.161749,0.055914,-0.164435,-0.068349,-0.259094,0.778526
2,184,25.697069,3,-1.021653,-0.380133,-0.578656,-0.851471,-0.280867,0.192449
3,176,24.212294,3,0.211518,-0.09703,-0.798637,-0.597353,-0.628009,-0.030929
2,175,26.12245,4,-0.454231,-0.768798,0.75509,0.848923,0.673375,0.06375
2,189,20.436157,3,0.902522,-0.541275,-1.290423,0.351745,-1.365838,-0.11414
2,172,26.365602,3,-1.154949,-0.351606,0.582794,-0.165906,-0.431962,0.258781
2,175,29.387754,4,-0.62031,0.329836,-0.015945,0.025965,-0.126079,0.455936
2,178,20.199471,4,-1.338999,1.163238,-0.600109,-0.686212,0.927354,0.311933
3,182,24.453568,4,0.510164,0.207384,0.43746,1.775224,-0.50476,0.473814
3,187,22.305471,3,0.058066,0.055423,-0.025741,-0.096831,-0.132105,0.25856
3,176,23.889463,3,0.221232,-0.788635,0.101297,0.346612,0.899555,0.47334
1,187,26.309017,4,0.078951,-0.21899,-0.529184,0.189545,-0.628009,0.209995
3,185,25.712198,4,-0.619582,0.340491,0.091501,0.54769,0.63955,0.288902
2,187,24.59321,4,0.367883,0.31049,-1.310015,0.054095,-1.997044,0.186417
2,182,22.944088,3,0.078223,0.197711,-0.128972,-0.133524,-0.219242,0.16332
3,180,18.518518,4,-0.352991,-0.086866,0.235776,-0.501206,0.657629,-0.18108
2,173,26.729927,3,-0.763319,-0.361278,-0.832238,-0.837887,-0.352258,0.17657
2,202,17.645329,4,0.367883,0.349181,-0.319,0.307996,-0.132105,0.066713
2,186,26.014568,4,0.099835,0.879644,0.477702,0.460754,0.673375,0.244086
2,170,23.875433,3,-0.454231,-0.768798,0.235776,-0.608196,0.487048,-4.286798
2,192,27.126736,3,-1.029182,-0.219973,-0.287258,0.467879,-0.132105,-0.054226
3,175,26.12245,1,0.633017,1.021441,-0.521249,0.487471,-0.092253,0.057836
2,176,24.212294,4,-0.352991,0.45327,0.261443,0.107942,0.000911,0.252003
2,185,23.374725,3,0.077494,-1.337952,-1.08396,0.586095,0.133926,0.750475
3,193,22.819405,3,-1.040353,-0.389314,0.346943,-0.072409,0.546386,0.639339
2,185,23.374725,4,-0.609868,0.45327,-0.658082,0.213196,-0.494993,0.04013
3,192,23.328993,3,-0.207796,-0.503075,-0.174231,-0.054249,0.397624,0.013703
2,186,21.967857,4,-0.34182,-0.36177,-0.779045,-0.037488,-0.925533,0.10042
2,186,21.678806,3,-0.630024,-0.503567,-0.191962,0.013631,0.490788,0.169051
2,185,24.251278,4,0.078951,0.86948,-0.816368,-0.868159,-0.153878,-0.079176
3,183,23.291229,4,-0.043174,-1.232389,-0.461415,-0.386271,0.209011,0.44543
2,170,23.183392,4,-0.361976,0.055423,-0.148564,0.259,-0.032915,0.096609
3,172,21.971336,4,-0.618125,0.463434,-0.277462,-0.279146,-0.280867,0.025274
2,173,21.049818,3,-0.065515,0.339017,-0.015945,-0.059611,-0.098279,0.284903
2,194,23.913275,2,-0.494543,-0.52193,-0.251796,-0.158877,-0.937585,-0.012206
2,174,27.08416,3,0.34627,-0.381115,0.079351,0.137042,-0.011142,0.257213
2,191,24.122147,3,-0.741707,-0.256698,0.493573,0.848923,0.363799,0.261526
3,180,25,3,0.096922,-1.070755,-0.232204,1.229919,-0.814336,0.491106
1,170,25.951557,3,0.068509,-0.503567,-1.068089,0.259816,-0.374031,-0.144098
2,196,23.427738,3,-1.15422,0.04575,0.095222,0.135954,0.143646,0.091397
3,187,17.72999,3,-0.484101,-0.541275,-1.351552,-1.000923,0.167752,0.490147
2,187,28.596758,4,0.635931,0.879644,0.045184,-0.408897,-1.489087,0.182329
3,175,26.775511,4,0.068509,0.320654,0.913376,0.879226,0.022683,0.414975
2,173,25.059307,4,0.078951,-0.50455,-0.303129,-0.143007,-0.005116,0.218734
3,183,20.902386,4,-0.434803,-0.787161,0.235776,0.445911,-0.949638,0.372804
2,177,22.343515,4,-0.18764,0.065587,-0.232204,0.570185,-0.560358,0.141266
3,187,24.59321,3,0.099835,-1.317624,0.493573,0.984325,1.23693,0.262847
2,184,21.561909,3,-0.302236,-0.237844,-0.006149,0.543298,-0.881987,0.07552
1,187,20.875633,4,0.080408,1.163238,0.997016,0.46021,0.605725,0.006003
1,183,26.874496,4,-0.475116,0.615395,0.981145,0.061456,0.407344,0.136489
2,185,19.576334,4,0.058795,-0.484221,-0.027602,-0.166036,0.115847,0.153392
2,176,24.212294,4,-1.60559,0.633758,-1.38094,-0.554335,0.121873,0.382913
2,180,32.407406,4,-0.032732,-1.630728,0.174647,0.106185,-0.459761,0.177113
2,178,23.671253,4,-1.020925,0.187547,-0.269527,0.403422,0.437476,-0.092086
3,179,24.343809,3,-0.473659,-0.23637,0.477702,0.200318,0.363799,-0.054428
3,187,21.447567,4,0.387311,0.31049,0.513164,1.49748,-0.330485,0.105618
2,181,24.72452,3,-0.343277,0.745554,-0.00801,0.474982,-0.380057,0.099758
3,187,29.168692,3,-0.631481,0.330327,-0.121037,0.490856,-0.247041,0.275842
2,180,24.074074,1,-0.208525,-0.503567,1.016607,0.73485,0.363799,0.323244
3,175,24.163265,4,0.366426,0.331801,1.016607,0.852166,0.419397,0.242319
2,161,26.233557,4,-0.536313,-1.053375,-0.370333,-1.216722,-0.818909,0.510753
2,181,26.250725,3,-0.197354,0.055914,-0.326935,-0.838874,0.078281,0.508949
2,190,22.714682,3,0.101292,0.046241,-0.006149,0.471949,-0.993184,0.119287
2,187,21.733536,4,-0.741707,-0.219973,-0.006149,0.72119,-0.374031,-0.075976
2,183,20.902386,4,-0.741707,0.02493,-0.232204,1.115612,0.455556,0.280934
2,178,22.408787,4,0.078951,0.329836,0.513164,0.019099,0.177472,0.024066
2,182,26.566839,2,-0.475116,0.036569,0.626192,0.42345,0.83419,0.230665
2,182,23.54788,4,-0.711837,-0.361278,0.219906,-0.004244,0.657629,0.372003
2,191,24.396261,3,0.633017,-1.071738,-0.267666,0.233247,-0.374031,0.486089
2,172,27.379665,2,-0.475116,-0.558656,2.039364,1.122193,1.355607,0.449439
1,173,23.722811,4,-1.316658,-1.884812,1.05207,-0.012889,1.248983,-0.096815
2,190,20.775623,3,-0.599426,0.452287,0.469767,0.193816,-0.171957,-0.04465
2,181,20.756388,3,-0.075229,-0.760108,-0.30499,0.040667,0.088048,0.075361
2,178,22.724403,3,0.098379,-0.52193,-0.545054,0.083546,-0.120052,0.439414
1,178,23.671253,3,-1.851296,-0.485204,-0.303129,-0.120705,-0.132105,0.395944
2,172,24.675501,3,-0.208525,-0.503567,0.251647,0.221696,0.375852,-0.199662
2,176,23.243801,4,-0.342548,-0.229154,-1.050358,0.213196,-0.550591,0.472318
2,189,22.115843,4,0.634474,0.879644,-0.564646,-0.066465,0.375852,0.678654
2,173,21.718065,4,0.61359,0.082967,0.719628,0.592913,0.970899,0.304794
2,198,23.466993,3,-0.619582,0.481797,-0.166296,-0.189712,0.778592,-0.083846
1,184,22.152647,2,0.34627,-1.062557,0.216185,0.042514,0.23681,0.34604
2,178,25.249338,4,-1.133336,-0.068011,0.319416,0.735159,0.986692,0.050574
1,181,27.166449,3,-0.475844,0.046733,-0.416156,0.26087,0.000911,0.114534
3,187,23.163374,3,-0.341092,-0.238336,-0.293333,-0.508356,-0.280867,-0.928187
2,175,24.489796,3,0.920493,-1.601218,0.497294,0.73968,0.685428,0.307566
2,180,29.629629,3,-1.29723,-0.238336,0.513164,0.082646,-0.386083,0.107661
2,176,25.826447,3,0.099835,0.594084,0.513164,0.71653,0.995005,-0.266243
2,172,22.309357,4,-0.876459,0.044767,-0.067278,-0.279859,0.651603,-0.247754
2,178,23.355637,4,-0.609868,0.055423,0.208249,-0.599294,0.13762,-2.145713
2,185,21.329437,3,-2.119344,-0.911087,-0.08687,-0.695043,0.147386,0.195261
1,185,27.757486,4,-0.186183,-0.23637,0.774682,0.955467,0.685428,0.053442
3,176,29.700413,2,-1.020925,-0.228171,-0.675813,0.14038,-0.219242,0.408159
2,180,27.469135,2,-0.743163,-1.070755,0.513164,0.349334,0.177472,0.330503
1,183,31.353579,2,0.078951,0.047224,0.719628,0.449793,0.605725,0.12057
1,168,28.344671,3,0.345542,0.879644,-0.283537,0.086789,-0.374031,0.342208
1,168,26.57313,3,-0.60914,0.879644,-0.295194,0.394744,0.43145,0.272234
2,190,22.714682,3,0.080408,-0.768798,0.774682,0.193071,0.177472,0.436011
2,178,26.827421,3,-0.352991,0.074769,-0.529184,0.000786,-0.219242,0.175449
1,182,28.680111,3,0.096922,0.879153,0.160072,1.053944,-0.532559,0.649563
2,198,23.977144,4,-0.341092,0.472616,-0.182166,0.019111,0.397624,0.521341
3,173,26.729927,3,0.096922,-1.336969,-0.771109,0.86024,-0.417576,0.237589
2,190,22.160666,4,-1.027725,-1.052392,0.44224,-0.208947,0.788312,0.460186
3,192,24.685329,4,-0.720822,-0.21899,0.306701,1.511733,0.003197,0.113311
3,173,24.725183,4,-1.030639,0.178857,0.190518,0.21155,-0.205782,0.254306
2,183,20.902386,3,0.901065,0.614413,-0.493721,0.445959,0.201577,-0.773158
2,182,27.774424,3,-0.322392,0.187547,-0.041612,-0.348231,0.177472,0.06469
2,182,24.151672,3,-1.020197,-0.086374,-0.285398,-0.103981,-0.126079,0.116702
2,184,28.946125,4,-0.207796,0.339509,-0.652007,0.207655,0.316514,-0.334502
2,174,24.772097,4,0.346999,-0.541275,0.75509,0.471171,0.673375,0.335513
3,183,24.485653,3,-0.475116,-0.238336,-0.025741,0.04337,-0.076507,-0.286013
1,176,27.440599,3,-0.762591,-0.34095,0.095222,0.18963,0.651603,-4.286798
2,180,24.691359,2,-0.454959,-0.655037,-0.439962,-0.40329,0.183498,-1.703093
2,182,22.642193,4,-0.465402,0.045259,-0.295194,-0.070323,0.121873,-0.019252
2,175,22.857143,3,0.212975,0.329836,-0.398425,0.020992,-0.374031,0.318912
1,182,23.245985,4,0.901065,-0.520947,0.271239,1.134336,-0.937585,0.15165
2,195,23.668638,4,-0.969442,0.31049,-0.232204,0.577949,-0.615956,0.084239
2,176,19.369835,3,0.633017,-0.484221,0.735498,0.841798,1.478856,0.480119
2,173,30.071169,2,1.187812,-1.195172,-0.455833,-0.628036,0.92964,-2.098738
2,178,24.93372,4,-0.18764,0.614413,0.513164,0.571012,0.177472,0.310894
2,194,24.444681,3,-0.343277,0.746537,-0.121037,0.349973,-0.120052,0.249714
2,181,23.503555,4,-0.207068,0.614413,-0.354462,-0.361516,0.165419,0.587425
2,185,25.420015,4,-0.198082,-0.503567,-0.006149,-0.276707,-0.092253,-1.59266
2,178,19.883854,3,-0.331378,-0.503567,-0.545054,-0.33359,-0.374031,-4.286798
2,178,22.724403,3,-0.055073,0.746046,-0.045333,-0.132487,-0.017169,0.376838
2,176,24.212294,4,-0.454231,-0.21899,0.235776,0.970665,-0.386083,0.18373
3,192,20.887587,3,-0.507171,0.035094,0.251647,-0.295045,0.050482,-0.294878
2,180,24.074074,3,-0.198811,0.187547,-0.025741,0.00809,-0.259094,-0.402318
2,182,22.642193,3,-1.009754,-0.947812,0.026158,-0.590132,-0.338798,0.682349
2,192,23.057726,4,0.099835,-0.502584,-0.025741,0.460988,-0.076507,0.13593
2,195,28.665352,3,-1.031367,-0.787652,1.103968,0.391322,1.04229,0.422734
2,183,23.888441,3,-0.761863,-0.21899,0.077491,-0.070619,0.165419,0.319393
2,190,22.99169,3,-0.344005,1.163238,-0.051407,0.072383,0.496815,-0.033293
3,185,23.374725,3,0.346999,0.329836,1.016607,0.595566,0.673375,0.331465
2,184,24.220226,3,-0.189097,0.898007,0.235776,0.306861,-0.132105,0.222948
2,179,18.101807,2,0.367883,-1.05141,-0.755239,0.456966,-0.814336,0.882004
2,193,19.866304,4,-0.752877,-0.237353,-0.443684,-0.276577,-0.011142,0.586866
3,184,21.561909,3,-0.475116,-0.219973,-0.303129,-0.469194,-0.132105,0.388806
3,187,27.16692,3,-0.207068,-0.503567,0.251647,-0.07449,-0.132105,0.314176
2,176,24.857954,4,-0.219695,-0.370951,0.241851,0.216309,0.524614,0.001129
2,170,27.681662,3,-0.18764,0.452778,0.235776,0.197263,0.121873,-2.962162
1,173,24.056934,2,0.881637,-0.52193,-0.080795,-0.843111,0.915301,0.207951
2,180,27.469135,2,0.62476,-0.362261,-0.182166,-0.238675,-0.038941,0.446193
2,178,22.724403,3,-0.208525,0.216074,-0.402146,0.228798,0.657629,0.098958
2,187,21.733536,3,0.326114,0.614413,-0.267666,0.092045,-0.247041,0.267885
1,187,27.738855,3,0.326114,-0.218498,-0.39049,-0.030728,-0.247041,0.264273
2,187,24.307243,4,-2.25264,-0.920268,-0.424092,0.41636,0.354079,0.254893
3,181,25.945484,2,-0.723736,0.044276,0.009722,-0.17372,-0.064454,0.630256
2,182,25.05736,4,-0.351534,0.339509,-0.017806,0.272885,0.403651,-1.859529
2,176,26.472107,4,-0.742435,-0.228171,-0.45348,-0.178278,0.109821,0.121733
2,186,24.569315,3,-0.198082,-0.228171,-1.137154,-0.403545,-0.110332,-0.054226
2,183,20.902386,3,-1.196718,0.452778,0.089147,-0.544542,0.193264,-1.0084
2,177,27.131413,3,0.078951,-0.502584,-0.00987,0.189189,-0.386083,0.50345
1,186,24.858366,3,0.36934,-0.23637,0.290831,0.602691,-0.615956,0.110068
2,176,30.668905,4,-1.422268,0.604248,-0.285398,-0.013559,-0.253068,0.3137
3,189,23.795527,3,-0.18764,-0.360296,-0.033676,0.524963,-0.441682,0.572088
2,187,23.449341,3,0.098379,-0.750435,0.251647,0.727725,-0.076507,0.722565
2,185,26.296566,3,-0.722279,0.064604,-0.283537,0.340146,-0.120052,0.046185
3,204,20.665129,3,0.057338,-0.21899,-0.132694,0.421261,0.022683,0.137194
2,176,35.511364,3,-0.34182,0.61343,-0.257871,0.0153,0.167752,0.311853
2,178,22.09317,4,-1.163206,0.462943,0.467906,0.122046,0.075995,0.19724
3,189,25.195263,3,-0.875002,0.34869,-0.439962,-0.70732,0.000911,0.244224
1,171,29.410759,2,-0.189097,0.614413,-0.529184,0.431895,-0.374031,0.1893
2,197,32.209023,3,-0.476572,0.311473,-0.802851,0.564362,-1.123913,0.604907
2,183,23.589836,4,-1.812441,-0.500619,1.516329,1.365135,1.97476,0.173864
3,186,23.991213,4,0.212246,0.727683,-0.68747,-0.740877,-0.513072,0.240235
2,194,24.710384,3,-1.276345,-0.766833,0.235776,0.025518,-0.330485,0.219984
2,180,23.456791,3,-0.475116,-0.21899,0.235776,0.190184,0.43145,-0.030568
1,186,27.459822,3,-1.583249,0.349181,0.461831,0.036243,0.109821,-3.47596
2,189,25.195263,4,-0.773033,0.870462,-0.174231,-0.257225,0.115847,0.440417
2,197,26.540236,3,-0.229409,-1.052392,0.513164,0.350565,-0.132105,0.022724
2,172,25.351542,2,0.346999,-1.070755,-0.061203,-0.71114,0.109821,0.364784
2,184,22.448015,3,-0.208525,0.036569,-0.293333,0.079898,-0.253068,0.261243
2,178,24.618103,3,-0.761863,-0.361278,1.133849,0.919183,1.24665,0.284463
2,176,19.369835,3,0.236045,1.145858,0.758811,-0.484985,-0.640062,-1.189091
2,186,25.436466,3,-0.054345,0.339017,-0.416156,-0.650719,-0.352258,-0.502938
2,176,23.243801,2,-0.352991,0.330818,0.22412,0.222287,0.490788,0.176628
2,176,24.535124,3,0.880909,-0.228663,-0.515667,-0.395928,-0.018576,-0.782904
1,185,24.835646,4,0.488551,0.321146,-0.269527,0.342752,0.155699,0.303172
3,186,22.256908,4,0.366426,-0.503567,0.529035,0.599092,0.43145,0.02144
2,180,24.382715,4,0.635931,0.064604,0.232055,1.365087,0.221017,0.620629
2,178,28.721121,4,0.078223,-0.085883,-0.511453,-0.164509,-0.677581,0.590554
2,174,21.469151,4,-0.18764,0.046241,0.719628,0.706582,0.661323,0.183694
2,175,29.061224,2,-0.18764,-1.071738,-0.303129,-0.319184,-0.132105,0.350106
2,186,26.88172,4,-0.208525,0.349181,0.729423,-0.013526,0.568159,-0.01782
2,172,18.253109,4,-0.209981,-0.229154,-0.537119,0.207809,0.062535,0.257055
2,178,27.458654,3,-0.343277,0.04575,-0.287258,-0.120187,0.022683,0.257019
2,160,19.53125,4,-0.061873,-0.484713,1.397227,0.444381,0.716921,0.48248
2,170,21.453287,4,-0.496,-0.086374,0.095222,0.412761,-0.138131,0.188923
1,172,21.971336,1,-0.188368,0.330327,0.106878,-0.321077,0.155699,0.102968
2,189,22.955685,3,0.078951,-0.52193,-0.251796,0.632377,-0.120052,0.404206
3,178,27.774271,3,-0.199539,-0.362261,0.37447,0.520856,0.304461,0.132283
3,180,21.604939,3,0.077494,-0.238336,-0.251796,0.19608,-0.064454,0.29918
2,182,25.661152,4,-0.189097,-0.768798,0.493573,0.486014,0.673375,-0.507449
2,180,24.691359,3,0.096922,-1.886778,-1.048497,-0.043689,-0.473174,-0.089602
3,185,19.868517,4,-0.752877,0.453761,-0.537119,0.07972,-0.219242,0.067077
2,190,24.930748,3,0.346999,0.329836,-0.267666,-0.3305,-0.374031,-0.158295
2,183,22.694019,3,-0.876459,0.633267,-0.443684,-0.173103,0.524614,0.072648
2,180,27.777779,3,-0.487015,-0.077193,-0.650147,-0.11653,-0.241015,0.029523
1,172,29.069767,2,1.169113,0.330818,-0.545054,0.069576,-0.628009,0.211799
2,184,21.266541,4,-0.475116,-0.21899,-0.025741,-0.052401,-0.132105,0.13974
2,180,29.320988,3,-0.743163,0.878661,-1.08396,-0.297048,-0.739205,0.329534
2,176,25.826447,3,0.080408,-0.615854,0.530896,1.376095,0.620064,0.095249
3,186,21.389755,3,-0.619582,-0.077684,-0.287258,0.304276,0.221063,0.370023
2,177,21.066744,4,-0.18764,-0.787161,-0.267666,0.054143,-0.683607,0.154977
2,189,22.955685,3,-0.752877,0.04575,-0.053268,-0.118293,0.082021,-0.144183
2,170,25.951557,3,-1.29723,-0.199644,-0.580517,-0.61177,-0.132105,0.421645
2,183,24.784258,3,-0.722279,-0.787161,-0.319,-0.618849,-0.386083,0.486173
2,185,26.296566,3,-1.587619,-0.501601,-0.322721,-0.451343,0.419397,0.066636
3,191,28.233875,4,-0.783476,0.898007,-1.119422,-0.953183,0.066275,0.317188
2,175,23.836735,3,-0.207068,0.178857,-0.53898,0.318366,0.183498,0.376209
2,176,22.598141,3,-0.630752,1.16373,-0.529184,-0.068865,-0.092253,-0.675439
2,188,24.898144,3,-1.523509,0.308525,0.310423,-0.836105,-0.746685,-0.4799
1,194,24.178978,3,-1.542936,0.462451,-0.545054,0.216936,-0.120052,0.424293
1,190,20.498615,4,-1.05298,0.879644,-0.790701,-0.954081,-0.318432,0.437732
2,189,19.316368,3,0.069965,0.330818,-0.806572,-0.524299,-0.50102,0.261563
1,182,22.944088,4,-1.008298,-1.317624,-0.560925,0.091853,0.753079,-1.959217
1,172,27.041645,3,-0.598697,0.206893,-1.040562,0.208128,-0.262788,0.030944
1,188,22.634676,3,-1.277802,0.028861,-1.351552,-0.566524,0.632117,0.156838
2,178,21.461937,4,-0.073772,-0.77798,-0.340452,-0.292535,0.329973,-1.254313
2,172,22.985397,3,0.078951,0.61343,-0.877497,-0.571595,0.673375,0.151408
2,194,22.850462,3,-0.452774,0.027879,0.251647,0.06863,0.121873,0.19963
1,180,25.308641,3,-1.295773,-0.220955,0.981145,0.182654,1.478856,0.681946
2,179,23.095409,3,-0.207068,0.168693,-0.439962,-0.723372,-0.098279,-0.10395
2,174,21.799444,3,-0.207068,0.046241,-0.303129,-0.623087,-0.441682,0.271146
3,169,22.408178,4,-2.385935,0.595067,-1.135293,-0.293355,-0.243301,-0.074759
3,194,21.256245,4,0.36497,0.028861,-0.659943,0.491742,-1.064575,0.33515
2,168,25.510204,3,-0.073772,-0.210791,-0.422231,-0.547796,0.161725,-0.139228
1,196,21.605581,3,-1.316658,-0.522913,-0.560925,-0.461525,-0.374031,-0.019907
3,183,23.888441,3,0.366426,-0.238336,-0.248075,-0.051978,-1.433489,0.431114
2,193,24.69865,4,-0.064787,-0.778962,-0.146704,0.020992,-0.153878,0.086064
2,180,23.148148,4,-1.011211,0.025913,0.735498,0.111693,-0.211809,0.564651
2,180,23.148148,3,-0.741707,1.163238,-1.325885,-0.113458,-0.869934,0.191951
2,187,21.733536,4,0.901065,-0.181281,0.493573,0.845041,-0.707713,-0.073661
2,176,27.117769,3,-0.589712,0.292127,0.608461,0.800943,0.363799,-0.111013
2,178,22.724403,3,0.633017,-0.806507,-0.064925,0.581314,0.915301,0.403081
2,182,23.849777,3,-0.168212,0.329836,-0.287258,0.068393,-0.076507,0.373852
1,170,25.259516,4,0.490736,-0.361278,0.616396,0.061705,0.391598,0.444888
1,176,27.76343,2,0.078951,0.349181,-0.600109,-1.114152,0.165419,-1.097046
1,172,28.731747,3,-0.189097,-0.342915,-0.033676,0.138688,0.177472,0.371844
2,185,24.251278,4,0.037182,0.048207,-0.080795,-0.968098,0.970899,-0.445417
1,176,21.952478,3,-0.743163,-0.627001,-0.32086,-0.355676,0.270635,0.280471
1,184,26.583176,3,0.644188,-0.504058,0.761165,0.970696,0.54036,0.193714
1,184,23.038752,4,-1.410369,0.624085,0.868118,0.812163,1.076116,0.313457
1,194,26.570305,3,-0.474387,0.169184,-0.015945,-0.033901,-0.098279,0.232432
2,187,24.307243,3,0.224145,0.471633,-0.267666,-0.389455,-0.909786,-2.351528
2,188,24.049343,4,0.3351,0.725717,-0.361102,0.248237,-0.328152,-0.139775
2,178,21.461937,4,-0.475116,0.178366,0.473981,0.544033,0.677115,0.383357
3,184,18.312855,4,-0.218238,0.870954,0.111092,-0.65716,0.044456,0.242074
1,176,24.212294,4,-0.43626,-1.602201,-1.622865,-0.240741,-0.881987,0.41844
3,191,22.203339,4,-0.753606,0.339017,-0.045333,0.474958,0.209011,0.065513
1,192,24.956596,4,0.233859,0.71801,0.419729,1.022228,-0.578391,0.232777
2,177,21.70513,4,1.167656,-0.768798,1.52005,0.24466,-0.775364,0.750879
1,188,20.937075,2,-0.433346,0.309507,-0.861626,-0.480034,0.054222,0.244804
1,186,22.545959,3,-0.189097,0.898007,-0.322721,-0.418602,0.927354,0.130235
2,187,26.880951,3,0.266374,0.880627,-1.087681,-0.275717,-0.89404,0.165982
2,185,24.835646,4,-0.208525,0.036077,-0.031816,-0.385357,-0.380057,0.31749
1,184,26.583176,3,-0.743163,-0.52193,-0.529184,-0.715378,-0.683607,0.002151
2,191,22.477453,3,-1.009754,-0.503567,-0.857905,-0.42542,0.375852,-0.698715
1,172,22.647377,3,-0.609868,0.178366,-0.398425,0.343236,-0.092253,0.339864
1,170,30.103806,3,0.76777,0.160494,-0.049054,0.827688,1.788433,0.206847
1,193,25.50404,4,-0.475116,0.349181,0.75509,0.705992,0.673375,0.042371
3,181,22.282593,3,-0.208525,-0.52193,-0.303129,-0.340917,-0.132105,0.153374
1,171,23.597004,4,0.755871,-1.326805,-0.400286,0.749754,0.508867,0.136968
3,181,23.808798,4,-1.319571,0.328853,-1.345477,-0.151369,-0.540825,0.256874
2,180,20.679012,3,0.634474,-0.789126,1.016607,1.112603,-0.08856,0.675709
3,187,22.877405,3,-1.29723,-0.095556,-0.582378,-0.51701,-0.138131,0.407996
1,174,23.120625,2,0.078951,-0.077684,-0.382555,0.031175,0.443503,0.07666
3,183,25.680075,3,-0.877187,-0.085883,0.112953,0.491057,0.304461,0.168089
2,185,24.835646,3,0.367883,0.026896,-0.267666,0.973909,-0.064454,0.788532
1,180,28.395061,3,-1.04861,-0.183247,-0.267666,-0.555187,0.697481,-0.123522
1,174,21.469151,3,0.345542,0.045259,-0.806572,-0.333792,-0.120052,0.022083
2,193,27.383286,3,-0.475116,-0.370951,-0.033676,-0.458505,-0.540872,0.234979
2,185,23.374725,4,-0.990327,0.330818,-0.78698,0.197384,-0.869934,-0.586931
1,180,23.148148,3,-0.475116,-0.503567,-0.826164,-0.212828,-0.132105,0.173864
1,167,23.306681,3,-0.455688,0.045259,-0.842034,-0.454823,0.320254,-0.237448
2,189,29.954369,3,-1.05298,-0.766833,-0.064925,-0.309593,0.915301,0.667669
1,184,22.152647,4,-0.331378,-0.938631,0.243712,-0.03602,-0.104306,0.222431
2,184,22.152647,4,-0.473659,-0.237353,0.255368,-0.106641,-0.429629,-0.140409
2,178,26.511805,3,0.345542,0.310981,-0.788841,-0.441956,-0.494993,0.18299
2,189,20.436157,3,-0.885444,0.065587,-0.285398,0.066701,-0.126079,-0.024674
1,185,24.835646,3,-1.011211,1.305527,-1.08396,-0.030891,-0.572411,-2.239564
2,182,24.151672,3,-0.608411,-0.389805,-0.55485,-0.321303,0.000911,0.458424
2,188,23.766411,3,-1.030639,0.329836,-0.303129,-0.173009,0.022683,-1.917218
1,192,24.142796,3,-0.248837,0.632776,-0.30685,-0.423028,0.927354,-0.543131
1,181,27.166449,3,-2.141685,0.064604,-0.857905,-0.828787,-0.187703,0.063345
2,191,23.573915,4,-0.743163,1.163238,0.255368,0.85271,0.133926,0.031386
1,171,25.306932,3,-0.741707,0.595558,0.063481,-0.115194,0.199244,-0.689429
2,175,29.387754,4,0.099835,-0.237353,0.497294,-0.169952,-0.076507,0.458684
2,178,24.302486,3,-0.743163,-0.787161,0.513164,0.086293,0.121873,-0.042782
1,170,26.98962,4,-0.454231,-0.787161,0.232055,0.306506,0.419397,0.084114
2,178,23.671253,4,-0.166756,0.312455,-0.545054,-0.209397,-0.937585,0.453092
2,185,23.374725,3,-0.475116,-0.787161,0.997016,0.841798,0.351746,-0.062008
1,180,24.691359,4,-0.177198,0.188039,-0.295194,-0.262739,-0.286893,-0.453436
2,182,24.151672,3,0.078951,0.350164,0.290831,1.112603,0.201577,-4.286798
2,172,22.309357,3,-0.720822,-0.237353,-0.354462,-0.636345,-0.398136,0.212961
2,182,22.642193,3,-1.163206,0.879644,-0.127112,0.361524,-0.268814,0.177674
2,189,29.114527,2,0.469852,1.021441,0.409933,-0.040235,-0.473221,0.428429
2,182,26.566839,3,1.178827,-0.814705,1.044134,0.203877,-0.469481,0.048289
1,176,25.826447,3,-1.586162,-0.786178,-1.119422,-0.390967,-0.751258,0.255355
2,195,22.090731,3,-0.186183,0.878661,-1.294144,0.032194,0.003197,-1.490321
1,186,23.702162,3,-1.696388,0.737355,-0.517527,0.473195,-0.207189,0.046665
2,180,29.320988,3,-0.786389,1.429452,-2.126308,-1.252827,-0.306379,0.149001
3,195,22.879684,4,-0.053616,-0.46635,0.774682,-0.269491,-0.032915,0.188463
2,187,24.307243,3,-0.434803,0.879644,0.271239,0.705992,-0.683607,0.122058
3,188,25.746944,3,-0.209981,0.887843,-0.634276,0.225648,-0.157618,-0.016886
2,189,27.434843,3,-0.351534,0.330327,-0.043472,0.061446,0.270635,0.721764
1,178,23.98687,3,-0.619582,0.055423,-0.146704,-0.259058,-0.098279,-0.441634
2,178,20.515087,4,0.080408,-0.503567,-0.580517,-0.453996,0.121873,0.027697
2,186,21.389755,3,-1.418626,-0.768798,0.091008,-1.028022,0.056509,0.354642
2,176,22.598141,3,-0.18764,-0.485204,0.255368,0.973909,-0.628009,0.22499
2,183,23.291229,3,-2.098459,1.163238,-0.81172,-1.18525,0.221017,-0.312456
2,170,26.297577,3,-0.741707,-0.503567,0.255368,-0.338218,-0.628009,-0.356269
2,182,25.359257,3,-0.702851,0.309507,-0.283537,-1.238077,-0.572411,0.277123
2,185,21.913805,3,0.078951,-0.503567,-0.751518,0.064915,-0.603903,0.427217
3,187,36.603848,2,-0.723736,-1.054358,-0.232204,0.33513,-0.417576,0.273884
2,178,22.09317,3,0.62476,0.59605,-0.798637,-0.42739,-0.528819,0.171257
1,176,24.857954,3,-0.742435,0.330327,-0.40636,0.063481,-0.528819,0.359852
1,168,21.967121,4,-0.475844,0.320654,-0.1565,0.12723,0.375852,0.407975
3,180,23.456791,4,0.881637,-0.787161,-0.045333,-0.040802,0.165419,-0.684738
2,190,34.34903,3,-1.163206,0.595067,-0.043472,-0.27511,-0.038941,0.370042
2,190,27.70083,4,-1.607047,0.063622,-0.873776,-1.084394,0.320254,0.103286
1,191,25.218607,3,0.634474,-0.485204,-0.006149,0.710229,-0.881987,-4.286798
1,187,24.307243,3,0.049081,-0.200136,-0.035537,-0.264632,0.524614,0.349206
2,182,24.453568,4,0.101292,-1.052392,0.739219,0.318226,1.490909,-0.022028
2,199,23.231737,2,-1.047153,-0.502584,-0.319,-0.312341,-1.005237,-4.286798
2,165,25.344353,3,-1.009754,0.614413,-0.424092,-0.554068,-0.606236,-2.338873
1,198,21.681461,4,-1.29723,-0.769781,0.216185,0.193239,0.109821,0.027123
1,180,25.308641,3,-0.454231,-0.21899,-0.842034,-0.102047,-0.132105,-1.295253
1,174,25.432686,4,-0.516885,1.446832,-0.548776,-0.056283,0.741027,-0.466548
1,178,22.408787,2,-1.504081,0.291144,-1.377219,-0.824127,0.443503,-4.286798
2,183,19.409359,2,-0.34182,0.737355,0.148416,0.406831,-0.445421,0.29366
2,178,21.14632,4,-0.485558,0.59605,0.112953,-0.104242,-0.540872,7e-05
1,182,26.868736,4,0.059523,-0.769781,-0.30685,0.079946,0.673375,-0.12318
1,185,24.835646,3,-0.186912,-0.229154,-0.17237,-0.292807,-0.540872,0.274058
2,173,30.739416,3,1.189998,1.731409,0.310423,1.248005,-0.969078,0.463652
1,191,24.670376,4,0.634474,0.311473,-0.564646,0.08378,-0.132105,0.498444
2,178,22.09317,4,-0.074501,-0.645364,-0.136908,-0.319432,-0.27484,0.534573
2,184,24.515596,3,-0.74025,0.025913,-0.541333,0.208577,0.455556,-0.035222
2,172,22.985397,3,-0.475844,-0.929941,-0.164435,-0.447756,0.304461,0.372865
1,192,20.61632,4,0.058795,-0.362261,0.269378,-0.047454,-0.225269,0.507664
1,189,21.276001,4,-0.743163,0.737355,0.081705,0.228361,1.070089,0.234438
2,170,25.259516,3,0.388768,1.305527,-1.032627,0.695171,-0.163598,-1.083435
2,178,24.618103,4,-1.008298,0.31049,-0.40636,0.760008,-0.30264,0.252582
2,191,24.944492,3,-0.075229,-0.654545,0.089147,-0.062583,0.022683,0.490264
2,185,24.835646,4,-0.342548,0.065096,-0.035537,0.2753,0.397624,0.145994
2,192,27.669271,3,-0.18764,-0.503567,0.513164,0.991216,-0.020909,0.437809
2,187,20.303698,3,-0.639738,-0.085883,-0.338591,-0.875652,0.264609,0.280934
2,175,24.489796,4,0.634474,0.311473,-1.310015,-0.052261,-1.489087,0.366408
2,196,24.729279,3,-0.472202,0.880627,-0.041612,0.421074,0.43145,-0.139768
2,182,24.755465,3,0.12072,-0.788144,0.981145,0.092388,0.915301,0.231977
3,172,22.985397,3,-1.144507,0.074769,-0.138768,0.082706,-0.352258,0.298638
2,172,23.323418,3,0.366426,-0.503567,-0.00987,0.852166,-0.132105,0.208673
1,173,25.727554,2,0.624032,0.036569,-0.138768,-0.048603,-0.07048,0.146896
3,182,20.528921,3,0.633017,0.594576,-0.261592,-0.058143,-0.761024,0.279671
2,184,23.334122,3,0.327571,0.168693,-1.179256,-0.517422,-1.235109,-0.43309
2,181,21.67211,4,0.615046,-0.219973,-0.560925,0.16528,-0.120052,-0.166674
2,172,27.379665,3,-0.494543,-0.50455,-0.303129,-0.326497,0.62983,0.387203
2,182,31.095278,3,-0.455688,0.064604,-0.041612,-0.062583,-0.132105,0.045062
2,176,30.023243,3,-0.189097,0.349181,1.016607,0.845041,0.363799,0.084079
2,175,20.244898,4,0.34627,-0.788144,-1.048497,-0.035369,-1.179511,0.262067
2,180,21.604939,3,-0.064787,-0.228663,-0.303129,-0.128663,-0.132105,-0.413735
2,184,32.490547,4,0.89208,0.463434,0.382406,0.640433,-0.159904,0.625642
2,184,20.380434,3,1.167656,-0.36177,-1.606995,-0.530039,0.161725,0.219194
2,185,28.634039,4,-0.186183,-1.620564,-0.045333,0.183247,0.363799,0.253669
2,191,30.700912,4,0.078951,0.026896,0.513164,1.105477,-0.132105,-0.449542
1,183,23.291229,4,0.058066,0.329836,-1.587403,0.461888,-0.671554,-0.034616
2,171,26.674875,4,-1.164663,-0.228663,-0.164435,-0.017028,-0.005116,-1.750209
2,180,23.148148,3,-0.208525,-0.256698,-0.548776,0.357642,-0.132105,-0.37991
1,182,26.566839,3,0.101292,-0.503567,-0.493721,0.446194,-0.925533,0.052842
2,184,25.106333,4,-0.344734,0.632284,-0.217629,0.279607,-0.078793,0.515888
2,192,27.940538,3,-1.276345,0.045259,-0.78698,-0.098567,-0.925533,0.227641
2,183,24.784258,3,-0.18764,-0.238336,0.216185,0.72119,0.363799,0.330495
2,175,22.857143,3,0.881637,-1.316641,-0.548776,0.193831,-0.751258,0.209554
2,176,23.566631,4,0.924863,1.164221,0.44224,-0.458826,-0.775364,0.688478
1,189,29.394474,3,-0.699938,-0.768798,0.477702,0.724433,0.617777,-0.079851
2,182,22.340298,4,-0.477301,0.461469,-0.070999,-0.14006,0.429163,0.089434
1,182,24.151672,3,1.169113,-0.238336,-0.493721,0.269279,-1.123913,0.446754
2,182,22.038401,4,-0.18764,0.046241,-0.525463,0.186423,-0.417576,-0.225548
2,176,23.889463,4,-0.486286,-0.644873,0.077491,0.640244,0.391598,0.416972
1,190,29.916897,3,-0.476572,-1.619581,-1.345477,-0.919265,0.753079,0.439934
2,185,24.835646,3,-1.216605,-1.412387,1.761976,1.764807,1.522401,0.975086
3,187,23.449341,2,-0.186183,-0.767815,-0.49,-0.191216,-0.857882,-0.248396
2,191,20.558647,2,0.490736,0.462451,-0.519388,0.077817,-0.649782,0.433915
2,186,20.811655,3,0.069237,0.45327,0.235776,-0.511955,0.177472,0.117924
2,178,23.671253,4,0.348455,0.60474,-0.035537,0.045428,0.143646,0.173223
2,187,22.019503,3,0.655359,0.612447,0.735498,1.512088,1.113681,0.448796
3,186,24.858366,3,0.345542,0.879644,-0.138768,0.004256,-0.19747,0.359796
2,170,24.913494,3,0.059523,0.312455,-0.509592,-0.151631,-1.433489,0.31951
2,177,25.854639,4,1.191454,-0.10572,0.687886,-0.806367,1.423258,-3.639565
1,187,23.449341,2,0.634474,0.311473,-0.00987,0.709639,-0.076507,0.274517
1,193,22.819405,4,-0.165299,0.59605,0.290831,1.104651,-0.615956,-0.424327
2,185,26.588751,2,0.901065,0.59605,0.009722,0.614291,-0.628009,0.407455
2,189,26.315052,3,-0.473659,-0.200627,-0.529184,-0.46955,-1.191564,-0.125084
1,186,24.569315,3,-1.009754,0.59605,1.258533,0.324761,0.462943,0.473702
1,185,23.374725,3,0.346999,0.31049,-1.013035,0.464589,-0.349925,0.403081
2,179,28.08901,3,-0.990327,0.027879,0.461831,0.560762,0.871756,-0.19751
2,187,22.019503,2,0.099835,-0.503567,0.219906,-0.187448,-0.441682,0.197688
2,183,23.888441,3,0.367883,-0.788144,-0.303129,0.172049,-0.330485,0.434166
1,185,23.959095,4,0.594162,-1.167136,0.745294,0.65185,0.83793,0.391534
2,180,22.839506,4,0.223417,-0.351114,1.397227,1.247921,1.224878,0.109283
2,189,25.195263,3,0.078951,-0.256698,0.200314,-0.066465,-0.144158,0.195356
2,184,23.62949,2,-0.475116,-0.503567,-0.303129,-0.461773,0.022683,0.208066
2,180,20.679012,3,-0.18764,0.329836,-0.267666,-0.096102,-0.937585,0.229884
2,175,20.897959,4,-0.60914,1.713046,0.216185,0.777104,0.701175,-0.22867
2,185,20.452885,3,0.901065,-0.768798,0.477702,-0.052166,0.728974,-0.587449
2,183,23.291229,4,0.077494,-1.602201,-0.568368,1.112958,0.927354,0.929606
2,180,21.91358,3,-0.455688,0.330818,-0.025741,0.973909,0.375852,-0.108574
1,176,29.054752,3,-0.434803,0.348199,1.258533,1.123564,0.462943,0.639638
1,170,20.415224,3,-0.886901,-0.096538,-0.17237,0.316674,-0.286893,-0.048453
2,186,20.233553,4,0.345542,-0.219973,-0.248075,1.106068,-1.235109,0.148483
1,179,28.401112,2,-0.476572,0.047224,0.235776,0.310509,-0.076507,0.523063
3,185,23.66691,3,-0.227952,-0.256698,-0.513313,-0.572379,-0.262834,0.406931
2,182,28.680111,3,-0.742435,0.462943,-0.564646,-0.132225,-0.259094,0.351333
2,192,25.499132,4,0.62476,0.074277,0.877913,0.466554,0.221017,0.327291
1,181,23.808798,4,-1.030639,-0.076701,-0.608044,-0.329992,0.320207,0.0525
2,173,21.718065,3,0.346999,-0.644873,0.493573,0.724482,0.617777,-1.89212
2,194,26.304602,3,-0.085671,-0.891741,-0.798637,0.085097,0.260915,0.234012
2,174,28.405338,4,0.080408,1.163238,-0.303129,-0.340917,0.121873,0.389965
2,184,19.789698,3,-0.896615,-0.228171,-0.035537,-0.267984,0.425424,-0.436511
1,185,30.679329,4,-0.608411,-0.750435,0.172787,-0.135727,0.704915,0.061135
2,169,23.458563,4,-0.476572,-0.503567,-0.303129,-0.201868,0.121873,0.945607
2,197,25.76722,4,-0.886173,1.143893,-0.943405,-0.383051,-0.677581,0.173864
2,171,26.33289,4,0.387311,0.026896,0.290831,1.251014,-0.361978,0.33888
2,193,19.597841,4,0.615046,0.868988,0.064776,-0.058593,-1.830203,0.57606
2,196,19.783424,3,-0.743163,-1.05141,0.774682,0.82719,-0.640062,0.201151
2,190,20.498615,3,0.326114,-1.336969,0.473981,-0.041392,0.915301,0.299898
2,179,21.534908,4,0.902522,0.879644,-1.583682,-0.123641,-2.294568,0.016027
3,184,27.76465,4,0.077494,-1.620564,-0.045333,-0.437278,0.165419,0.062425
1,189,21.276001,3,-1.030639,0.614413,-0.182166,-0.064632,0.552413,0.414431
2,185,26.880936,3,0.634474,1.163238,-0.299408,0.156044,-0.572411,0.509393
2,200,28.75,3,-1.030639,-1.053375,0.497294,0.22224,0.43145,0.442581
2,180,25.617285,3,-2.119344,1.163238,-0.912959,-0.95971,0.605725,0.352314
2,176,20.983988,3,0.203261,-0.51324,-0.537119,-0.918388,-1.346352,0.19961
2,181,23.198315,3,-0.475116,-0.21899,-0.025741,-0.169717,0.121873,0.079827
1,167,19.721037,4,-1.011211,0.207384,1.108182,0.918753,1.819972,-0.09866
3,180,24.691359,1,-0.752877,-0.096538,-0.370898,-0.469728,-1.123913,0.050116
3,195,23.668638,3,0.083321,0.046241,1.242662,1.106068,0.462943,-1.47856
2,191,24.670376,3,-0.198082,-0.371443,-0.824303,-0.387003,-0.126079,-0.064094
3,176,26.472107,4,0.633017,-1.356315,0.770961,0.987617,0.982952,0.007251
2,187,22.019503,3,0.193547,-0.077684,-0.740663,-0.974253,0.710941,-0.608185
2,190,26.869806,4,-0.208525,0.19722,-0.164435,-0.317632,-0.259094,0.449115
1,185,24.835646,3,0.901065,0.880627,-1.813458,0.289365,-1.731013,1.029175
1,176,20.338326,4,0.61359,-0.749452,-0.838313,-0.77262,-0.485227,-0.094297
2,180,25.925926,3,-0.475116,0.594084,-0.564646,0.435494,0.121873,0.371208
1,175,22.857143,4,-0.18764,-0.787161,-0.545054,-0.077426,-0.683607,0.067277
1,172,21.971336,4,-0.189097,-0.787161,1.797438,1.903501,1.423258,0.248209
2,169,26.959841,2,-0.731993,-0.767815,0.735498,0.572413,0.788312,0.262847
2,197,22.932825,4,0.078951,0.595067,-0.248075,0.310743,-0.869934,0.324528
3,172,22.647377,3,-0.475116,-0.502584,0.477702,0.123902,0.109821,0.204343
2,193,30.067921,3,-0.513971,-0.21899,1.258533,-0.305287,1.169279,0.660329
2,176,27.440599,3,0.327571,-1.090101,-0.303129,-0.184016,-0.386083,0.169376
2,184,26.878544,3,-0.044631,-0.49242,-0.964858,-0.19854,0.713227,0.203859
1,192,23.057726,4,0.346999,1.731409,0.703757,0.051067,0.915301,0.65163
2,192,28.483072,4,-1.602676,-1.032064,-0.897089,-0.561226,1.788433,0.537136
2,183,23.888441,3,0.202533,0.036077,-1.014896,0.090424,-0.145565,0.112974
2,174,26.423571,3,-0.055073,-0.513731,-0.562786,-0.393894,0.000911,0.568355
1,181,27.471689,3,-1.584705,0.329836,-1.38094,-0.743339,0.121873,-0.404832
2,180,27.777779,2,1.149685,0.311473,-1.53607,-0.553722,-0.294327,-0.231602
1,183,27.770313,2,0.223417,-0.494385,-0.832238,-0.508889,-0.026888,0.281577
2,182,22.340298,3,0.901065,0.860298,-1.032627,0.233247,-1.997044,0.397104
2,173,24.725183,3,-0.361976,-0.370951,-0.416156,-0.205702,-0.153878,0.310827
1,176,24.857954,3,-0.475116,0.045259,-0.564646,0.124352,0.121873,0.150082
2,194,22.584759,3,0.059523,-1.071738,-0.509592,0.058025,-1.671675,0.301908
2,188,23.200542,3,-0.361248,-0.360787,0.067695,-0.065115,0.921327,0.553964
2,177,27.450605,2,-0.207068,-0.21899,-0.303129,-0.604597,-0.441682,0.591679
2,178,24.302486,3,0.901065,0.594084,0.235776,-0.304885,0.177472,0.013984
2,172,23.661438,3,0.479566,-0.086374,-0.433888,-0.388897,0.375852,0.281575
1,181,25.02976,3,-0.168212,-0.806507,-0.299408,-1.23083,-0.572411,0.135765
2,175,20.571428,3,-0.478029,1.162255,-0.493721,-0.484768,-0.306379,0.062349
2,194,19.130619,4,-0.87573,-0.106211,0.235776,-0.405092,-0.132105,0.136568
1,184,26.287807,4,-0.619582,0.87817,-0.424092,-0.164553,0.282688,0.303213
2,173,23.388687,4,0.633017,0.065587,0.997016,0.859696,1.423258,0.293844
3,169,25.909456,3,-0.621038,0.747028,-0.263452,0.340634,-0.413882,-1.162756
2,193,27.651749,3,-0.607683,-0.36177,-0.069139,-0.183603,0.209011,0.139358
2,176,22.598141,3,-0.053616,-0.068011,-0.806572,0.052675,0.006937,0.277346
2,176,30.023243,4,0.36497,0.047224,0.885849,1.251652,1.23693,0.348784
2,180,26.851852,1,-0.053616,0.035094,-0.948987,-0.346585,0.121873,-0.040053
2,205,17.13266,4,0.366426,-1.089118,-1.08396,0.044082,0.133926,0.073773
2,184,26.583176,3,-1.431254,-0.218498,-0.277462,0.20021,-0.380057,0.147257
2,176,26.794937,3,-1.708287,0.177383,-1.337542,-0.429539,0.106127,-0.06983
2,186,23.702162,3,-1.57572,0.178857,-0.164435,-0.118199,-0.342491,0.41355
2,186,26.014568,3,-0.207068,0.046241,-0.322721,-0.099798,-0.144158,-0.149753
2,180,25,4,-0.168212,0.349181,1.258533,1.112603,1.224878,-0.209616
2,176,28.08626,3,-2.396377,0.442123,-1.577607,-0.556017,-0.975104,0.295068
2,183,23.888441,4,-1.008298,0.614904,-0.414296,0.034621,0.034736,-2.006722
1,181,25.640244,3,-0.197354,-0.219973,-0.822443,-0.173386,-0.528819,0.235622
2,180,26.543209,4,0.079679,0.348199,-0.441823,-0.351287,0.403651,0.810968
2,189,25.195263,3,-1.306215,-0.759125,0.089147,-0.259106,0.248863,0.465582
2,172,21.971336,2,0.078951,0.046241,0.235776,0.068985,0.121873,0.385478
2,187,22.877405,3,0.633017,0.481306,-0.402146,-0.523601,0.459249,-0.689113
2,187,28.024822,4,-0.569556,-0.920268,0.998876,1.248385,1.076116,-0.113858
2,175,31.020409,3,-1.318114,0.063622,-0.564646,-0.309049,-0.132105,0.457499
2,182,28.680111,3,-1.051523,0.329836,-0.529184,-0.83246,-0.683607,0.442706
2,183,23.291229,3,0.059523,-0.502584,-0.424092,-0.52256,0.000911,0.102005
2,178,24.302486,4,-0.208525,0.065587,-0.303129,0.184538,0.050482,-0.059508
2,174,24.772097,4,-0.207796,-0.086866,0.06162,-0.139469,0.363799,0.226293
2,165,25.344353,3,-0.74462,0.46196,-0.798637,0.328867,0.288714,-1.689223
1,178,23.355637,2,-1.153492,0.187056,-0.564646,-0.313999,0.375852,-0.084754
2,175,24.163265,3,0.481023,-0.663235,-0.570721,-0.914292,-0.324459,0.523586
2,167,24.740938,3,-0.588983,1.163238,-1.448709,0.09161,-0.925533,0.291542
2,180,26.851852,3,-0.731264,1.021441,-0.556711,0.624427,-0.667861,0.228024
2,191,23.573915,3,-0.066244,-0.646347,-0.798637,0.079711,-0.247041,0.155296
2,185,24.543463,3,-1.306215,-0.503567,0.505229,0.578645,0.177472,-0.09656
2,185,29.218407,3,-0.609868,-1.185991,0.059759,-0.143825,0.710941,-0.323032
2,183,23.888441,3,-0.195897,-1.043702,-0.93547,0.54825,-0.058428,0.136294
2,178,22.724403,3,0.346999,0.065587,0.497294,0.596156,0.177472,0.345818
3,175,27.102041,3,1.014933,1.721737,-0.380694,-0.277849,-0.665574,-3.066124
2,174,29.726517,3,-0.88763,0.311964,-0.039751,-0.218027,0.254889,-0.704014
3,190,22.437674,3,0.346999,-0.237353,0.009722,-0.191572,-0.937585,0.175632
2,186,22.256908,4,-1.439511,0.20591,0.339008,0.471775,0.828164,-1.798557
2,185,24.251278,4,0.019211,0.61343,-1.38094,-0.568351,-0.243301,0.406816
2,176,27.440599,3,0.058066,-0.503567,-0.136908,0.206127,0.443503,0.221146
2,184,22.448015,3,-0.608411,0.046241,-0.051407,-0.388591,-0.082533,0.425278
1,176,24.212294,3,-0.906329,-0.076701,0.529035,0.732779,0.713227,0.155979
1,180,26.234568,4,-1.607047,1.163238,-0.790701,-0.434035,-0.17565,-1.446404
2,187,19.731762,3,-0.475116,0.311473,0.216185,-0.165881,-0.001376,0.733513
2,176,27.117769,3,-0.054345,0.462451,-0.041612,-0.011346,-0.386083,0.408818
2,172,27.041645,3,-1.009754,0.330327,0.112953,0.21284,-0.005116,0.050273
2,185,21.621622,3,-0.042445,-0.229154,-0.059343,-0.930216,0.508821,0.643608
2,167,18.645344,3,-0.43626,-0.503567,0.981145,0.029166,1.534454,0.748469
2,183,22.096807,4,-1.563821,0.08395,-0.818721,-0.198102,-0.869934,0.265498
2,176,25.826447,3,-0.168212,-0.237353,0.013443,0.72119,-0.925533,0.272872
1,182,24.453568,4,-0.18764,0.61343,-1.310015,-0.051811,-0.615956,0.257478
2,184,21.857279,4,0.346999,0.595067,-0.838313,-0.080174,-0.683607,0.518757
2,186,22.835011,3,-0.475116,-1.336969,0.029313,0.709639,-0.306379,-0.773158
2,197,19.325415,3,-1.125079,-0.096047,-0.162574,0.151449,-1.380177,0.086927
1,185,24.835646,2,-0.766962,0.292127,-1.068089,-1.118344,-0.207236,-4.286798
1,177,31.919308,4,-0.477301,0.197711,0.346943,0.194814,0.772566,0.112811
2,190,26.592798,4,0.469852,0.19722,-0.111241,0.421533,-0.185417,0.458619
2,185,24.835646,3,-0.485558,0.747028,-0.798637,-0.119915,-0.528819,0.205045
2,180,26.234568,3,-0.207068,1.163238,0.216185,-0.312414,-0.144158,0.269544
2,176,22.275311,4,-0.62031,0.046733,-0.144843,0.001377,-0.092253,0.499642
3,189,25.755157,3,-0.455688,-0.503567,0.75509,1.376282,0.673375,0.396109
2,187,28.024822,3,-0.761134,0.045259,0.739219,-0.187615,0.927354,0.361819
2,175,23.510204,3,0.346999,0.481797,0.52296,1.044901,0.310487,0.280934
1,187,23.163374,4,-0.743163,0.330818,0.981145,0.849871,1.423258,0.18814
3,196,19.783424,4,0.375412,-1.213044,-1.022831,0.823579,-1.582251,0.338078
2,170,25.605536,3,0.102749,1.163238,0.290831,1.112603,-0.107999,-0.203924
2,189,29.394474,3,0.098379,0.329836,-0.251796,0.713117,0.133926,0.066573
2,180,27.469135,4,-0.741707,0.065587,-0.283537,-0.073779,-0.120052,0.107738
2,187,29.740627,2,0.080408,-0.502584,0.513164,0.339838,-0.441682,0.310848
2,185,27.173119,2,-0.18764,-0.237353,-0.303129,-0.216072,-0.441682,-0.376968
2,170,28.373703,1,-0.313407,-1.772033,0.911515,0.816391,0.453223,0.262906
2,189,22.39579,4,-0.198082,-2.170863,0.717767,0.451416,0.571899,0.272453
2,180,24.691359,3,0.634474,-0.238336,0.204035,0.279371,0.121873,0.323681
2,174,24.111507,4,0.633017,0.045259,-1.028906,0.44669,-1.11186,0.463071
2,183,32.249393,3,-1.298687,-0.256698,1.016607,0.720834,0.982952,-0.107721
2,187,24.307243,3,0.078951,-0.352097,-0.257871,0.002906,-0.594183,0.246349
2,183,23.888441,3,0.634474,-0.768798,0.497294,-0.846476,-1.259215,0.382716
2,168,23.738663,3,0.748342,0.330818,0.306701,1.116129,0.356366,0.286471
2,180,23.456791,4,-0.186183,-0.256698,1.258533,0.610643,0.04217,0.183246
2,175,26.12245,2,-0.472202,0.063622,-1.567811,-1.106623,-0.91348,0.707683
1,170,26.98962,3,1.169113,0.047224,-0.493721,0.178228,-1.743066,-0.030771
2,192,26.584202,2,0.346999,-0.237844,0.877913,0.669268,-0.171957,0.039725
2,186,23.413111,3,0.297701,-0.23637,0.198453,-0.772363,1.004725,-1.127048
2,200,26,3,0.902522,0.59605,0.774682,0.093372,-0.386083,-0.535287
2,183,19.110752,4,-0.06333,-0.522421,0.588869,0.065329,0.760513,0.536536
2,188,29.425079,3,-0.227952,-0.342915,-0.271388,-0.635436,-0.076507,-0.043784
2,186,20.811655,3,0.233859,-0.78667,-0.240139,0.740189,-0.671554,0.450119
2,178,24.302486,4,0.615046,0.329836,0.216185,0.331838,0.363799,0.243201
3,191,22.477453,3,-0.052888,-0.920759,0.477702,0.385974,0.363799,0.119289
2,187,24.307243,3,-0.722279,0.595067,-0.303129,0.161277,-0.132105,0.190667
1,173,26.729927,2,1.569728,0.178857,-0.33487,-1.435711,-0.79485,0.261887
2,187,37.175785,3,-1.279259,-1.866449,-0.771109,0.95947,0.455556,0.013341
1,185,23.082542,3,-0.465402,-0.768307,-0.424092,-0.47091,0.155699,0.004834
2,193,24.967113,4,1.447603,-0.333243,0.882127,0.967036,1.605845,0.041655
1,193,20.134769,3,0.366426,-1.052392,-0.382555,0.877782,0.443503,-0.296839
2,196,22.126198,4,0.098379,-0.21899,0.235776,0.706347,-0.386083,-0.316799
1,187,26.309017,4,-0.454231,0.859316,1.238941,0.310622,1.97476,0.221224
2,180,30.246914,2,1.169113,0.330818,0.029313,0.229413,-0.925533,0.609282
1,186,24.569315,4,-1.142321,0.737355,1.117978,1.176741,1.754607,-0.07598
3,182,19.623234,4,0.901065,0.08395,0.461831,0.835215,1.23693,0.205707
2,175,22.857143,3,0.224145,-0.07621,0.392202,1.112603,-0.634035,0.025191
3,179,24.03171,1,1.169113,-1.070755,0.513164,0.716999,-0.132105,-0.063816
2,186,27.748873,3,0.078951,-1.052392,-1.048497,-0.062583,-0.560358,0.398152
2,196,24.729279,4,-0.43626,-0.749452,1.016607,1.376282,0.419397,0.338882
2,175,21.87755,3,-0.904872,-0.343407,0.13862,-0.226737,-0.336465,0.318185
3,172,26.027582,3,0.117806,0.584411,-0.483925,1.640069,-0.665528,-0.022547
2,189,22.955685,3,0.358169,0.026896,1.006811,1.242501,0.187191,0.042171
3,197,21.386791,4,-0.855574,-1.337952,0.009722,0.706395,0.189524,0.249277
1,176,22.920971,3,-0.341092,0.065587,0.850386,-0.284331,0.351746,0.307902
2,178,26.511805,3,0.634474,1.155039,-1.062507,0.309584,-0.201163,0.176956
2,172,30.42185,4,0.902522,-0.218007,-0.396565,-0.361861,-0.832369,0.246411
2,183,26.874496,3,1.723179,1.427487,-0.326442,0.354164,0.970899,-0.129783
2,185,24.251278,4,-1.019468,-0.787652,0.087287,0.054438,0.016657,-0.236666
2,182,20.528921,4,1.169113,0.205419,-0.576796,-0.520834,-1.191564,-0.037512
3,188,26.312811,2,0.490736,-0.369477,0.408072,-0.216162,-0.507046,0.066072
2,180,27.777779,3,-1.009754,-0.732072,0.493573,1.134336,0.728974,0.142381
1,176,25.826447,2,1.04626,0.463925,0.253508,0.601769,0.818444,0.363879
2,193,30.336386,3,-0.857031,-0.51324,-1.577607,0.367184,-1.356072,-0.590656
2,194,26.570305,3,0.61359,-1.620564,0.009722,-0.027141,0.443503,0.233101
2,187,30.026594,3,-1.008298,-1.582364,1.238941,0.435609,1.819972,-0.406233
2,176,27.117769,4,-0.761134,0.312455,-1.84892,-0.244791,-1.179511,0.703236
2,190,21.052631,3,0.191362,-1.364022,-0.644072,0.742676,0.260915,0.333305
2,175,23.510204,4,-0.98887,-0.805524,0.552348,1.508441,0.257175,0.525635
2,169,25.909456,4,0.080408,0.615395,2.039364,0.688188,1.665183,0.668943
2,195,18.408941,3,-0.034188,1.031114,-0.499796,0.636822,-0.990897,0.158966
2,186,26.303619,2,-0.876459,-1.194189,0.513164,0.334156,-0.358284,0.298222
2,198,25.507601,3,0.078951,-0.502584,-1.068089,0.297083,0.189524,0.367391
2,168,20.549887,3,-0.18764,-0.238336,0.513164,0.592323,0.43145,0.014503
2,182,26.264944,3,-0.476572,-1.070755,0.493573,0.23713,1.23693,-1.042041
3,174,21.799444,3,-0.178655,-0.53062,0.007861,1.18195,-0.788824,-2.13331
3,183,25.97868,3,-1.256918,0.026896,0.473981,0.599448,0.550126,0.077925
2,192,24.956596,4,-0.434803,-0.787161,0.251647,0.841798,0.43145,0.151366
2,184,21.266541,2,-0.168212,-0.347353,0.735498,0.720834,0.915301,-4.286798
2,192,28.483072,4,0.087208,1.002587,0.774682,0.228681,-0.159904,0.510127
2,190,24.099724,3,-0.061873,-0.342424,1.258533,0.494258,0.760513,-0.287633
1,190,30.470915,3,-0.87573,-1.204354,-0.25601,-0.060843,-1.024723,0.164923
2,190,24.376732,4,-0.310493,0.472616,0.774682,0.96999,0.066275,-0.074162
1,197,24.994202,4,-0.711837,0.176892,1.163237,1.438232,-0.144158,0.068679
2,183,24.784258,2,0.079679,-0.958468,-0.493721,0.11534,-1.20731,-0.029468
2,177,24.577868,3,-0.98887,-0.787161,0.271239,0.944694,-0.683607,0.133362
2,192,21.701389,3,0.625489,0.463434,-0.541333,-0.532883,-1.489087,0.24689
2,175,24.163265,3,0.346999,-0.767815,0.477702,0.592913,-0.707713,-0.100887
2,195,26.824457,4,0.346999,0.311473,0.477702,-0.220309,-0.453734,0.625361
2,193,22.282478,2,0.491465,1.022424,1.268329,0.936628,0.611751,0.60144
2,172,25.351542,3,0.367883,-0.522913,0.735498,0.588675,0.661323,-0.233415
2,189,22.39579,3,-0.722279,-0.484221,-0.529184,0.182016,-0.628009,0.334505
2,174,23.781214,3,0.213703,-0.076701,-0.402639,1.024386,-0.996924,-0.18372
2,191,24.122147,3,0.080408,-0.237353,0.255368,0.171882,-0.683607,0.077057
2,196,23.948355,3,-0.969442,-0.256698,0.251647,1.108533,-0.640062,0.0455
2,183,28.367523,3,-1.009754,0.633758,1.500459,1.112603,1.101628,0.193313
2,187,21.733536,3,-0.493087,0.59605,0.715906,0.193306,0.64927,0.170616
3,170,24.913494,3,0.232403,-2.587073,-0.62448,0.813324,-0.17939,0.33443
2,174,18.166204,3,-0.165299,-1.070755,0.029313,1.262848,-1.433489,-4.286798
2,180,25.308641,3,0.367883,1.429452,1.016607,0.9772,0.927354,-1.00664
2,192,25.227865,3,-0.475116,-0.21899,0.739219,0.567701,0.673375,0.280934
1,187,30.59853,4,0.921221,0.463434,1.389292,0.831025,0.478735,-0.169799
1,187,31.456432,4,0.367883,0.879644,-0.493721,0.845276,-0.306379,0.221323
3,186,21.678806,4,-0.18764,0.329836,1.016607,0.973318,0.419397,0.107738
2,183,27.173101,3,-0.98887,-1.356315,0.013443,0.289432,-0.107999,-0.00394
1,180,22.839506,3,-0.866745,-0.673891,0.860182,0.655228,0.949127,0.026372
1,185,28.634039,3,0.212975,-0.085391,0.98908,0.513848,0.689122,0.537577
2,180,19.444445,3,1.169113,-0.750435,-0.299408,-0.929097,0.189524,-0.121606
1,184,30.718336,3,-0.073044,-0.501601,0.382406,0.14019,-0.132105,-0.092488
2,178,27.458654,3,0.327571,0.59605,0.735498,0.097489,0.605725,0.340023
2,192,24.956596,3,-0.487015,-0.067029,-0.30499,0.055147,0.735,0.153671
2,185,21.913805,3,-0.042445,0.888825,0.039109,1.3031,-1.582251,0.280934
3,185,21.621622,3,0.366426,-0.767815,0.271239,0.702344,-0.881987,0.10573
1,185,24.835646,4,0.108821,-1.053375,-0.148564,0.649452,-0.005116,-0.054869
2,189,23.515579,4,-0.166756,-0.520947,-0.283537,0.483266,-0.516812,0.383547
2,184,20.971172,4,1.04626,-0.208334,0.045184,1.581163,-0.163598,0.344797
2,183,22.694019,3,-0.743163,-0.50455,-0.441823,-0.043707,-0.386083,0.101282
2,178,22.724403,4,-0.475116,0.046241,-0.025741,0.072229,-0.751258,0.052878
2,182,28.378216,4,-0.722279,-0.237353,-0.493721,0.705992,-0.925533,0.122995
2,191,28.50799,3,-0.148785,0.860298,1.258533,1.251652,0.859703,0.368194
2,198,24.742373,3,1.179555,0.330327,-0.314786,-0.627045,0.363799,0.095706
1,182,25.05736,3,-1.29723,-1.335986,-0.319,-0.237854,0.995005,0.294085
3,190,27.70083,3,-0.18764,0.595067,0.493573,0.438665,0.109821,-0.019822
1,170,24.913494,3,-0.18764,-0.238336,-0.248075,0.973909,-0.615956,0.224936
2,180,27.777779,3,0.078951,-1.05141,0.180722,-0.348231,0.915301,0.188962
2,181,22.282593,3,0.615046,0.614413,-0.006149,0.299971,-0.374031,0.286527
1,185,22.498175,3,-0.731993,-0.095556,-0.138768,0.464021,-0.07048,-0.053267
2,172,22.985397,3,0.101292,-0.258664,0.271239,1.112603,-0.318432,-0.052624
2,190,23.822714,3,-0.166756,0.879644,-1.032627,0.84175,-0.615956,0.249152
2,173,25.059307,3,0.758784,-0.228171,1.258533,0.638609,0.689122,0.385478
2,183,25.082863,2,0.614318,0.472124,-0.257871,-0.499467,-1.157738,0.212102
2,178,22.724403,3,0.633746,-0.209808,-0.790701,0.662532,-0.683607,0.433435
2,174,23.120625,1,-0.18764,0.38689,1.535921,0.709518,0.859703,0.001109
2,190,21.606647,4,0.101292,0.594084,0.513164,1.098587,-0.441682,0.163322
2,180,22.222221,4,0.348455,0.632776,-0.358183,-0.798169,0.351746,0.250939
2,183,22.395414,4,-0.046087,-0.106703,-0.745443,0.905321,-1.455262,0.057974
2,191,22.75157,3,0.490736,0.34,0.997016,0.722245,0.788312,-0.001583
2,183,21.499598,3,0.366426,-0.644381,-0.945266,0.240342,-0.17565,0.297633
2,187,26.309017,3,0.096922,-0.938631,-0.414296,-0.10661,-0.120052,-0.236527
2,178,24.618103,1,1.169113,-1.174844,-1.204923,-0.996198,-0.733179,0.179918
2,182,23.54788,0,0.346999,-0.503567,-0.006149,0.336547,-0.374031,-0.17413
2,188,23.200542,3,-0.722279,0.055914,0.150276,0.912742,-0.80457,0.171641
2,182,22.642193,3,0.099835,-0.787161,1.535921,1.639822,0.661323,0.106193
2,182,28.680111,3,0.366426,-0.776505,0.751369,0.991297,1.578046,-0.293634
3,185,25.420015,3,-0.455688,-1.602201,0.513164,0.310387,-0.640062,0.393777
3,165,24.609734,3,-0.895887,-0.47504,1.414958,0.761168,1.048317,0.443829
2,180,22.222221,2,0.899608,-0.237353,-0.78698,-0.344161,-0.671554,0.097972
2,184,29.536861,3,-0.597969,-0.086866,-0.269527,0.584994,-0.07048,0.237464
1,175,24.489796,3,-0.310493,-0.334225,-0.513313,0.063361,0.344313,0.340865
2,169,22.058052,2,-0.474387,0.207876,0.170926,-1.064587,0.881476,0.331542
2,180,24.382715,3,0.366426,0.045259,0.997016,0.980444,0.462943,0.185975
2,176,24.857954,3,-0.165299,0.312455,0.668294,0.539789,0.704868,0.202958
2,175,20.244898,3,-0.052888,0.05444,-1.335681,-0.70151,-0.677581,0.217532
2,180,25.925926,3,-0.179383,-1.621055,0.015796,0.794446,1.128021,0.413824
2,182,21.132713,3,-0.893701,0.34869,0.281035,0.762943,-0.621982,0.090293
2,180,30.864197,4,-0.457145,0.632776,-0.30685,0.710821,0.617777,-0.506693
2,174,24.441803,4,-0.166756,-1.054358,1.016607,0.496974,1.490909,0.249438
2,183,24.784258,3,-0.054345,-0.06752,0.5211,0.533285,0.050482,0.378679
2,178,24.618103,3,-0.999312,-0.788144,-0.545054,0.498246,-0.374031,0.135669
2,182,28.982006,3,0.040095,1.163238,-0.580517,-0.861011,-0.949638,0.374909
2,182,24.151672,3,-0.464673,-0.057847,0.356739,0.440938,0.524614,0.042673
2,176,30.668905,3,-0.723736,0.025913,0.290831,1.112603,-0.814336,0.3854
3,194,23.647572,3,0.366426,0.026896,0.048905,1.24088,-1.421436,0.013341
2,197,27.05558,3,-0.476572,-0.238336,0.251647,0.196719,0.43145,0.275239
2,180,27.777779,3,-1.370785,-2.587073,-0.47599,0.983842,-0.538539,0.165245
2,190,22.99169,3,1.436432,-0.37046,0.027453,0.382949,-1.058548,0.096771
2,184,28.946125,3,-0.711837,0.037551,-0.269527,0.445827,-0.606236,0.155255
2,186,24.569315,3,-0.064058,-1.469585,1.143645,0.584334,1.197078,0.461468
1,190,28.808865,2,-0.18764,-1.062164,0.287027,-0.816119,0.177472,-0.087697
2,185,20.452885,3,-0.207068,-0.237353,-0.267666,0.577836,0.443503,0.162895
3,176,28.40909,4,-0.443789,0.320163,-0.560925,0.238259,-1.219363,0.344035
2,184,26.287807,3,-0.166756,0.614413,0.013443,0.545798,-1.123913,0.29256
3,174,23.120625,3,-1.141593,-0.372917,0.653719,0.020519,0.354079,-0.023135
2,187,25.737082,3,-0.331378,0.34869,1.119839,0.638383,0.534334,-0.016936
3,181,25.02976,4,-1.452138,-0.759125,1.90067,0.489671,2.284336,0.589051
2,176,25.180784,2,0.366426,-1.052392,-0.790701,-0.3305,-0.485227,0.246168
2,166,29.03179,4,-0.319479,-0.189971,0.063481,-0.433715,-1.082654,0.223187
2,182,22.038401,3,0.633017,-0.501601,-0.529184,0.076111,-0.17565,0.228205
2,182,26.868736,4,0.633017,0.188039,0.459971,0.582224,0.075995,0.592698
3,175,23.510204,3,0.574734,-0.464875,0.045184,-1.21504,-1.123913,0.131961
2,171,29.068773,3,-0.681966,0.046241,1.535921,1.775224,1.732834,-0.008193
1,190,22.160666,3,-0.72155,-0.759617,0.649998,1.297753,0.93338,0.177935
2,170,21.799309,3,1.187084,0.292127,0.025592,1.657908,-0.374031,0.118283
2,201,27.227049,3,0.358898,0.462451,0.868118,-0.502888,0.060202,0.420484
2,183,28.068918,3,0.080408,-0.900922,0.98908,0.248748,1.324068,0.376416
2,187,28.596758,3,0.901794,0.17984,-0.545054,-0.916472,-0.628009,0.269544
2,185,26.588751,3,-0.454231,-0.258664,0.029313,0.745811,0.201577,0.115215
2,185,26.296566,4,-0.165299,0.879644,0.981145,0.963136,0.097768,-0.005987
2,185,26.880936,3,-0.301508,-1.034029,0.782617,1.057212,0.43145,0.328139
3,184,24.220226,4,-0.579998,-1.753179,0.166147,0.674534,-0.268814,-0.146096
2,197,28.343941,3,-0.702851,0.471633,-0.779045,0.609796,-0.897734,0.331542
3,178,21.777554,3,-0.722279,-0.665201,0.643923,0.853882,-0.231295,-0.024713
2,183,26.874496,3,0.603876,-0.939122,-0.027602,0.189569,0.524614,0.341567
2,180,27.777779,3,0.758784,-0.342915,-0.425952,-0.122651,0.066275,0.363765
2,183,26.277285,2,-0.454231,0.367544,-0.029462,0.628307,1.490909,-0.02299
3,175,26.12245,3,0.089393,-0.351606,1.266468,1.12167,1.097888,0.025451
2,173,33.412411,3,0.490736,0.178366,-0.419878,0.854793,0.115847,0.165598
2,187,23.735308,3,-0.473659,-1.316641,0.75509,-0.19098,0.982952,0.31951
2,188,29.708014,3,0.61359,-1.734325,-1.058293,-0.377617,-0.677581,-0.693219
3,191,27.41153,3,0.910779,-1.042719,0.439321,0.950222,0.671968,-0.017476
2,178,25.249338,3,0.080408,-0.484221,0.735498,0.303262,1.169279,0.309909
2,187,30.884499,3,-0.166756,0.065587,-0.232204,0.863127,-1.179511,0.280934
2,182,22.944088,4,-0.742435,0.604248,0.120888,1.231954,0.657629,0.322915
2,178,28.405504,3,0.36497,0.312455,-0.045333,0.838506,0.673375,0.169973
2,168,29.407597,3,-0.331378,0.064604,0.630406,0.797119,0.822137,0.512294
2,183,22.395414,4,0.910779,0.747028,0.251647,1.244442,-0.203496,-0.449542
2,170,26.643599,3,-0.18764,0.311473,0.235776,0.050495,-0.441682,0.081994
2,180,28.395061,3,-0.046816,-0.806507,0.747155,0.776108,0.800365,0.173864
2,185,26.588751,3,-0.599426,-0.371443,-0.051407,0.240047,0.425424,0.538464
1,178,25.880571,3,-0.908972,0.597032,0.516886,1.234345,-1.135966,-0.162981
3,175,29.387754,2,-1.295773,0.026896,-0.057482,-0.398045,0.43145,0.228359
3,176,24.535124,3,1.435704,0.595067,-0.006149,0.863718,-0.993184,0.083596
3,180,26.543209,4,-0.89443,1.163238,0.735498,0.387988,0.816111,0.119951
3,176,20.661158,3,0.901065,-0.768798,-0.806572,-0.473265,-1.191564,0.236581
2,186,28.326975,3,-0.473659,0.614413,-0.580517,-0.911792,-0.441682,0.18886
2,198,24.99745,3,0.110278,0.73883,1.908605,1.375184,1.030237,0.280934
2,201,21.534121,2,-0.238395,-1.231898,-1.446848,-1.459009,-1.582251,0.365668
3,186,23.413111,3,0.347727,-0.236861,0.634127,0.214899,-0.110332,0.082679
2,178,25.249338,3,-0.720822,-1.033047,-0.006149,0.564054,0.499101,0.496995
2,191,24.122147,3,-1.029182,-0.199644,0.200314,0.153747,-0.144158,-0.132788
2,187,28.310789,1,0.901065,-0.786178,-0.771109,-0.437044,-0.615956,0.445805
2,181,25.02976,3,-0.999312,0.20591,0.271239,0.640264,-0.655808,0.027581
3,185,26.296566,3,-1.009754,-1.053375,0.251647,0.574471,-0.386083,0.155639
2,178,23.04002,3,1.169113,-0.52193,-1.032627,0.845632,-1.489087,-0.220065
2,185,26.588751,4,-0.031275,-1.336969,-0.362963,0.81277,-0.969124,0.074032
2,189,25.195263,3,-0.178655,-0.247026,-0.043472,0.772722,0.270635,0.520742
3,180,27.777779,3,0.89208,-0.757651,0.37447,0.337897,-0.358284,0.196882
2,173,20.715694,3,0.615046,-1.052392,-0.212612,0.229413,-1.675415,0.145919
3,179,27.776911,3,-1.276345,-1.336969,0.513164,0.449437,0.375852,-0.016936
2,200,18.75,3,-1.050067,-2.435603,0.981145,0.172097,1.478856,0.19059
2,185,21.037254,3,-0.412462,-0.503567,-0.303129,0.948883,-0.330485,0.173864
2,182,25.963047,3,1.169113,0.312455,0.033035,0.097844,-1.421436,0.554826
2,175,30.693878,3,0.078951,0.59605,0.461831,0.39245,0.419397,0.278046
2,183,25.381468,3,0.099835,-0.218007,0.251647,0.702748,-0.132105,0.150689
2,165,24.977043,3,-0.18764,-0.347353,0.735498,0.475241,0.351746,0.074833
2,185,33.60117,3,-1.279259,-1.923503,-1.55194,0.579064,-0.405523,-0.291592
2,181,26.861206,2,0.901065,-1.355332,-0.842034,-0.205582,-0.386083,0.775039
2,195,26.298489,4,-0.723736,-0.486187,0.251647,0.150196,0.62983,0.113311
2,195,21.56476,3,0.345542,0.045259,-0.790701,0.357642,-0.120052,0.084239
2,192,23.057726,2,-0.18764,-1.886778,1.258533,-0.433752,1.478856,0.146116
2,191,21.106878,2,-0.168212,-0.52193,0.790552,0.994931,-0.020909,0.094624
3,192,25.227865,3,-0.722279,-0.239318,0.232055,0.727725,0.221017,0.179279
2,184,29.536861,3,-0.741707,-1.070755,-0.025741,0.068985,0.741027,0.399429
2,180,30.864197,3,-1.030639,-0.237353,0.477702,0.574827,1.23693,0.117785
3,198,22.44669,4,0.901065,-0.541275,0.306701,0.855693,-1.489087,0.125343
3,206,23.329248,3,-0.475116,-1.070755,0.774682,0.185946,-0.949638,0.148481
2,176,23.889463,4,-0.168212,0.312455,0.75509,0.724482,0.673375,0.096271
2,182,20.528921,3,-0.190554,-0.502584,0.497294,0.952175,0.860406,0.185593
2,186,23.991213,3,-0.168212,-0.805524,-1.310015,0.172049,-1.433489,0.260161
3,188,22.06881,3,0.367883,-0.21899,0.251647,0.984325,-0.640062,0.564651
2,187,24.021276,3,0.633017,-0.503567,1.535921,0.211206,0.970899,0.451445
2,180,27.160494,3,-0.969442,-0.825852,-1.325885,0.564362,-1.123913,0.209554
2,180,29.320988,4,-0.475116,-0.238336,-0.78698,-0.234562,-1.235109,-0.184938
