pid,pid_spouse,weight_wife,height_wife,age_wife,education_wife,BMI_wife,health_wife,smoker_wife
4033,4194,177.02872,64.939789,36.16489,10.353404,29.513447,1,1
4036,4193,126.53715,64,23.024761,12,21.71981,1,0
4180,4196,145.06444,68.64473,28.282642,9,21.644348,1,0
4194,4033,177.02872,64.939789,36.16489,10.353404,29.513447,1,1
4196,4180,145.06444,68.64473,28.282642,9,21.644348,1,0
5031,5181,139.7782,61.619896,32.220406,11.999999,25.881859,1,0
5032,5182,145.28069,59.105164,35.360588,12.482109,29.238493,1,0
6030,6174,130.1801,65.999992,30.091808,16,21.011389,1,0
7030,7185,148.46126,63.673065,29.038376,11.000001,25.745394,1,0
7034,7190,185,66,29.000002,11,29.859453,1,0
7185,7030,148.46126,63.673065,29.038376,11.000001,25.745394,1,0
13030,13178,125.05543,62.394566,25.082045,15,22.584318,1,0
14176,14908,145.98404,64.988869,36.089874,11.999999,24.301069,1,1
18035,18201,147.24069,68.81076,28.516724,13.189237,21.863169,1,0
18036,18206,116.68337,65.97699,47.016521,12,18.846117,0,0
18170,18193,135.33313,64,46.453022,12,23.229622,1,0
18204,18935,136.48703,68.843391,26.99856,13.156605,20.247192,1,0
40031,40181,156.504,66,23.937878,15,25.260128,1,0
47033,47175,130.1167,66,27.079407,13.999999,21.001154,1,0
50031,50177,160.47672,62,27.038137,14.000001,29.35125,1,1
53006,53206,167.70073,67.805267,43.073467,12,25.645197,1,0
53031,53210,132.66675,68.028351,21.935356,11,20.154879,1,1
53033,53224,160,64,21,12,27.463634,1,1
60031,60183,171.74008,68.781509,23.739706,13.235341,25.522676,1,0
61030,61173,168.6691,64.52877,36.440811,17,28.479126,1,0
84004,84184,154.40958,67.334099,45.935902,12,23.944296,0,1
84030,84182,134.07211,67.240173,25.07616,14,20.84869,1,0
85030,85172,122.56823,65.236198,31.081879,16,20.248766,1,1
85031,85173,137.37384,69.393173,36.827549,15.066511,20.057117,1,1
85173,85031,130,68.789459,39.768471,14.715785,19.315126,1,1
88030,88186,161.526,63.322079,24.389599,12,28.322401,1,0
89005,89180,173.19589,64.000008,45.75951,12.000001,29.72867,1,0
96006,96175,104.80779,59.999992,37.107449,12.38442,20.468645,1,0
105192,105194,179.48625,68.027473,27.027475,11,27.268448,0,0
114032,114175,107.63727,62.377617,27.47917,11.277925,19.449259,1,0
121030,121175,115.24141,63.225346,43.116676,17,20.268616,0,0
121032,121174,157.49884,63.30899,42.176483,15.641574,27.627689,1,0
122033,122175,129.2411,66.202431,26.284002,13,20.732456,1,1
127030,127172,170.19745,66,32.026299,11.999999,27.470285,1,0
127031,127175,125,62,49,12,22.862545,0,0
127032,127174,133.29082,64.971893,38.423321,14.347878,22.199701,1,0
128006,128174,153.90028,65,37.282932,16.000002,25.610064,1,0
129039,129202,130.47849,61.999119,23.104101,9,23.865242,1,1
138178,138915,170.03317,69,34.076572,15,25.109234,1,0
151030,151174,166.99794,64.000008,30.752949,16.000002,28.664806,1,0
151031,151175,151.10915,65.377113,36.532219,15.999998,24.85634,0,0
165030,165176,161.53572,64.250664,30.066196,16,27.511312,1,0
166031,166171,182.02638,67.096497,38.177296,16,28.427103,1,0
172031,172181,155.70616,62.191437,36.102314,12,28.303659,1,0
173034,173176,142.44925,64.020622,43.977169,12,24.435337,1,0
190030,190181,122.43602,66,23.794796,12,19.761473,1,1
190031,190182,170.42873,67.521217,37.962132,11.563669,26.28211,1,0
190181,190030,122.43602,66,23.794796,12,19.761473,1,1
195170,195171,122.89851,66,36.960655,17,19.836121,1,0
197030,197172,102.67638,61.557453,42.467606,13.999999,19.050535,1,0
214030,214171,128.54393,65,30.058582,14,21.390593,1,0
215030,215175,174.20132,66.751419,43.544315,12.000001,27.487066,1,0
223030,223172,120.30211,63.393723,31.107038,17,21.046442,1,0
223031,223173,121.42733,65.834091,28.121101,17,19.697573,1,0
227003,227172,107.42966,62,42.084404,16,19.648924,1,0
231003,231172,180.84663,66.790176,42.076012,16,28.502516,1,0
236031,236174,131.644,67.986404,26.02721,16,20.024185,1,0
238004,238170,129.45175,64,34.804283,16,22.220097,1,0
242031,242177,126.08813,64.251274,22.217043,14.000002,21.473789,1,0
246030,246172,122.44321,63.577503,44.444134,16.83712,21.297356,1,0
257174,257176,138.5092,68,34.018402,12,21.060017,1,0
263034,263184,170.63005,63.609131,40.815479,13.425384,29.649307,1,0
265030,265176,125.60919,65.328117,35.031322,16,20.692791,1,0
267030,267171,114.64294,64.369301,36.790802,16.456432,19.453049,1,0
280030,280177,127.71601,66.85537,35.861149,16,20.089573,1,0
280031,280176,141.7332,64.986633,37.576252,14.924329,23.595081,1,0
284003,284171,115.95272,64.490997,40.136543,14.539638,19.601112,1,0
284171,284003,120,64.67244,42.034615,13.999999,20.171618,1,0
297047,297198,156.37038,62.395065,34.30859,12,28.23917,0,0
301034,301182,127.68636,66.258354,38.428001,12,20.448486,1,0
302033,302184,99.315559,59.750652,27.068541,16,19.558249,1,0
302035,302188,142.04317,66.338127,36.75539,17,22.692999,1,1
302182,302004,131.01393,64.797211,46.950653,17.000002,21.938293,1,0
302186,302022,142.35962,63.594116,46.660156,14.594116,24.748615,1,0
308036,308190,172.82361,67.274864,44.243877,14.44278,26.846973,1,0
311031,311179,120,66,21,13,19.368294,0,0
312031,312174,186.61797,67.980293,27.039078,14,28.391302,0,0
312174,312031,186.61797,67.980293,27.039078,14,28.391302,0,0
317030,317175,127.45108,59,29.019566,17,25.741713,1,0
317032,317174,127.81758,65.245956,36.154964,15.690957,21.109665,1,0
317033,317173,130.21719,63.374935,33.297142,14.749873,22.794561,1,0
319004,319179,127.45383,64,38.018471,14.000001,21.877159,1,0
321032,321182,140.04112,59.400173,49.052067,17,27.904749,0,0
321178,321903,150.26866,59.672695,47.036148,17,29.669827,1,0
326176,326181,173.54745,64.0355,44.039555,12.517749,29.756002,1,0
327032,327173,141.16222,65.134415,41.811535,13.600808,23.393509,1,1
331005,331176,130.14461,64,39.110874,17.000002,22.339025,1,0
331030,331178,143.72473,63.721443,45.557827,15.701823,24.886181,0,0
338030,338173,121.55171,66.763748,38.824551,15.388863,19.172449,1,0
343031,343172,189.54385,66.711021,35.677925,13.452171,29.944185,1,0
351031,351175,174.90765,67.938835,33.862198,11.799295,26.642233,1,0
352030,352171,131.1656,66.19265,34.088955,16,21.047398,1,0
354030,354177,150,62.000004,40,12,27.435051,0,0
391004,391175,127.96044,68,43.7253,17,19.456102,1,0
409031,409182,134,62.999996,31,16,23.736773,1,0
409032,409181,161.73889,69.000008,25.369444,16,23.884388,1,0
409175,409179,118.08379,65.050438,30.771061,10.532925,19.619492,1,1
423032,423176,166.25494,64.510803,45.031731,12,28.087147,0,0
424030,424176,130,65,32,16,21.632893,1,0
424031,424175,119.76511,63.999996,27.973328,15.999999,20.557411,1,0
436033,436176,170,65.625053,43.151863,16,27.752848,1,0
436035,436179,138,64.687355,47.673286,16.000002,23.186665,1,0
440031,440172,141.45018,61.637974,45.036331,16,26.176086,1,0
441031,441171,128.70007,66.229767,36.137291,16.299429,20.628626,1,0
444030,444172,155.95416,71,31.117186,13.000001,21.75095,1,0
444031,444171,107.89645,64.000008,27.104658,12.000001,18.520172,1,0
445031,445173,148.23584,66,23.471691,13.411948,23.925629,1,1
445032,445177,160.18852,67.265244,46.275913,15.14328,24.891317,1,1
445173,445031,147,66,21,12.999999,23.72616,1,1
450003,450179,137.5,64,29,17,23.601561,1,0
452032,452188,122.57384,65,20.54431,12,20.397129,1,0
452033,452183,136,65,23,12,22.631332,1,1
452183,452033,136,65,23,12,22.631332,1,1
452188,452032,122.57384,65,20.54431,12,20.397129,1,0
455032,455183,162.66666,66.999992,35.999996,12,25.476925,0,0
461031,461172,139.70201,66.206856,33.599548,11.072177,22.407566,1,0
461172,461031,139.70201,66.206856,33.599548,11.072177,22.407566,1,0
465030,465179,101.51546,62,32.137356,12.000001,18.567215,1,0
465031,465178,143.00259,62.999996,27.067144,16,25.331493,1,0
465032,465182,136,66,29.999998,14,21.950731,1,0
473032,473179,121.20618,65.750107,29.053238,15.999999,19.71196,1,0
473033,473183,135.33759,67.38633,43.535187,13.15319,20.954281,1,1
473034,473181,131.24147,61.782391,30.329601,12,24.173504,1,1
473171,473178,170.89305,70,32.662987,17,24.520329,1,0
473185,473004,128.85077,60.354031,39.478218,12.354031,24.869808,1,1
478030,478180,167.61867,66,32.93671,12.968356,27.054064,1,0
478034,478186,136.40518,65.324348,26.053896,11.999999,22.473911,0,0
478035,478185,165.18111,62.324036,37.214249,13.364811,29.89835,1,0
478180,478030,175,66,29,11,28.245428,1,0
495033,495175,140.90776,67,28.065025,9,22.069031,1,1
496030,496190,140,67,26,12,21.926857,1,0
496179,496185,130.83826,63.524376,27.681692,12.000001,22.795645,1,0
496181,496188,151.94002,68.496536,46.715065,11.69002,22.768421,1,0
497030,497172,168.5,68,30.999998,12,25.620052,1,0
497032,497173,133.73938,64.524223,25.068428,12.521393,22.584562,1,0
503031,503174,117.88794,63.385056,31.898396,14.000001,20.62973,1,0
516002,516174,137.30545,60.538914,48.92218,17,26.340044,1,1
517006,517173,116.64223,64.671547,33.02932,12,19.607727,1,1
517173,517006,116.64223,64.671547,33.02932,12,19.607727,1,1
519030,519171,154.34085,63.999996,28.110064,15.999999,26.492258,1,0
534030,534172,128.86961,64,29.043489,16,22.120174,1,1
541031,541174,160.395,64.999992,25.118507,12.480248,26.690838,1,0
548176,548188,140,66,40,14,22.596342,1,0
556034,556178,140.23064,65.589836,25.589844,14.999999,22.917526,1,0
563035,563195,135.2383,64.408936,27.560728,9.7273741,22.919516,1,1
563040,563188,143.86107,63.192089,23.095181,9,25.328869,1,1
565030,565179,155.53413,71.553406,23,14,21.358122,1,0
573172,573030,124.44622,63.97879,47.007111,17,21.375074,0,0
577030,577175,172.64102,67.532173,28.776783,12.532172,26.614632,1,1
582030,582178,134.5766,63.200329,30.111662,12,23.688023,1,0
582031,582179,150,66.488213,30.070692,14.999999,23.856127,1,1
586030,586174,140,66.000008,24.019091,13.000001,22.596336,1,0
595031,595172,120,63.518456,34.036919,16.999998,20.911221,1,0
596030,596174,131.62321,65.404144,33.975079,16,21.633158,1,0
597033,597905,122.88651,63.565632,46.677555,10.167745,21.382448,1,1
599031,599180,130,64.671097,25.026602,16,21.853493,1,0
602033,602188,116.54202,62.585461,45.116428,12,20.918648,1,1
607030,607185,148.0451,60.498459,30.092962,13.000001,28.438282,1,1
607174,607183,125,62.523712,44.666008,17,22.481146,1,1
608033,608188,136.80057,68.34404,27.032135,16,20.591337,1,0
613006,613175,131.00023,64.474724,39.0755,17,22.155983,1,0
620030,620174,134.66653,62.000004,33.112404,17,24.630554,1,0
626005,626203,122.55098,65.771492,46.061184,11.999999,19.917707,1,0
626033,626205,150,66.749031,26.075773,12.000001,23.670057,1,0
626043,626204,122.21378,63.1064,22.485756,12,21.576021,1,0
626186,626214,174.1111,65.44445,30.888906,12,28.581089,1,0
626197,626202,159.83093,68.231857,25.842762,14,24.13706,1,0
626212,626006,119.1127,60.999996,47.556351,12.708631,22.505903,0,0
631031,631181,132.26445,60.386971,24.083691,12,25.500845,0,1
631032,631183,139.61963,63.042534,30.984753,12,24.698872,0,1
632030,632187,114.99999,60,24.999998,13,22.459146,1,0
633031,633184,139.62103,63.000004,29.088894,12.000001,24.732479,1,0
639031,639191,127,67,23,13,19.890791,1,0
639175,639186,127.46856,68,41.874134,13.000001,19.381313,1,0
647030,647181,139.1356,66.250183,31.990868,13.999999,22.287537,1,1
647031,647185,131.87123,68.693619,22.099722,12.08379,19.647858,1,0
647034,647188,136.97792,62.516563,36.317814,12.988958,24.641001,1,0
647180,647176,160,70,42,14,22.957355,1,1
652031,652175,158.38475,73,39.101288,12,20.896118,0,0
655004,655174,162.004,69.565727,39.932098,15.999998,23.536022,1,0
656030,656174,125.90405,64.090065,35.469952,13.931279,21.550444,1,0
657004,657171,122.07951,65.560875,43.92115,13,19.968765,1,0
660031,660173,169.05263,67.810524,27.621056,14.263159,25.847923,1,0
672172,672177,144.51741,63.790215,27.863598,11.999999,24.969509,1,0
673030,673177,127.10867,67,31.088554,12.000001,19.907812,1,0
673031,673176,138.49138,67,27.28019,16,21.690577,1,0
682004,682177,138.25984,70.325981,27.718113,16.999998,19.654518,1,0
691003,691175,124.50696,66.202957,32.091164,12,19.9727,1,0
692004,692175,149.24203,66.008904,33.910549,12.000001,24.081528,1,0
692032,692176,149.92805,67.048889,33.775299,12,23.447561,1,0
698032,698177,130.60588,64.788757,25.103514,12,21.875671,1,0
700176,700179,120.44207,65.610809,34.212357,13.761197,19.670954,1,0
700179,700176,130,66,30,13,20.982319,1,0
704170,704171,155,66,36,13,25.01738,1,0
709034,709192,144.76866,66,23.06513,10,23.366016,1,1
709172,709187,115,63.460472,39.237179,10.46047,20.076553,1,1
709187,709172,115,63.460472,39.237179,10.46047,20.076553,1,1
709200,709935,133.53775,60,36.889473,12,26.079514,1,1
712004,712175,115.00001,65,48,12,19.136789,1,0
712030,712174,114.65601,65.881729,34.815895,13.763467,18.572264,1,0
713183,713190,130.51828,67.271332,31.571581,12,20.27726,1,0
719031,719174,148.94405,67.593842,29.113903,17,22.919592,1,0
722032,722180,126.31196,64.016037,28.032059,12.000001,21.670298,1,1
729005,729179,119.9514,62.000004,41.019535,16,21.939152,1,0
729030,729183,115,66,22.993769,12.000001,18.561281,1,0
729037,729193,150.82906,60.915497,34.177872,11.521125,28.577709,1,0
729038,729200,134.52554,60.056404,39.180836,11.7359,26.223101,0,0
729183,729030,115,66,22.993769,12.000001,18.561281,1,0
738003,738173,122.14348,62.999996,36.053642,16,21.636509,1,0
738030,738172,145.25053,69.191055,30.119934,17,21.331224,1,0
749003,749180,128.28,66.327995,26.032005,16,20.500439,1,0
749030,749179,138.28186,64.782692,26.079605,15,23.165686,1,0
749033,749182,113.11118,62.054718,33.690174,14.188543,20.651606,1,0
751005,751180,119.78084,63.815529,42.174461,12.999999,20.679144,1,0
751033,751188,170.28087,66.425293,34.609234,15.435501,27.132938,1,0
751035,751189,139.75546,67.197037,31.264399,14.598518,21.760382,0,0
769031,769176,147.7408,65.246803,25.075441,12,24.399445,1,0
769032,769178,167.5,68.999992,24.027269,14,24.735157,1,0
773033,773175,130,63.631012,34.942005,12.157752,22.573746,1,0
775030,775174,167.25734,67.585945,29.79525,16,25.743664,1,0
779038,779178,125.28071,67,49.743454,12,19.621515,0,0
789030,789171,135,64,22,13,23.172441,1,1
789171,789030,135,64,22,13,23.172441,1,1
796173,796177,121.35603,62.321976,45.034065,12,21.967314,1,1
798004,798175,133.83626,66.715141,46.147636,16,21.140873,1,0
798173,798176,139.45944,65.971916,44.138496,16,22.528259,1,0
808031,808172,122.81528,66,27.731688,16,19.822687,1,0
817030,817175,133.06137,66.56736,31.224552,16.522455,21.111898,1,0
817031,817174,141.80788,67.655373,33.03389,16,21.781799,1,0
823031,823177,130.44397,66.649445,26.719675,14.59778,20.645666,1,0
823032,823178,134.19359,65.677437,47.833565,16.999998,21.872444,0,0
832030,832174,111.58786,63.333469,29.427635,16,19.559076,1,0
832174,832030,115,63,26,16,20.371107,1,0
833033,833196,135.19687,66.466309,40.41647,12.960626,21.515997,1,0
834179,834174,139.31245,62.26091,36.598907,13.999999,25.267191,1,0
844031,844174,125.60198,60.742718,24.058273,14,23.933489,1,0
848172,848175,152.32469,66.318329,36.769772,11.808274,24.350121,1,0
850030,850173,142.69542,67.269547,31.878654,12,22.170269,1,0
850173,850030,140,67,30.357862,12,21.926857,1,0
855031,855173,169.11723,65.15966,45.781372,16.773104,28.004522,1,0
856030,856178,117.70071,61.900238,36.957638,13.683294,21.596949,0,0
860002,860173,152.82304,67.000008,36.072636,14.999999,23.935202,1,0
863031,863175,142.19293,65.342125,42.17556,11.657879,23.414743,1,0
869031,869173,134.25635,63.912178,36.977573,15.999999,23.10817,1,0
876031,876175,104.99999,62,26.999998,15.000001,19.204536,1,1
885030,885172,180.00002,69.999992,23,12,25.827034,1,1
891177,891178,132.1496,62.455147,31.730877,16,23.81921,1,0
894031,894172,115.76195,64,30.025986,15.000001,19.870274,1,0
894032,894173,119.35338,62.732204,38.901474,15.901692,21.32316,1,0
897031,897175,172.85295,65,30.578209,13.999999,28.763918,1,0
904004,904170,144.80841,66.000008,42.068245,14.999999,23.372425,1,0
906030,906174,150,67.763641,28.067877,17,22.966549,1,0
908031,908179,179.99998,67,42,12,28.191671,0,0
910003,910176,128.63919,65.513962,41.083775,16,21.071892,1,1
910031,910179,144.5314,68.32029,41.468597,16,21.770119,1,0
913004,913174,131.10405,68.394615,33.081253,17,19.704718,1,0
921030,921178,132.51347,62.315517,22.383226,12.000001,23.991953,1,1
921178,921030,142.12013,63,23.544155,11.999999,25.175171,1,1
923004,923170,108.04781,62.984661,38.917019,16,19.148922,1,0
934030,934179,121.98255,61.191303,30.114691,17,22.904261,1,0
934033,934180,170.10368,63.437996,36.295033,13.281001,29.717531,0,0
939030,939173,119.30278,62.65139,34.045837,17.000002,21.369143,1,0
939032,939172,123.82432,65.203537,31.094799,16.000002,20.476776,1,0
941005,941186,129.09438,64.648201,44.265907,14,21.716627,1,1
941032,941192,150,68,28.033564,12,22.807169,1,1
941189,941004,173.50618,66.000008,48.995888,12,28.004313,1,1
948030,948178,110,59.48782,30.024363,16,21.854181,1,0
948031,948176,124.27296,68,27.853704,12,18.89543,1,0
958030,958173,153.06941,69.796989,28.102907,16,22.090879,1,0
961178,961005,155,66,33,12,25.01738,1,1
963030,963172,158.2218,65.634521,41.201347,16.511105,25.822578,1,0
970031,970172,148.67654,66.277817,37.893147,12.61,23.796003,1,0
976030,976182,116.45412,64,28.03059,16,19.989082,0,0
976183,976910,105.33869,62.689568,30.790989,13,18.844967,1,1
982004,982175,130,66,24.043261,16,20.982319,1,0
982005,982171,129.30505,66.966103,39.033894,14,20.272316,1,0
984032,984175,120,64,31,13,20.597727,0,0
988031,988171,160.16597,69,28.033195,14,23.652119,1,0
990031,990171,140.00002,66.000008,33.081059,16,22.596338,1,0
991031,991172,133.16531,66.412766,30.706718,16,21.226868,1,0
999030,999174,132.94542,64.030174,39.676895,12.235634,22.798275,1,0
1012031,1012171,140.28801,69,25.115206,14,20.716688,1,0
1012032,1012172,160.01347,68.288322,32.306248,12.711678,24.124683,1,0
1028039,1028191,140.14377,69.065277,38.101563,10.454349,20.656286,1,0
1030004,1030173,167.22778,64,39.104866,12,28.704268,1,0
1037183,1037921,142.9725,67,45.945026,13.467882,22.39241,1,1
1038031,1038174,155,62,21,12,28.349558,1,0
1043004,1043185,160,64,48,12,27.463634,0,0
1047031,1047181,157.2234,66.765282,29.08186,12,24.797834,1,0
1051039,1051186,135.73793,64.605354,26.275297,11.999999,22.864525,1,0
1055172,1055181,160.51315,66,35.141628,13.039001,25.907215,1,0
1060176,1060031,104.99999,62,25,13.999999,19.204536,1,1
1064032,1064173,112.09617,62.000004,34.437344,16.000002,20.502426,1,0
1064172,1064174,103.12904,60.320965,26.922262,16.154474,19.927019,0,0
1074031,1074176,142,64,32,16,24.373976,1,0
1074033,1074175,143.73024,64.697441,33.719299,16.353512,24.141926,1,0
1079006,1079174,140.9487,67.394684,37.083622,17.000002,21.817636,1,0
1079175,1079910,108,64,43,12,18.537952,1,0
1081030,1081175,160.99692,67.275269,35.520592,13.348377,25.009478,1,0
1083030,1083171,156.06572,69.237633,28.076323,16,22.888695,1,0
1084005,1084182,137.14615,66,39.498955,13.000001,22.135725,1,1
1084031,1084183,180.71483,71.452965,31.038422,13.094067,24.88578,1,0
1088032,1088185,175.63876,67.677391,43.752888,13.637227,26.960697,1,0
1088033,1088179,115.01725,64.98558,29.07616,16,19.148157,1,0
1088036,1088181,129.07349,65.564293,43.865379,13.401204,21.110582,1,0
1089004,1089171,135.09453,63.679272,33.037807,17.000002,23.42284,1,0
1094004,1094173,152.52672,63.976009,26.117626,12,26.200502,1,0
1096032,1096180,131.47823,63.953911,24.325777,12,22.600475,1,0
1097030,1097179,152.84311,62.563282,41.629509,12.715192,27.453945,1,0
1099031,1099173,154.90131,67.035851,30.105728,14.229382,24.234762,1,0
1107006,1107180,129.23454,65.166313,38.118332,16,21.395885,1,0
1130030,1130174,140,66,31,14,22.596342,0,0
1131180,1131911,138.23096,62.266438,39.467789,11.999999,25.066587,1,1
1141030,1141178,122.6795,65.992012,36.444725,11.559811,19.805565,0,0
1142030,1142172,152.74928,68.511925,29.332417,11.000001,22.879408,1,1
1149173,1149174,145.38457,65.253281,35.040936,15.615441,24.005545,1,0
1152032,1152187,148.47295,66.276512,35.270626,13.449662,23.764353,1,0
1152180,1152183,122.98812,61.999996,31.10915,15.999998,22.494576,1,0
1152181,1152185,145.13692,64.382172,27.118988,16,24.617537,1,0
1162030,1162174,134.31287,67,28.060934,16,21.036137,1,0
1163032,1163176,136.50958,64.214127,34.092686,16.000002,23.275551,1,0
1164030,1164178,130.96939,63.769543,37.660763,12.417405,22.643377,0,0
1169030,1169179,154.95255,62.215096,35.572456,13.73386,28.145252,1,1
1169180,1169004,142.64355,67.160156,38.453701,16,22.234465,0,0
1179031,1179176,139.0183,67.373856,39.644436,14.747713,21.532135,0,0
1184038,1184181,150.12328,64.836784,41.762402,15.163215,25.107477,1,0
1185004,1185178,145.10046,64,40.060276,15.000001,24.90616,1,0
1185179,1185005,164.71165,68.012894,34.354832,15.000001,25.03455,0,0
1191030,1191173,116.08707,63.381439,27.126476,14.000001,20.316908,1,1
1200030,1200177,145.69325,68.000008,27.034922,16,22.152334,1,0
1200031,1200178,125.83649,64,35.551098,17,21.599545,1,0
1211004,1211172,125.97607,63.565968,33.122555,17.000002,21.919804,1,0
1213004,1213177,176.16356,65.000008,42.112675,17,29.314819,1,1
1220172,1220173,127.0353,67.23571,31.501549,12.407062,19.757063,1,0
1221005,1221176,111.06203,64.610619,39.539848,16,18.704916,1,0
1222005,1222199,146.51559,63.499928,41.053085,15,25.546732,1,0
1222031,1222196,133.72304,67.261299,39.074314,11.999999,20.781347,1,1
1222032,1222201,140.60263,65.14016,30.072481,15.570082,23.296665,1,0
1225001,1225171,122.05038,64.324875,45.272396,16,20.73859,1,0
1229030,1229172,145,66.034531,36.551788,16,23.378885,1,0
1236030,1236173,125.10039,66.020073,25.020079,16,20.179232,0,0
1241033,1241174,144.73236,64.77607,33.869797,12,24.251266,1,1
1256003,1256175,149.88875,67,35.033375,15.999999,23.475636,0,0
1260035,1260194,147.91573,67.483368,28.033258,14,22.835934,1,0
1260039,1260184,135,61.5,25,12.000001,25.094669,1,1
1260184,1260039,135,61.5,25,12.000001,25.094669,1,1
1260196,1260922,141.24428,65.657089,28.714561,13.657087,23.035921,1,1
1266030,1266175,144.21533,68.282967,32.544437,11.999999,21.746262,1,1
1269032,1269176,115.59012,61.816246,24.796349,12.17092,21.267351,1,0
1269179,1269904,144.96828,63.201275,27.109747,12,25.516394,1,0
1270032,1270179,132.92894,64.116615,49.890667,12.125853,22.734026,1,0
1282031,1282176,137.64996,65.350037,30.375078,16,22.661175,1,0
1284030,1284172,112.66298,62.217773,34.127514,17,20.462103,1,1
1286005,1286173,110,64,43,12,18.881248,1,0
1287003,1287171,136.4644,67,39.023735,17.000002,21.373112,1,0
1288031,1288173,184.99998,67,46.000004,17,28.974773,0,0
1292030,1292178,125.11986,63.488014,31.02397,17,21.82432,1,1
1292178,1292030,125.11986,63.488014,31.02397,17,21.82432,1,1
1300030,1300177,109.10928,60.798931,31.717819,16,20.752373,1,0
1300032,1300178,115.438,59.248791,46.167824,12.497575,23.119997,0,0
1302032,1302180,127.82373,64.318642,34.360401,15.999999,21.723797,1,0
1303030,1303179,135.09363,68,29.018728,16,20.540688,1,0
1328030,1328176,135.4917,68.176247,41.667942,11.54917,20.494837,1,1
1332003,1332187,122.93911,64.824356,38.297424,14.236532,20.568926,1,0
1332174,1332183,126.02459,64,38.963196,12.999999,21.631832,1,0
1335037,1335190,113.81606,64.194572,33.146057,14.365081,19.418018,1,0
1335040,1335189,171.08569,66.491219,32.903263,13.52634,27.20715,0,0
1335043,1335191,124.17429,63.279152,35.187187,13.740136,21.802601,1,0
1335045,1335194,134.86998,65.210396,35.91045,11.999999,22.298702,1,0
1335201,1335931,121.01499,66.020203,27.315243,12.000001,19.520163,1,0
1338004,1338170,152.28897,71.382278,32.104752,11.999999,21.01288,1,0
1345007,1345181,134.89293,64,40.064251,16,23.154062,1,0
1345182,1345172,177.90135,66.71685,41,10,28.099989,1,1
1346030,1346170,184.9794,68,33.573284,17,28.125708,1,0
1346031,1346171,176.36415,66.497688,27.08581,16,28.041109,1,0
1351004,1351180,131.84337,61.000004,40.081596,13.999999,24.911306,1,0
1353031,1353174,145.93736,66,26.125021,16,23.554647,1,0
1353032,1353175,131.79756,64.379189,30.638744,12.620809,22.35704,1,0
1355005,1355176,109.99999,60,50,12,21.48266,1,0
1355006,1355175,112.5806,64.999992,39.548367,13.999999,18.73419,1,0
1355030,1355181,120,63.5,47,15,20.923376,0,0
1363003,1363171,144.89801,65.24231,32.406311,13.689422,23.933252,1,0
1376003,1376171,148.67282,64.498337,42.805595,17,25.126532,1,0
1376031,1376172,165.00255,63.243053,31.599752,13.864584,29.004337,0,1
1387031,1387174,144.77213,66.162308,46.514511,16,23.252071,1,0
1391030,1391177,152.74344,67,34.038952,17,23.922741,1,0
1391177,1391030,140,67,32,17,21.926857,1,0
1399031,1399183,162.13501,63.753819,37.196091,12.623092,28.045446,1,0
1406030,1406178,164.2666,63.691067,36.13813,13.838002,28.470177,1,0
1415005,1415173,123.56967,64.237564,36.079613,12,21.05386,1,1
1419030,1419176,131.85202,64.518517,43.362949,13.283421,22.269783,1,0
1419032,1419175,158.44193,67.70562,42.444286,16.643179,24.300692,1,1
1434030,1434172,131.97227,68.62339,32.087261,17.000002,19.70318,1,0
1435005,1435175,131.63913,69.327827,41.033035,13.999999,19.256075,1,0
1454030,1454172,114.85816,64.121727,40.438053,17,19.640356,1,0
1459031,1459173,147.87859,68.999992,31.030287,14,21.837612,1,0
1473030,1473171,155.09972,68,28.067648,17,23.582569,1,0
1485182,1485913,146.37802,64,36.102692,12.000001,25.125452,1,0
1494030,1494179,140,62.415489,32.10955,16,25.266277,1,0
1496030,1496172,133.32286,67,29.484568,16,20.881081,1,0
1501030,1501171,144.91003,63.999992,30.649445,12.05528,24.87348,1,0
1501031,1501176,141.40788,64.47451,27.949013,13.372536,23.916384,0,0
1504030,1504171,165.35258,69.798882,32.08873,17,23.862284,1,0
1520031,1520174,156.74309,66,31.022928,13,25.298717,1,0
1522033,1522185,130.07176,64.565254,42.513393,16,21.937305,0,0
1537173,1537176,187.79079,69.671776,48.457172,13.374211,27.199347,1,0
1542033,1542181,129.96967,65.808998,43.92767,16,21.099365,0,0
1549003,1549170,139.02014,66,38.020134,17,22.438192,1,0
1565032,1565182,140,62.000004,33.006435,16.625805,25.606047,0,0
1565033,1565180,123.30121,66,29.696646,13,19.901115,1,0
1567030,1567176,121.50001,65,28.5,12,20.218435,1,0
1567176,1567030,121.50001,65,28.5,12,20.218435,1,0
1568030,1568181,105.22729,62.808189,30.11352,16,18.753996,1,0
1568033,1568182,121.2789,63.000004,49.111938,12,21.483353,0,0
1577031,1577175,136.81781,63.162727,38.591091,11.999999,24.1112,1,0
1577175,1577031,136.81781,63.162727,38.591091,11.999999,24.1112,1,0
1579032,1579180,123.64796,66.037239,30.89747,14.300746,19.93458,1,0
1579035,1579187,153.06982,66.465538,40.067001,16.000002,24.360964,1,0
1579038,1579183,125.96761,64.745644,34.991707,16.563587,21.126898,1,0
1579190,1579936,115.09018,63.000004,47.087887,17.000002,20.387083,1,0
1590031,1590171,160.07034,67.219978,31.282618,13.999999,24.906466,1,0
1590032,1590170,112.37265,62.737263,26.330648,15,20.072777,1,0
1608030,1608175,131.73404,66.653191,32.410164,13.753959,20.847506,1,0
1608031,1608176,143.58226,70,31.027155,11.999999,20.601681,1,1
1611176,1611179,157.46687,65.938202,28.137936,13.319775,25.463198,1,1
1612170,1612171,142.79793,63.249348,40.068348,14,25.096188,1,0
1613032,1613181,131.09789,67.895386,31.091953,12.687738,19.994617,1,0
1613180,1613182,166.49623,66.102264,38.94133,14.051131,26.789812,1,0
1628005,1628173,158,62,33,12.999999,28.898256,1,1
1628173,1628005,158,62,33,12.999999,28.898256,1,1
1635030,1635173,117.87505,62,33.078342,14.534092,21.559391,1,0
1652030,1652176,137.37051,67.980057,29.103056,16,20.899141,1,0
1652032,1652178,142.68054,64,30.072212,16.487967,24.490788,1,0
1652033,1652179,151.14102,63.954895,36.892944,14.145263,25.979614,1,0
1654001,1654173,163.30159,71.990471,48.019047,12,22.153296,1,0
1663008,1663180,140.00146,67,41.031284,14.999999,21.927086,1,0
1682030,1682179,150,68,31.044373,17,22.807169,0,0
1682032,1682178,157.73082,65.02729,38.054508,16,26.225464,1,0
1682177,1682005,147.78729,65,45.901112,17,24.592819,1,0
1687030,1687175,148.47847,65.08123,32.69286,12.56369,24.646196,1,0
1690030,1690178,128.88303,63.815601,29.038994,12.407798,22.250509,1,0
1695010,1695193,120.00001,61.59618,43.082443,14,22.236767,1,0
1695011,1695226,125.89984,67.540184,40.652115,13.379452,19.404331,1,1
1695037,1695225,108,60,30.999998,10.000001,21.092068,1,1
1695041,1695224,123.47114,63.876049,27.496702,12.6414,21.275869,1,0
1695044,1695234,132.9814,61.649155,33.386429,14.000001,24.599972,1,0
1695223,1695196,179.25398,65.231567,36.066841,13.34735,29.617687,1,0
1697035,1697193,125.08197,64,28.70492,15,21.470034,1,1
1697042,1697200,156.16434,67.459053,32.404736,12,24.126778,1,0
1700031,1700175,175,69,25,12.000001,25.842697,1,1
1700175,1700031,175,69,25,12.000001,25.842697,1,1
1700195,1700930,158.70384,61.710079,48.159679,12,29.300377,1,0
1701005,1701179,126.31706,67.648201,34.399899,12.000001,19.406511,1,0
1709031,1709192,181.87407,67.485786,24.085266,12.999999,28.076572,1,0
1709182,1709190,185,67,35,14,28.974775,1,0
1717030,1717175,138.77466,67.040588,33.353691,11.46927,21.708633,1,1
1720030,1720181,136.72412,66.999992,30.379299,12,21.413794,1,0
1720032,1720179,107.10927,62.977142,23.068558,11.999999,18.987122,1,1
1720033,1720917,154.73201,65.740372,39.154938,12,25.171774,1,1
1720180,1720003,149.6062,65.570419,45.212173,12,24.464235,1,1
1721030,1721178,148.35886,67,34.030624,13,23.236023,1,0
1726030,1726171,137.2578,66,27.124998,16.999998,22.153744,1,0
1730005,1730173,120.52316,63,47.745178,17,21.349482,1,0
1731033,1731180,140.50975,67.326035,31.271296,12,21.794073,1,0
1731035,1731179,136.84015,63.668137,36.928577,12,23.733795,1,0
1731171,1731177,155,68,37,12,23.567408,1,0
1732183,1732918,150,67.5,34,15,23.146307,1,0
1736031,1736171,126.08231,66.067352,45.329369,16.479019,20.308521,1,0
1739031,1739176,134.47914,66.122704,27.282406,16,21.624779,1,0
1740175,1740903,144.07585,66.012833,48.098602,11.999999,23.245152,1,0
1750179,1750001,123.1633,64.799149,34.091106,12,20.622471,1,0
1756035,1756203,153.93004,67,39.724617,13.42756,24.108585,1,0
1758031,1758182,195.22101,68.287903,29.430658,12.898396,29.433167,1,0
1762031,1762180,133.11169,64.138855,41.123524,11.999999,22.749495,1,0
1762195,1762006,121.0119,65.321007,42.82695,11.999999,19.939777,0,1
1763006,1763179,119.85673,64.961266,38.252605,12,19.968775,1,1
1763033,1763182,130.1521,63.48468,26.091936,16,22.704462,1,0
1763034,1763190,127.61672,65.436836,45.812622,12.283014,20.953711,0,0
1763189,1763920,120.25937,66.607964,32.1422,12,19.057438,1,1
1775033,1775184,117.52326,64.560699,30.432425,13.303057,19.823729,1,0
1776030,1776177,141.24893,64.60714,41.640629,13.381022,23.791513,1,0
1780030,1780171,137.5,68,34,14,20.90657,1,0
1786010,1786194,118.49999,64,38.5,12,20.340252,1,0
1786031,1786196,165.67293,67.375435,26.619865,12.419214,25.659389,0,1
1786033,1786191,140.23178,69,26.092716,14.000001,20.708385,1,0
1786041,1786204,151.29486,65.374107,31.640253,12.748205,24.889179,0,0
1787004,1787180,109.904,64.326935,38.038399,17,18.673502,1,0
1794031,1794172,128.96385,67.036087,38.009357,15.274727,20.17663,1,0
1795005,1795179,118.05682,66,46.028416,14,19.054659,1,0
1795030,1795180,150.7845,65.288429,41.940826,14.36614,24.870367,1,0
1795031,1795181,137.78604,64.877533,39.258591,14.550254,23.015186,1,0
1798008,1798187,159.42374,65.924324,46.881813,13.999999,25.790489,1,1
1798035,1798195,142.11813,68.894073,28.088837,15.47036,21.051531,1,0
1798187,1798008,159.42374,65.924324,46.881813,13.999999,25.790489,1,1
1807035,1807175,110.73586,63.419899,37.318325,12,19.356869,1,0
1830185,1830921,119.03577,61.631641,36.772499,11,22.032715,1,1
1831032,1831175,160.26677,66.666092,38.669537,14,25.353123,0,0
1831033,1831176,147.15237,66.296974,40.635323,14.296972,23.538446,0,0
1837030,1837174,125.66976,65.903198,35.324974,13.548399,20.343037,1,0
1841031,1841174,116.0827,64.990417,48.989254,13,19.322657,0,0
1850030,1850176,143.42285,65.806549,34.421078,15.203015,23.285097,1,0
1873004,1873172,113.5767,64.81601,49.942623,15.775986,19.007395,1,0
1878032,1878175,132.90952,62.559372,44.200481,14.559376,23.876423,0,0
1887032,1887178,160,63.608616,28.935934,12,27.802641,1,0
1887033,1887187,156.71977,63.782009,25.059637,13.375122,27.084782,1,0
1887034,1887184,104.87694,62,25.049229,14,19.18203,1,0
1892030,1892182,115,63,34.666664,12.666666,20.371107,1,1
1892032,1892177,142.37837,64,29.29257,14,24.438921,1,0
1892033,1892178,167.74739,65.190338,25.505598,12,27.751553,1,1
1893005,1893177,129.0556,66,46.166817,12.583407,20.829889,1,1
1893173,1893176,157.49998,69,44.055523,12,23.258427,0,1
1901179,1901030,148.21346,66.387917,32.987221,12,23.643269,1,1
1908174,1908176,105.00001,63.000004,46.893585,16,18.599709,1,0
1911031,1911182,159.39445,64.556641,40.675903,12.000001,26.889908,1,0
1914173,1914177,130,67,27,12,20.360653,1,1
1914180,1914913,151.21967,65.999992,41.048519,11.999999,24.407228,1,0
1918030,1918179,145.92401,66.764534,38.007492,12.840527,23.016171,1,0
1918031,1918180,152.21513,66,47.068138,12,24.567894,1,0
1918179,1918030,145.92401,66.764534,38.007492,12.840527,23.016171,1,0
1919031,1919177,130.74937,65.700241,38.347668,15.299753,21.296274,1,0
1919036,1919179,142.59991,64.927521,35.077259,12.999999,23.782614,1,0
1920006,1920173,147.92892,69,32.120171,17,21.845043,1,0
1932033,1932910,139.95184,65.010963,44.098499,12.000001,23.281094,1,0
1935005,1935174,136.71439,64.32856,38.028629,16,23.227608,1,0
1939031,1939172,136.51028,67.033821,33.793999,14.394894,21.358728,1,0
1939032,1939173,126.74609,62.803867,36.097382,12.467312,22.592266,0,0
1955005,1955172,119.40095,64.192184,38.108559,16,20.372362,1,1
1956005,1956171,125,66.391266,30.125929,16,19.938206,1,0
1959005,1959172,148.08124,69.584663,38.108284,16,21.501608,1,0
1961031,1961173,193.41669,67.670837,31.025011,17,29.695374,1,0
1970005,1970182,133.40706,70.408913,39.286133,11.999999,18.920017,1,0
1971183,1971914,146.94846,66.380516,27.540417,10.477939,23.446699,1,0
1972173,1972176,113.34095,60.860401,30.201359,12.720815,21.513704,1,1
1975030,1975177,159.38779,67,40.157791,16.877556,24.963381,1,0
2000030,2000171,146.77492,65.999992,42.617153,13.295131,23.689835,1,0
2004032,2004181,150.41306,66,30.034164,13,24.277035,1,0
2004033,2004184,145.9572,63.613037,40.156815,12.000001,25.358946,1,0
2005031,2005177,162.21107,70.976891,23.023113,11.999999,22.638336,1,0
2017031,2017180,159.22218,62.078495,31.33639,12,29.048195,1,0
2019005,2019180,146.66341,67.042427,40.668251,14,22.941418,1,0
2030030,2030191,135,65,33,15,22.464926,1,0
2030031,2030189,150,66,33.03516,16.999998,24.210367,1,0
2030032,2030192,120.00001,64,25.020422,17,20.597727,1,0
2032033,2032181,148.49776,63.720478,32.541836,13.086769,25.713417,1,0
2032036,2032186,157.93127,63.869572,37.515701,10.444205,27.21937,1,0
2032037,2032187,159.2119,63.723785,37.241688,10.620202,27.565784,1,0
2034004,2034182,110.59671,61.000004,37.839046,12.000001,20.896832,0,0
2046030,2046172,135.62772,63.613075,33.337986,15.306538,23.564249,1,0
2048001,2048170,140.31873,66.259781,47.784382,12,22.470545,1,0
2051030,2051174,177.2117,71,28.122599,14,24.715742,1,0
2059030,2059180,136.51753,66.117493,31.523354,13.411664,21.95602,1,0
2059182,2059910,113.52302,60.375568,43.501347,12.75114,21.895731,1,0
2067034,2067192,149.26813,65.202446,25.09201,11.999999,24.685234,1,0
2069003,2069178,139.48479,64.484787,42.030415,14,23.583609,0,0
2078030,2078180,170.47902,66,33.023949,12,27.51573,1,1
2079036,2079182,172.41948,67.640411,20.779922,12.999999,26.495481,1,1
2095181,2095924,160,65.640884,38.74041,15.281775,26.107731,1,1
2108030,2108182,119.99999,65,29,16,19.968822,1,1
2109002,2109174,156.17183,66,42.118904,17,25.206516,1,1
2124030,2124171,140.19815,66.80645,34.079258,16,22.085308,1,0
2126030,2126172,115,65.634651,42.866177,16.634647,18.768494,1,0
2129030,2129193,137.05396,64.761864,33.464108,12.846891,22.974752,1,0
2132030,2132171,146.63762,65.999992,30.09026,16,23.667673,1,0
2132031,2132172,133.21553,64.27301,40.378254,14.181591,22.672297,1,0
2133030,2133177,138.63136,63.692593,40.454521,17,24.026005,1,0
2133031,2133178,169.39291,67,27.095688,16,26.530388,1,1
2133033,2133176,125.7952,65.697342,33.629295,17,20.491156,1,0
2133034,2133180,138.66164,66.381538,39.270042,16.539488,22.123796,1,0
2137030,2137175,146.71419,69.909882,27.403389,12.45683,21.105368,1,0
2137174,2137177,130.72224,68.217308,26.573183,12.999999,19.749598,1,0
2151030,2151184,150,67,34,16,23.493063,1,0
2151034,2151182,147.76106,68.420883,47.602818,14.579115,22.191191,1,1
2164030,2164176,119.74738,63.999996,29.242561,11.999999,20.554365,1,1
2164036,2164184,150.52263,66.894966,38.165298,13.657552,23.649008,1,0
2164037,2164185,141.36278,66.303215,36.704468,14.547763,22.608088,1,0
2166030,2166171,152.45395,67.052475,35.063663,14.104948,23.840042,1,0
2177173,2177186,155.65117,69,36.130234,14,22.985407,1,0
2177178,2177185,126.72112,63.655781,46.032669,17,21.987267,1,0
2194180,2194187,140.14856,67.514854,30.57428,12,21.616629,1,0
2201173,2201175,157.85002,63.533012,30.22056,14.521736,27.494366,0,0
2205031,2205174,162.41919,64.17202,37.177544,12.456994,27.729614,1,0
2206030,2206179,114.54145,65.191528,29.719353,13.999999,18.94865,1,0
2212031,2212171,132.55873,61.999996,33.023491,17,24.245043,1,0
2224032,2224196,124.99999,61.999996,32,16,22.862547,1,0
2224185,2224926,148.68892,63.007725,41.141487,16,26.332314,0,0
2225030,2225179,154.53241,67.411552,32.463531,13.68231,23.90831,0,1
2225031,2225176,174.46927,68.640518,29.130806,14.718971,26.034893,1,1
2237030,2237173,139.21129,64.213989,40.074368,14.644119,23.736305,1,0
2238030,2238173,130,66,30,15,20.982319,1,1
2238172,2238174,117.55313,63,37.021252,17,20.82337,1,0
2250006,2250187,137.69476,67,49.024078,14.000001,21.565811,1,0
2250007,2250192,159.99094,65.49955,46.999096,11.999999,26.219036,1,0
2250030,2250184,156.08435,64,32.028118,16,26.791523,1,0
2250033,2250191,159.80534,73.733582,37.492439,13.81313,20.666103,1,0
2250034,2250186,106.7991,62.157738,32.81583,13.392077,19.43458,1,0
2250038,2250188,150.96959,63.841022,30.388685,14.046111,26.042805,1,0
2251031,2251176,122,66,44,12,19.691097,0,0
2255030,2255170,136.3624,62.999996,28.303007,16,24.155249,1,0
2255031,2255171,150.10287,65.163605,34.064041,16.086493,24.852882,1,0
2260036,2260178,143.77277,63.203568,36.025856,12,25.304131,0,0
2271005,2271175,135.06345,66.680084,37.119656,17,21.357161,1,0
2276175,2276176,173.93063,68,27.090176,14.999999,26.44577,1,0
2278033,2278187,125.16888,65,28.550814,16,20.82896,1,0
2278034,2278186,183.3381,66.137154,31.595448,12.999999,29.468613,1,0
2278193,2278032,175.00006,66.741302,31.393822,12.000001,27.621469,0,0
2280030,2280177,171.35252,66,26.078968,14.000001,27.656717,1,0
2280031,2280178,170,64.5,20,12.999999,28.729462,1,0
2280035,2280180,130.61877,60.625965,38.392979,15.000001,24.985397,1,0
2282172,2282180,150,68,46,14,22.807169,1,0
2297033,2297181,167.07806,69.31781,44.67873,12.516878,24.447121,1,0
2299030,2299174,137.66939,69.000008,29.067755,17,20.329985,1,0
2299031,2299175,130,68.976273,27.023726,14,19.210642,1,1
2300030,2300172,155.06026,66,34.056145,17,25.027103,1,0
2300031,2300173,118.84465,63,31.028862,17,21.052151,1,0
2302037,2302208,144.51904,68.188667,28.268406,12.65515,21.852375,1,0
2302187,2302230,134.99998,68.323593,33.713482,13.257302,20.332476,1,0
2302201,2302216,190.19801,67.732475,30.039021,12.000001,29.148087,1,1
2304030,2304175,125.61701,64.63501,45.898975,16.324039,21.140282,0,0
2305031,2305178,145,64,34,16,24.88892,0,0
2311006,2311174,128.00175,61.615837,37.110142,12.000001,23.704412,1,1
2312030,2312171,136.40677,65.756271,29.050165,14.000001,22.179897,1,0
2312031,2312172,115.00001,62.648487,30.054556,17.000002,20.600353,1,0
2334031,2334173,141.62648,65.192482,31.091511,16,23.428658,1,0
2335030,2335175,123.5,66.5,33,13.499999,19.634579,1,0
2336030,2336171,173.64999,69.191711,28.33131,17,25.501434,1,0
2338003,2338171,133.99562,69.000008,31.924089,16,19.787472,1,0
2352005,2352172,126.7119,64.342377,40.027138,16,21.518951,1,0
2354032,2354179,121.70883,64.871834,33.928871,12.63738,20.333294,1,0
2364032,2364184,109.82983,60.836094,32.689671,11.999999,20.863905,1,0
2364033,2364187,126.3683,63.273659,28.803539,12.705373,22.191681,1,0
2364183,2364005,107.03996,60.000004,45.422867,12,20.904575,1,0
2364189,2364005,110.72163,60,48.084938,12.950157,21.623594,1,0
2366030,2366177,200,70,31.536106,15,28.696693,1,0
2373030,2373171,133.6725,63.738483,25.81356,13,23.133245,1,0
2379005,2379173,136.54878,64.78466,38.118866,16,22.873964,1,0
2379175,2379911,117.3752,66.756233,35.049915,11.999999,18.517853,0,0
2380032,2380182,149.80687,66.609016,39.507198,13.721803,23.739065,1,1
2383005,2383172,121.93291,64.201447,28.114687,11.999999,20.798368,0,0
2391030,2391173,142.32138,68.078827,34.385052,13.400771,21.589571,1,0
2391032,2391175,149.6601,65.248924,33.039486,10.10747,24.714809,1,1
2397030,2397174,110.09721,62.748306,30.527138,16,19.659399,1,0
2397031,2397176,127.38313,63.242149,28.437548,10.000001,22.392195,1,0
2397032,2397178,106.93909,61.781746,25.348303,12,19.697638,1,0
2397033,2397181,130,65,40.24062,16,21.632893,0,0
2408170,2408172,125.98014,67,30.019855,16,19.731062,1,0
2409030,2409176,154.87367,66.475456,31.747946,15.50135,24.640692,1,1
2416031,2416175,148.98605,66.81041,39.133656,13.999999,23.466877,1,0
2422005,2422176,122.01246,66,46.966446,16,19.69311,1,0
2422032,2422178,166.63547,66.000008,27.111624,17,26.895365,1,0
2422033,2422180,141.53169,66.246819,41.199772,12.839094,22.67366,1,0
2422171,2422179,125.00001,66.247643,45.09721,11.999999,20.024752,1,0
2435030,2435181,150,64,26.017645,16,25.747158,1,0
2435181,2435030,150,64,26.017645,16,25.747158,1,0
2436191,2436006,144.89906,66.530281,34.060558,15.020187,23.015734,0,0
2441005,2441178,135.99483,64.599487,25.721445,10.079587,22.911959,1,1
2455031,2455175,167.66476,64,40.05357,16.023151,28.779274,1,1
2464171,2464173,129.13869,64,25.072439,12,22.166359,1,0
2466030,2466173,118.99694,64.019958,35.482674,16,20.412817,1,0
2466031,2466175,129.16434,67.090103,44.379684,16,20.17547,0,0
2466032,2466174,142.63326,68,41.280949,16.718689,21.687071,1,0
2467031,2467173,135.65384,64.738472,47.555256,16.150328,22.756483,1,0
2467032,2467172,137.10648,65.357178,39.162415,16.452394,22.566767,1,0
2467033,2467174,135.45879,64.221985,48.626556,15.999999,23.090729,1,0
2468171,2468173,154.11131,65.980247,28.679831,13.280672,24.888834,0,0
2483030,2483187,103.44638,56.000004,27.033911,13,23.191942,1,0
2483031,2483189,135.75613,67.993027,23.012287,12,20.645655,1,1
2483187,2483030,103.44638,56.000004,27.033911,13,23.191942,1,0
2485033,2485188,162.43581,64.178528,41.539753,12.63088,27.72683,0,1
2485173,2485186,116.50957,64.000008,39.864456,12,19.998596,1,0
2486033,2486199,138.49101,63.242897,42.415989,12.724451,24.344229,1,0
2490030,2490175,140.94427,64.730034,23.060364,13,23.650141,1,0
2490032,2490176,130,67,26,12,20.360653,1,0
2490176,2490032,138.26701,67.515953,29.623482,13.031898,21.32572,1,0
2500030,2500177,161.75723,65.126961,44.183655,12,26.81267,1,0
2500031,2500174,138.02669,66.096573,26.246574,11.340383,22.212791,1,0
2500174,2500031,131.8481,65.630379,23.793665,11,21.520979,1,0
2502030,2502173,154.33476,64.969955,21.030046,15,25.706123,1,0
2502173,2502030,154.33476,64.969955,21.030046,15,25.706123,1,0
2503031,2503173,125.9861,64,35.027802,12,21.625225,1,0
2509030,2509179,167.19067,68.34922,29.047665,16,25.161867,1,1
2510170,2510173,127.79249,63.367954,42.432209,12.63205,22.375044,1,0
2521031,2521175,112.56784,62.000004,27.540705,16,20.588696,1,0
2524170,2524176,119.74566,65.017601,32.287251,16,19.915712,1,0
2524173,2524177,131.09633,65.799072,26.078136,13,21.288689,1,0
2525179,2525914,134.72307,62.806423,40.296593,13.999999,24.012192,1,0
2526173,2526031,110.23598,63,23.026554,11.000001,19.52721,1,0
2530030,2530188,140.96632,66.000008,29.098381,13,22.752302,1,0
2532031,2532172,164.62335,67,45.048248,15.000001,25.783377,0,0
2537030,2537182,136.00139,68.191887,35.131203,16,20.562498,1,0
2537183,2537022,163.95117,65.562256,40.690151,17,26.816662,1,0
2547004,2547178,143.27757,68.983276,43.033466,13,21.168425,1,0
2547030,2547181,135.54326,63.868584,34.660294,14,23.361532,1,0
2566033,2566176,182.39122,67.562447,31.597977,12,28.09255,1,1
2566034,2566175,159.92667,68,30.677902,13.240991,24.316496,1,0
2566035,2566177,174.22331,66.729279,37.607239,11.999999,27.508781,1,1
2568004,2568171,134.76605,66,38.92421,12,21.75157,1,1
2569030,2569178,135,63.5,28,16,23.538797,1,0
2569033,2569181,120,63.000004,32.025131,16,21.256809,1,0
2569182,2569031,160.85571,63,31.934175,11.868352,28.493994,1,1
2574030,2574172,125.84817,67,41.400848,14.562644,19.710392,1,0
2576032,2576171,131.02284,64.434174,42.694286,16.144724,22.187708,1,0
2579030,2579171,106.65147,62.157303,34.126015,11.999999,19.407988,1,0
2581031,2581178,141.55136,65.740227,42.272392,13.870114,23.027651,0,0
2586181,2586916,184.92979,72,43.117462,16,25.080711,1,0
2590030,2590178,153.69862,68.839844,28.174374,12.000001,22.802801,1,1
2590033,2590176,122.72242,66.753029,23.257175,11.999999,19.363323,1,0
2590034,2590180,129.54254,61.300591,29.664961,13.354969,24.237123,1,0
2590037,2590177,138.08725,70.290672,24.074551,13,19.64971,1,0
2590176,2590033,122,66,24.000002,12.000001,19.691097,1,0
2591033,2591183,161.17642,68.037193,34.245342,12.716266,24.479733,1,0
2603030,2603184,154.02448,63.231644,24.048941,14,27.084372,1,0
2603031,2603186,164.36462,63.991486,44.507111,13,28.22032,1,0
2611032,2611175,151.82147,61.580784,28.08392,12.000001,28.14756,1,0
2611033,2611182,161.94986,66.389023,33.833904,14.129355,25.833662,1,0
2614032,2614175,154.32504,67.37661,28.031067,12,23.900997,1,0
2614035,2614179,167.56134,69.975464,24.536808,14,24.059147,1,0
2614036,2614177,137.79988,67.361252,35.052578,13.277497,21.351408,1,0
2614175,2614032,154.32504,67.37661,28.031067,12,23.900997,1,0
2615033,2615183,153.5181,65.412193,29.086649,16,25.225519,1,0
2615034,2615189,119.99999,67,30.031527,16,18.794449,1,0
2615035,2615192,188.65924,72.754509,42.133785,13,25.058567,1,0
2615036,2615184,137.56903,64.447586,31.022356,12,23.286558,1,0
2615037,2615187,149.12904,63.901657,32.061165,13.3989,25.676506,1,0
2615040,2615194,148.62981,66.953094,42.457531,13.321989,23.311089,1,0
2615041,2615188,136.73488,66.776573,28.524055,12,21.559021,1,0
2615042,2615197,143.70848,66.173485,45.910854,12,23.073441,1,0
2615044,2615196,179.60741,66.741554,39.472191,14.370774,28.348465,1,0
2618030,2618173,144.61874,63.641247,35.129993,15.000001,25.104134,1,0
2621030,2621174,134.28099,62,24.070387,12,24.560041,1,1
2621174,2621030,135.49832,62,22.952953,12,24.782692,1,1
2628005,2628174,129.36812,68.712593,41.149616,14,19.264271,1,0
2632030,2632172,116.83718,62.265133,26.808977,12.000001,21.187962,1,1
2632172,2632030,116.83718,62.265133,26.808977,12.000001,21.187962,1,1
2642030,2642180,125.35542,60.607166,30.11133,13.999999,23.993471,1,0
2643030,2643176,138.79568,68.394363,39.363251,14.08272,20.860912,1,0
2643031,2643177,160.32863,68,44.518101,16.763325,24.377615,1,0
2649038,2649181,163.74998,62.999996,24,10,29.006687,1,1
2656030,2656178,162.57607,65.243286,31.053926,15.999999,26.852386,1,0
2661006,2661190,123.22014,61.402149,44.098797,9,22.978016,0,1
2661030,2661198,143.63666,62.983677,28.084787,12,25.456997,1,1
2661035,2661193,147.7598,60.743542,25.005371,11.999999,28.1549,1,0
2661036,2661203,142.28381,62.41761,42.052181,12.901121,25.676701,1,0
2661039,2661215,131.23355,61.953407,32.49889,11.204615,24.038782,1,1
2661040,2661217,127.18515,60.254402,30.827782,11,24.629568,1,1
2661199,2661008,108.0192,61.999996,43.038403,14,19.756754,1,1
2664031,2664170,118.24611,61.353786,40.204201,16,22.085238,1,0
2672006,2672175,120,60,41,12,23.435633,1,0
2672175,2672006,120,60,41,12,23.435633,1,0
2674030,2674171,128.8916,65.927414,42.074059,13.430112,20.849255,1,0
2679030,2679182,158.36859,65.000008,30.890438,14,26.353615,1,1
2690030,2690172,121.10867,64.900185,46.331112,16.160767,20.215353,1,0
2697175,2697003,127.47217,64.14711,34.783409,12,21.780064,1,1
2699031,2699176,146.53575,61.389675,35.870281,14.779352,27.337,1,0
2708181,2708906,159.34114,68,44.265652,13,24.227467,1,1
2714031,2714184,124.17261,66.014389,24.057535,14,20.033026,1,1
2714033,2714194,170.69417,64.818901,32.036251,12.000001,28.563623,1,1
2717005,2717174,171.14798,63.608273,47.12167,12,29.740105,1,0
2717031,2717178,147.47652,62.938454,40.703728,12,26.175117,1,0
2727030,2727181,152.44749,65.020012,29.083879,14,25.352695,1,0
2727032,2727183,145.88121,67.38459,35.318241,14.153882,22.587914,0,0
2727033,2727176,140,68,32.200001,13.999999,21.28669,1,1
2727176,2727033,140,68,31,14,21.28669,1,1
2730003,2730174,133.37735,66.324524,32.026413,16,21.317278,1,0
2738030,2738172,123.37785,64,34.404552,11.999999,21.177525,1,0
2750030,2750174,135.12947,64.348907,35.359722,14.43604,22.943817,1,0
2752030,2752173,124.31872,62.989925,26.09185,11.999999,22.028873,1,0
2753031,2753176,118.3856,63.884663,36.705437,16,20.394058,1,0
2753033,2753177,122.75481,64.648956,39.625298,15.72758,20.649685,1,0
2758004,2758170,124.99999,66,41,16,20.175304,1,0
2770030,2770170,131.83487,62.999996,31.889259,17,23.353243,1,0
2770031,2770172,151.22762,63.25061,30.066973,14,26.576612,1,1
2771031,2771182,105,62,31,16,19.204538,0,0
2779030,2779172,114,61,24.02519,12,21.539873,1,0
2781030,2781175,165,67,25.000002,15,25.842367,1,0
2782030,2782178,120,59.5,26,13,23.831167,1,0
2782032,2782182,175.12479,65,26.024958,17,29.141966,1,0
2794004,2794171,140.80226,62.808861,30.12071,13,25.093761,1,0
2799180,2799004,127.69943,67.328659,48.699429,12.000001,19.805552,1,0
2800032,2800174,120,63,24,15,21.256809,0,0
2801003,2801182,150,69.901459,32.832386,12.000001,21.583244,1,1
2801175,2801186,145,62.491291,24.017431,12.000001,26.105196,1,0
2802003,2802172,156.37631,68.236938,33.073154,15.000001,23.611843,1,1
2805030,2805174,180,70,32,16,25.827024,1,1
2805031,2805172,141.11111,62.341568,29.353909,13.000001,25.527233,1,0
2806032,2806173,144.10114,64.5951,28.586973,12.678445,24.280977,1,1
2816031,2816172,131.14941,69,22.149418,11.481323,19.367168,1,1
2827172,2827176,163.21278,63.149082,25.23506,12.000001,28.775177,0,0
2850031,2850174,140.65305,66.571838,29.463266,16.626122,22.313414,1,1
2851032,2851174,142.19971,65.984657,39.374699,12,22.962055,1,0
2852005,2852191,115,65,28,12,19.136787,1,0
2852006,2852190,140.77357,64,34.489681,11.999999,24.163462,1,1
2852032,2852186,161.99408,68.819885,27.213919,14,24.047461,1,0
2852036,2852195,160.09914,67,22.359768,13,25.074793,1,0
2852040,2852204,171.70416,64.674957,24.027065,12.660434,28.860674,1,0
2852191,2852005,115,65,28,12,19.136787,1,0
2852195,2852036,160.09914,67,22.359768,13,25.074793,1,0
2860173,2860177,114.92897,66.047836,33.675556,16,18.522955,1,0
2862175,2862003,161.11429,67.689148,39.199989,13.407619,24.722589,1,0
2882030,2882175,162.43002,67.299179,42.487041,14.878663,25.214172,1,0
2882031,2882174,151.56871,66.740623,38.449638,15.000001,23.923622,1,0
2890031,2890179,170.93398,64.880699,45.701107,14.642086,28.549292,1,1
2897030,2897184,190.24039,70.351128,30.111311,12.999999,27.024555,1,0
2897031,2897191,137.61836,66.255882,34.679344,13.255878,22.040705,1,0
2900031,2900173,129.21744,65.383408,33.311146,17,21.251225,1,0
2901030,2901174,140,66,25,16,22.596342,1,0
2916030,2916177,147.995,65.514145,26.028284,12.000001,24.242357,1,1
2916177,2916030,147.995,65.514145,26.028284,12.000001,24.242357,1,1
2920030,2920178,145.57231,66.555077,33.110153,16,23.105446,1,0
2924030,2924172,126.44117,61.000004,35.05204,17,23.890583,1,0
3007003,3007170,167.05666,65.327209,36.857258,15.999998,27.521589,1,0
3021002,3021172,119.99999,61.54493,23.089863,12,22.273815,1,0
3065001,3065170,135,63.057861,34.487621,16,23.870047,1,0
3105001,3105170,113.05909,62.694092,32.082272,16.388182,20.223217,1,0
3147003,3147171,119.83105,56.156982,38.137367,11.315698,26.715284,1,0
3147004,3147903,113.45407,54.846035,36.471786,11.738415,26.517195,1,0
3147005,3147173,108.38731,54.422935,37.716152,11.71147,25.728382,1,0
3210001,3210002,172.07327,65.18055,28.061436,12,28.475761,1,0
3247001,3247170,105.00001,59,29.064751,17,21.207195,1,0
3284001,3284002,136.44128,56.550797,37.095798,11.059579,29.996202,1,0
3359003,3359170,107.97974,62.686672,22.554764,14,19.319229,1,0
3379001,3379173,146.64409,68,35.081066,11.999999,22.296909,1,0
3414004,3414171,138.47305,63.474407,44.80405,16.130259,24.163837,0,0
3436001,3436172,130,65,46,9,21.632893,0,0
3442021,3442170,158.24443,65.374329,36.418636,16,26.032261,1,0
5161031,5161178,141.08945,69,27.845148,16,20.835039,1,0
5565034,5565177,145,65,35,11.999999,24.128996,0,0
5569036,5569201,157.29825,67.486549,34.026901,12,24.282166,0,0
5608172,5608173,155,69,42,12.000001,22.889248,0,0
5610186,5610913,185.1909,66.480911,21.038181,12,29.459383,0,0
5640030,5640174,125.13604,63.486393,23.513603,16,21.828257,0,0
5684219,5684003,173.30249,64,49.256798,12.000001,29.746975,0,0
5689009,5689186,139.03484,65.677856,39.706734,12,22.66124,0,0
5969031,5969177,160,68,24,12,24.327646,0,0
6064030,6064926,128,62,49,13,23.411247,0,0
6170006,6170189,144.7767,63.950001,34.762501,11.127842,24.889463,0,0
6171195,6171185,155.11707,63.624386,46.873169,14,26.94079,1,0
6191031,6191191,137.77541,67.085793,26.75449,13.568336,21.523283,0,0
6231037,6231185,140.41905,63.558369,31.806887,13.12964,24.438725,0,0
6231184,6231188,133.5152,64.324821,32.003651,13.217154,22.686708,0,0
6361004,6361174,131.32867,66.237267,45.351131,17,21.045183,1,0
6484042,6484178,154.46832,67.234161,42.946278,14,24.02467,0,0
6484044,6484179,154.40958,66.254112,47.95068,14.000001,24.731276,0,0
6537031,6537186,162,65,36,13,26.957911,0,0
6545031,6545199,159.0946,66.015381,24.339312,12,25.66629,0,0
6575171,6575178,140,65,48,16,23.296961,1,1
6635171,6635187,170,64,35,10,29.180111,0,0
6772030,6772172,140.19803,66.419807,38.521465,17,22.343163,1,0
6772031,6772173,139.5448,65.555756,38.261414,17,22.829161,1,0
6853031,6853174,151.63939,64.688492,26.360613,12,25.477448,0,0
