pid,pid_spouse,weight_husband,height_husband,age_husband,education_husband,BMI_husband,log_wage_husband,health_husband,smoker_husband
4033,4194,183.07321,66.77877,33.56818,11.336298,28.863293,2.5222185,1,1
4036,4193,147.60512,66.24279,27.548817,12.000001,23.649509,2.8204665,1,0
4180,4196,167.45833,70.743637,29.726412,10.484538,23.525017,2.4284618,1,1
4194,4033,182.64772,66.529541,36.424389,10.588633,29.012365,2.441206,1,1
4196,4180,183.64795,71.867157,31.835833,10.661688,24.999027,2.5945537,1,1
5031,5181,168.00156,70.948753,34.212185,11.999999,23.465061,2.710989,1,0
5032,5182,176.15221,72.120529,38.671024,12.602635,23.810482,2.7374289,1,1
6030,6174,161.38063,71,29.091808,14.999999,22.50778,2.8944263,1,0
7030,7185,141.51752,67.290543,31.291559,11.442665,21.973545,2.444864,1,1
7034,7190,177.43327,67.993195,29.971205,11.330433,26.983738,1.8568134,1,0
7185,7030,141.35692,68.385971,30.057016,11.257128,21.25108,2.4788349,1,1
13030,13178,202.00748,71.799248,28.082047,14,27.550253,3.6484709,1,0
14176,14908,215.05774,71.605965,39.502598,11.999999,29.488632,3.3229451,1,1
18035,18201,171.49214,67.860275,28.926783,11.999999,26.182491,2.6924105,1,0
18036,18206,170.23962,70.136406,39.176888,13.490875,24.331652,3.9850783,0,0
18170,18193,198.11119,70.035324,38.00666,15.812388,28.397011,3.6641703,1,0
18204,18935,167.4435,68.241127,28.045486,12.31118,25.279812,2.64662,1,0
40031,40181,163.90207,68.625488,29.240122,11.465241,24.468733,2.7507579,1,0
47033,47175,189.41667,72,31.079409,15,25.689236,2.4728563,1,0
50031,50177,173.789,65.462776,26.177082,13.660326,28.512243,2.404681,1,0
53006,53206,195.48817,67.999992,54.483952,12,29.723555,3.2660387,1,0
53031,53210,227.83153,73.582314,22.745087,11,29.584545,2.3108399,1,1
53033,53224,162,68.25,22,9.5,24.451622,2.7515886,1,0
60031,60183,231.24847,75.784576,27.122204,13.999999,28.308392,2.9996154,1,0
61030,61173,184.81908,68.692574,29.631178,16.345734,27.53754,2.9855564,1,0
84004,84184,182.08307,69.857399,46.895061,11.999999,26.232681,3.1651015,1,1
84030,84182,189.41954,72,25.446842,12.999999,25.689625,2.6964719,1,0
85030,85172,174.38536,70.651146,28.621325,17,24.56233,3.0354187,1,1
85031,85173,203.38622,72.133286,40.89814,15.200495,27.481979,3.7921057,1,1
85173,85031,195.38986,71.572411,44.172585,14.659817,26.816906,3.9642611,1,1
88030,88186,189.99998,68.322075,26.389599,14.67792,28.617352,2.4744592,1,0
89005,89180,190.40015,68.979561,42.247486,12.740336,28.133541,2.9763713,1,1
96006,96175,155.96104,66.208321,32.915241,14,25.014336,3.1480575,1,0
105192,105194,163.17583,68.440819,23.31741,12.000001,24.491953,2.4160595,0,0
114032,114175,155.95872,71.722069,31.451323,14.888291,21.315819,2.8288622,1,0
121030,121175,172.20319,71.000008,44.116673,17,24.017199,4.5276237,0,0
121032,121174,187.4747,69.654495,41.415436,16.402624,27.16704,3.0336261,1,1
122033,122175,164.20103,69.797562,30.091587,16,23.697001,2.7812297,1,1
127030,127172,199.89452,70.658379,29.431787,13.515917,28.149553,2.5673811,1,0
127031,127175,167.10739,65.60022,34.053112,15.666477,27.301281,3.0687869,0,0
127032,127174,201.78151,69.947945,39.738457,12,28.995419,2.7556472,1,1
128006,128174,185.31496,72,36.090282,12.000001,25.132948,3.0966265,1,0
129039,129202,162.4799,61.999119,23.104101,10,29.718479,2.7422402,1,1
138178,138915,162.94589,71.805824,52.882393,13.999999,22.218872,3.8660319,1,0
151030,151174,223.20868,74.831963,29.482052,16.000002,28.024302,3.8418131,1,0
151031,151175,208.26263,74.026276,35.276546,16.600008,26.720064,3.8563204,0,0
165030,165176,179.1033,66.715477,29.108179,16,28.291,2.8319874,1,0
166031,166171,208.14941,72.756126,39.776417,16.45175,27.646107,3.0359855,1,0
172031,172181,179.19946,68.191437,31.102314,12,27.094116,2.7055583,1,0
173034,173176,204.90636,71.734772,46.099632,11.367386,27.995869,2.4810243,1,0
190030,190181,141.94728,65,26.167675,11.999999,23.621002,2.0272446,1,0
190031,190182,193.98911,71.260612,39.34021,13.042446,26.858154,3.3572898,1,0
190181,190030,135.27809,65.098763,24.5399,12.000001,22.442951,2.098947,1,0
195170,195171,180.9223,71,36.960655,17,25.233259,3.7486868,1,0
197030,197172,137.93413,66.514793,44.644722,14.163817,21.919628,3.4812818,1,0
214030,214171,195.00002,71.742676,30.058582,16,26.636518,3.0385523,1,0
215030,215175,162.67313,65.55793,48.88464,13.360518,26.611132,2.6378024,1,0
223030,223172,158.673,69.627487,33.107037,15.999998,23.011217,3.0553541,1,0
223031,223173,154.10329,71.201782,30.739925,16.000002,21.371161,1.7632228,0,0
227003,227172,164.68411,68.461235,38.683479,12.76938,24.703598,3.0711281,1,0
231003,231172,157.53366,68,50.076008,14,23.952644,2.726409,1,0
236031,236174,197.59413,76,26.246073,16,24.051647,3.4675791,1,0
238004,238170,206.15953,70.999992,33.048252,16,28.753107,3.5880852,1,0
242031,242177,162.90608,71.062866,38.766582,12,22.680353,3.1549847,1,1
246030,246172,182.86055,69.853439,41.688824,16.000002,26.347681,3.1372223,1,0
257174,257176,166.79648,70.247803,36.779774,12.307774,23.763987,3.5270963,1,1
263034,263184,194.06631,70.529099,39.998775,13.804086,27.429092,3.4898872,1,0
265030,265176,146.08716,69.247047,33.685089,16.440828,21.419409,2.8855228,1,0
267030,267171,194.18599,72,32.167309,15.102811,26.336065,2.665369,1,0
280030,280177,186.87723,71.285278,29.058084,13.712562,25.8556,2.7765818,1,0
280031,280176,192.59038,73,40.031437,16.537836,25.408955,2.833333,1,0
284003,284171,173.9223,73.191078,43.118092,16,22.826374,3.7280557,1,0
284171,284003,174.99998,73.243568,42.051472,15.999999,22.934908,3.6361647,1,0
297047,297198,149.48073,64.217461,37.686462,11.850543,25.484545,2.2437017,0,0
301034,301182,196.60291,70.396004,41.736595,16.543058,27.892784,3.4589624,1,1
302033,302184,157.11481,73.211487,26.502779,12,20.608986,2.4092417,1,0
302035,302188,166.44402,70,28.272055,16,23.881966,3.1718819,1,1
302182,302004,180.80792,70.398369,50.153439,16,25.650166,3.1539254,1,0
302186,302022,185.70357,71.684853,54.279346,17.000002,25.407585,3.8929875,1,0
308036,308190,177.73907,70.747734,42.666439,15.980231,24.966394,3.16593,1,0
311031,311179,179.34236,72.723129,41.352333,16.446274,23.841618,3.2994194,0,0
312031,312174,153.35187,72,28.769459,13,20.798023,2.8097534,1,1
312174,312031,155.71376,71.41629,27.618221,13.116741,21.464973,3.1736078,1,1
317030,317175,210.83377,70.985367,30.340097,15,29.417141,3.0929422,1,0
317032,317174,203.14909,71.309036,44.300709,16,28.088188,3.9947009,1,0
317033,317173,173.05055,66.875198,35.711014,16.687469,27.2045,3.2775955,1,0
319004,319179,141.63414,66.237091,36.118931,13.344659,22.696733,3.1812189,1,0
321032,321182,168.08994,67,50.052063,17,26.326313,3.8453338,0,0
321178,321903,164.0858,67.96244,41.305046,16.176754,24.976469,3.4828842,1,0
326176,326181,200.88332,70.513893,44.039555,9.0709934,28.404844,2.8005772,1,0
327032,327173,183.13383,68.88546,36.681213,15.89565,27.13385,3.8950455,1,0
331005,331176,200.96033,78,45.110878,16,23.223042,3.6811559,1,0
331030,331178,158.13087,69.850914,46.452358,12,22.786123,2.5273826,1,0
338030,338173,165.17,69.433647,36.767345,16.681467,24.087358,4.3709798,1,0
343031,343172,208.28534,70.539558,35.264484,14.452172,29.430063,2.7938018,1,0
351031,351175,202.98766,70.671509,37.117126,11,28.574514,2.2571323,1,0
352030,352171,175.82794,69.587624,34.088955,16,25.528296,3.3719904,1,0
354030,354177,128.855,62.269127,25.762465,12,23.364347,2.0347435,0,0
391004,391175,193.64842,75.168648,34.725304,17,24.095638,3.5275598,1,0
409031,409182,140.44423,64.197594,26.153667,15.760483,23.958759,3.3711829,1,0
409032,409181,156.2834,66.590599,26.107483,16,24.779068,3.1667757,1,0
409175,409179,216.58885,72.644684,29.57045,12.392978,28.85535,2.8418601,1,0
423032,423176,221.76501,74.967049,43.853745,11.768432,27.742792,3.0251379,0,0
424030,424176,129.5065,66.376625,29.376625,16,20.666132,3.1189773,1,0
424031,424175,200.11069,71.309746,30.194572,15.999999,27.667536,3.3966546,1,0
436033,436176,185.85448,71.03743,45.151859,17,25.893841,3.3383482,1,0
436035,436179,190.11266,71.26265,49.433872,16.880293,26.319948,3.3166852,1,0
440031,440172,210.89803,70.529106,45.431824,16,29.80806,3.3868685,1,0
441031,441171,202.14429,72.802277,35.137287,16.299429,26.814487,3.0453405,1,0
444030,444172,180.11891,69,33.117188,12,26.598621,2.1767573,1,0
444031,444171,158.87927,66,28.104658,12.000001,25.643503,-4.6051702,1,1
445031,445173,162.00807,67.676979,25.569792,13.128922,24.868679,2.2323446,1,1
445032,445177,184.20993,72.326225,43.254601,15.469509,24.758221,3.3859923,1,0
445173,445031,157.5,69.5,22,11.999999,22.924976,1.3217559,1,1
450003,450179,197.5,71,37,14,27.545353,2.4595888,1,0
452032,452188,143.48029,64,29.816603,12.999999,24.628063,2.7171676,1,0
452033,452183,161.32401,66.155128,27.354065,11,25.916115,2.3560793,1,1
452183,452033,144.38229,66.438232,24.314688,11,22.997242,2.9349835,1,1
452188,452032,142.98811,64,28.461803,12.999999,24.543581,2.6793957,1,0
455032,455183,186.66666,66.999992,38.666664,12,29.235817,2.7494054,0,0
461031,461172,206.93706,71.637642,32.25515,11.405618,28.350039,2.7036667,1,0
461172,461031,209.68608,71.784492,33.465374,11.268736,28.609238,2.6112328,1,0
465030,465179,180.00002,72,35.925747,12.000001,24.412121,2.162683,1,0
465031,465178,160.56187,67.238556,31.745697,12.577134,24.969145,2.8671346,1,0
465032,465182,184.19864,69.755379,37.793156,11.877691,26.615154,3.1235185,1,0
473032,473179,175.53226,70.721786,26.734074,15.349082,24.674503,2.484246,1,0
473033,473183,194.41513,73.288292,45.111782,16,25.448301,3.855376,1,0
473034,473181,208.55779,72.931839,32.111984,11.663211,27.567034,2.2969549,1,1
473171,473178,203.80624,72.824356,34.253033,17,27.018559,3.5012484,1,0
473185,473004,165.5377,67.614525,39.005371,12.497634,25.457451,2.2946377,1,0
478030,478180,162.46169,67.31839,35.25536,14.538598,25.204695,2.6988432,0,1
478034,478186,182.45332,69,28.684448,16.999998,26.94335,3.2051582,1,0
478035,478185,190.99287,69.980339,34.736568,13.25133,27.419722,3.2455161,1,0
478180,478030,170,69,36,15.5,25.104336,2.6963151,0,1
495033,495175,213.70731,73.828651,38.224121,11.276217,27.565599,1.854673,1,1
496030,496190,170.40297,64.50869,45.118004,11.10602,28.789803,2.5686932,1,1
496179,496185,193.76384,72.524376,26.681692,12.000001,25.900175,2.8065689,1,0
496181,496188,210.3268,70.690018,48.490017,14,29.592138,2.8352728,1,0
497030,497172,177.5,74,29,12,22.789398,2.2930396,1,0
497032,497173,169.37486,70.991943,28.677082,14,23.628098,2.5539193,1,0
503031,503174,180.92212,71.192535,43.090923,12,25.096937,2.842663,1,0
516002,516174,167.79636,67.579247,50.046005,17.000002,25.831745,3.2006736,1,0
517006,517173,166.48,66.182396,32.094402,12,26.722372,2.4855206,1,1
517173,517006,179.78169,66.978172,29.576416,12.000001,28.175838,2.4855206,1,1
519030,519171,153.33369,73.39286,29.110064,16.999998,20.013723,3.4089425,1,1
534030,534172,156.4978,67.860352,26.250263,16,23.893181,2.5706639,1,0
541031,541174,180.17706,68.441803,23.664877,13.227897,27.042982,2.6709216,1,0
548176,548188,175,70,40,17,25.109608,3.8144102,1,0
556034,556178,178.44809,69.618744,23.954792,13.678762,25.885553,2.8656716,1,0
563035,563195,203.24782,70.515167,28.207258,10.272626,28.738146,1.8524172,1,1
563040,563188,168.21149,65.807922,30.213942,15.039588,27.308464,2.9615054,1,1
565030,565179,179.42087,69.980881,32.234997,13.617801,25.757999,2.7736938,1,0
573172,573030,191.03273,71.999992,50.007111,17,25.908413,4.0511942,0,0
577030,577175,159.7233,74.226181,25.263262,11,20.382244,2.3934958,1,1
582030,582178,170.44029,67,38.111664,12,26.694429,2.8264582,1,0
582031,582179,154.58858,69.450577,45.67289,12.603611,22.533239,3.0541606,1,1
586030,586174,156.83611,67.880447,33.458519,11.596992,23.930655,2.8821926,1,0
595031,595172,189.96445,73,29.812483,16.000002,25.06251,3.1144931,1,0
596030,596174,187.85309,71.082314,34.867962,16,26.139254,4.3202534,1,0
597033,597905,196.63815,72.66143,44.884361,12,26.185318,3.0738161,1,1
599031,599180,160.98619,70.239098,37.061272,14.899317,22.941864,2.9268146,1,0
602033,602188,182.56772,72.489128,40.73098,11.70727,24.427341,2.2292242,1,0
607030,607185,207.97266,74,28.122931,12.380929,26.701811,2.9462564,1,1
607174,607183,167.16011,68.865288,40.342831,13.567358,24.78163,3.2552886,1,1
608033,608188,142.63113,73,29.425989,13,18.817701,2.6741064,1,0
613006,613175,176.11305,70,42.314041,14,25.269312,3.0344052,1,0
620030,620174,186.44489,67.215622,36.112408,16,29.014025,3.4834018,1,0
626005,626203,164.18547,68.366188,39.688976,12,24.697325,2.9730239,1,1
626033,626205,207.76366,71.999992,26.44628,12,28.177509,2.7058074,1,0
626043,626204,139.30003,69.237518,26.549694,11.893606,20.429895,2.7578917,1,1
626186,626214,172.46275,68.552246,26.850754,12,25.801792,2.6253183,1,0
626197,626202,182.4025,71.74852,25.314631,12.261543,24.911671,2.5093246,1,0
626212,626006,157.46739,64.843628,47.368191,12.984093,26.330187,1.8799226,0,0
631031,631181,135.08519,68.814285,27.083691,12.000001,20.056192,2.427438,0,1
631032,631183,158.4026,70.765526,33.634396,12.510351,22.239079,2.7807131,0,1
632030,632187,132.3795,66.075745,24.09201,12.683426,21.317417,2.1696286,0,1
633031,633184,142.50635,65.424538,28.520327,12.000001,23.407276,2.761487,1,1
639031,639191,140.79944,69.399948,30.200216,13,20.553251,2.4430363,1,0
639175,639186,206.49086,74.000008,36.891533,12.759485,26.51156,2.0470474,1,0
647030,647181,208.1189,74.105125,31.063313,13.000001,26.644831,2.8098357,1,0
647031,647185,189.30632,70.735512,24.526194,14.000001,26.600395,2.6663349,0,0
647034,647188,146.43233,64.57653,45.368855,14.992458,24.687977,3.0614431,1,0
647180,647176,183.82449,70.751144,42.746563,13.248855,25.818701,3.1184137,1,1
652031,652175,195.71793,70.797272,42.101288,12,27.453362,3.0494621,0,0
655004,655174,196.08566,71.999992,38.123131,14.999999,26.593706,3.7559166,1,0
656030,656174,192.92294,69.675964,35.469952,16,27.93932,3.4995842,1,1
657004,657171,176.96338,71.785355,46.112572,14,24.144024,3.2188759,0,0
660031,660173,155.70653,71.023087,26.804407,12,21.702295,2.6588829,1,0
672172,672177,165.00266,67.085251,30.049473,10.493751,25.777143,2.2842705,1,0
673030,673177,195.19495,73.736885,28.052341,11.999999,25.24044,2.3946848,1,1
673031,673176,160.71017,69.36882,43.292133,14.420786,23.480791,3.072948,1,0
682004,682177,222.55139,73.214012,44.263119,15.328403,29.190386,3.1695743,1,0
691003,691175,174.52844,71,41.091167,14,24.341505,-4.6051702,1,1
692004,692175,179.98911,71,37.102123,12.000001,25.103106,2.872869,1,0
692032,692176,194.85796,70.321449,31.375483,12.543477,27.703873,3.1750948,1,0
698032,698177,179.04361,72.000008,25.103514,12,24.282404,2.5234377,1,1
700176,700179,148.21349,68.240852,34.959423,12.138389,22.376741,2.5603459,1,0
700179,700176,139.80948,67.238091,31.75238,12.247618,21.742218,2.6242611,1,0
704170,704171,135,68,37,11.999999,20.526451,2.1482677,1,0
709034,709192,164.94365,70.405014,30.39303,10.751177,23.39518,2.2842352,1,1
709172,709187,175.9384,70.594688,32.19688,11.704241,24.820728,2.0219071,1,1
709187,709172,178.54004,70.150856,36.162914,11.380378,25.507486,2.1104741,1,1
709200,709935,185.87218,68.000008,43.486774,12,28.26145,2.8616631,1,0
712004,712175,167,70.199997,43.599998,13.599999,23.825399,3.109061,1,0
712030,712174,180.77071,72.134995,37.986763,15.440867,24.424967,3.0182128,1,0
713183,713190,212.47424,70.999992,35.571579,16,29.63382,2.6424916,1,0
719031,719174,178.55695,71.990067,36.113899,17,24.223091,3.2851579,1,1
722032,722180,191.38712,70.877975,30.38501,12.473852,26.784775,3.2049611,1,0
729005,729179,178.73376,68.456161,45.019539,14,26.815104,2.8540542,1,0
729030,729183,158.3233,67.999992,29.265596,11.999999,24.072716,2.71067,1,0
729037,729193,159.90137,70.042252,32.732479,12,22.915531,2.4214225,1,0
729038,729200,156.98282,70.042252,32.721165,12,22.497272,2.386404,0,0
729183,729030,155,68,26.490652,12.000001,23.567408,2.7303448,1,0
738003,738173,172.59445,68.663345,36.461922,16,25.738005,2.9392087,1,0
738030,738172,160.59967,67.799095,31.119932,16.000002,24.563757,3.3232911,1,0
749003,749180,177.56883,72,36.463932,16,24.082397,2.7879982,1,0
749030,749179,164.39734,70,35.079605,11.999999,23.588303,2.8558874,1,0
749033,749182,184.87375,69.25251,38.520123,14.73568,27.102051,3.1506772,1,1
751005,751180,202.96413,70,44.174465,12.999999,29.121998,3.524689,1,0
751033,751188,203.0842,72.584915,36.915737,12.999999,27.100752,3.3140352,0,0
751035,751189,171.58527,67.668541,41.025505,13.828367,26.345369,2.9778378,0,0
769031,769176,166.90034,68.679024,24.784388,13.999999,24.877512,2.5141699,1,0
769032,769178,183.79012,72,23.246571,12.999999,24.926146,2.234513,1,0
773033,773175,187.32343,71.420685,35.304733,10.657184,25.819155,2.7158265,1,0
775030,775174,183.78918,71,31.795252,16,25.633102,2.0336938,1,0
779038,779178,198.10953,70.809402,52.261192,14.312033,27.779308,3.0788841,0,0
789030,789171,162.78366,70.313263,27.498037,11.423308,23.149107,2.2585785,1,1
789171,789030,152.5,70.5,24.5,10,21.57196,1.9315214,1,1
796173,796177,149.46259,65.282211,42.538651,14.269326,24.657028,3.1861899,1,0
798004,798175,188.50854,72.000008,49.981739,17.000002,25.566065,3.9358256,1,0
798173,798176,200.77625,72.499977,46.281448,16.875006,26.855579,3.8507736,1,0
808031,808172,168.79688,72.277161,27.25329,13.000001,22.717482,2.8735139,1,0
817030,817175,196.4429,72.999992,33.636627,17,25.917236,3.920531,1,0
817031,817174,205.11047,70,29.659945,16,29.429962,3.4920993,1,0
823031,823177,204.18555,75.259895,27.527874,13.999999,25.345201,2.9992113,1,0
823032,823178,186.44553,71.436363,46.776154,17,25.686872,3.7876594,0,0
832030,832174,159.4283,68.854958,30.699799,16.443172,23.642475,4.2296982,1,1
832174,832030,141.11102,65.962936,27.259264,16,22.801264,2.4975111,1,1
833033,833196,189.95277,73.178848,40.409405,12.494989,24.938622,2.960552,1,0
834179,834174,172.85703,69.054443,42.612656,13.617121,25.486002,2.3837075,1,0
844031,844174,180.44667,71.5,23.058275,12,24.81617,2.4475734,1,0
848172,848175,178.31894,74.020744,34.882759,10,22.88171,2.7844312,1,0
850030,850173,187.42493,69.551765,35.232712,12,27.24012,2.8031063,1,0
850173,850030,205.94867,69.978088,35.021915,12,29.568741,2.8842583,1,0
855031,855173,228.4257,74.828835,35.554249,16.414419,28.681705,3.0623839,1,0
856030,856178,165.44835,68.567902,28.961393,12.61186,24.741081,2.7287879,0,0
860002,860173,161.56421,70.026138,33.478237,15.226204,23.164492,3.1004255,1,0
863031,863175,167.00264,67.967743,38.541382,14.102638,25.416491,2.9976625,1,0
869031,869173,179.37589,71.827721,35.585697,14.783758,24.444311,4.0860605,1,0
876031,876175,131.17471,65.170135,38.291382,12.876484,21.71455,2.8436766,1,1
885030,885172,226.155,75.146965,27.241604,11.999999,28.15667,2.2444847,1,1
891177,891178,148.73659,66.338768,28.042227,15.397861,23.76189,2.6659889,1,0
894031,894172,146.48558,66.221901,28.1222,14,23.484945,2.9271374,1,0
894032,894173,176.32275,67.616043,35.287582,16.262171,27.114824,2.9408023,1,1
897031,897175,206.93355,72.488831,29.092142,14.615201,27.687687,3.059092,1,0
904004,904170,143.44263,65,43.068245,12,23.869839,2.7927074,1,0
906030,906174,183.38084,72,32.426739,16,24.87064,3.2841365,1,0
908031,908179,168.35239,67.427383,29.53776,15.363537,26.034224,2.8377235,0,0
910003,910176,197.31549,72.321747,49.448078,15.999998,26.522919,3.2786689,1,0
910031,910179,172.5963,69.115639,32.657112,15.510925,25.402517,3.2844722,1,0
913004,913174,183.14561,69,48.081257,17,27.045582,3.7669644,1,0
921030,921178,177.7803,70.643631,24.214724,10.149014,25.045837,2.3652973,1,1
921178,921030,167.41592,68.376587,23.82032,10.566989,25.175604,2.5269861,1,1
923004,923170,188.64816,74.200119,49.109169,11,24.090252,3.2233419,1,0
934030,934179,176.91309,70.999992,29.114689,16,24.674099,3.3698106,1,0
934033,934180,196.47166,68.12381,33.107056,13.485751,29.764597,2.5426614,1,0
939030,939173,133.20421,64.676788,29.020449,15.999998,22.388191,3.4424512,1,0
939032,939172,164.04555,68.999992,28.145346,16,24.225027,4.1188049,1,0
941005,941186,166.69994,67,46.265907,12.000001,26.10861,2.5551791,1,0
941032,941192,156.50145,67.241066,31.909883,11.483328,24.335886,1.9413062,1,1
941189,941004,185.97639,69.678062,49.110149,12,26.931692,2.1495659,1,0
948030,948178,179.33247,69.702454,27.659025,16,25.951397,4.3935556,1,1
948031,948176,164.68279,68.999992,25.815777,16,24.31913,3.3883314,1,1
958030,958173,216.01505,75,30.708542,14,26.999731,2.1988919,1,0
961178,961005,177.5,69.5,36,11,25.836084,2.0268316,1,0
963030,963172,228.39342,74.488899,41.690243,17.000002,28.939993,4.2141085,1,0
970031,970172,192.16412,70.785423,35.465298,12.666596,26.963892,2.6149204,1,1
976030,976182,149.90811,66.382027,33.523636,15.107259,23.917849,2.9436557,0,0
976183,976910,172.42696,75.012192,25.48443,12.000001,21.544647,2.1929033,1,1
982004,982175,185.72964,68.27626,36.256676,12,28.011717,2.6084437,1,0
982005,982171,184.62888,70.172729,50.095524,11.14131,26.360935,2.551579,1,0
984032,984175,162.69661,69.203453,27.069548,14,23.884764,2.9084678,0,0
988031,988171,226.67769,76.721375,28.228346,14,27.075342,3.3483777,1,0
990031,990171,151.40388,66.462189,29.440968,16,24.098261,3.1798713,1,0
991031,991172,182.84622,72,32.091648,16,24.798132,4.0335445,1,0
999030,999174,189.21655,70.980766,43.087811,12.589083,26.404364,3.4949205,1,0
1012031,1012171,212.80182,72.000008,31.115206,12.000001,28.860788,3.2551715,1,0
1012032,1012172,193.25348,71.711678,34.238731,14,26.420774,2.9654455,1,0
1028039,1028191,191.22659,71.284569,40.25301,9.4543486,26.45789,3.4078419,1,0
1030004,1030173,187.98929,73.798927,35.104866,14,24.267832,3.4052165,1,0
1037183,1037921,162.61615,68.410614,41.430367,14.86159,24.429502,3.0069857,1,1
1038031,1038174,169.85526,70.999992,28.33791,11.999999,23.689741,2.3666873,1,0
1043004,1043185,154.73898,65.248192,43.541611,10.775809,25.554108,1.9770246,0,0
1047031,1047181,169.89407,70.588425,29.08186,12,23.972273,3.318449,1,0
1051039,1051186,192.44453,69.394646,27.081467,14.999999,28.096458,3.189959,1,0
1055172,1055181,163.4355,67.462318,41.261871,14.820175,25.247698,2.9832997,1,0
1060176,1060031,152.5,67.5,21.5,13,23.53208,1.6658182,1,1
1064032,1064173,150.54991,69.847733,39.052277,16.307467,21.695709,3.2778728,1,0
1064172,1064174,160.4102,66,29.453896,16,25.8906,3.0390248,1,0
1074031,1074176,142.64537,65.183517,28.854053,16.121067,23.603697,3.4893136,1,0
1074033,1074175,147.60619,69.037468,35.700115,16,21.773729,3.0430617,1,0
1079006,1079174,191.47128,71.806473,38.083622,13,26.108051,3.0421166,1,0
1079175,1079910,181.44638,71.496605,37.534523,14.598935,24.956024,3.6702495,1,0
1081030,1081175,152.19086,70.623642,40.474167,16,21.452913,2.925123,1,0
1083030,1083171,177.76372,68.812576,32.44096,16,26.394014,4.0511885,1,0
1084005,1084182,179.30731,67.622635,41.083179,12.821792,27.568415,2.8082235,1,0
1084031,1084183,157.79591,68.605133,31.455425,10.641099,23.571135,2.4590187,1,0
1088032,1088185,193.04942,69.327446,46.40778,14,28.239437,3.1353877,1,0
1088033,1088179,171.56482,70.000008,28.105452,15,24.616709,3.3110859,1,0
1088036,1088181,180.88835,71.092651,45.744419,14.560483,25.162809,3.0717041,1,1
1089004,1089171,222.01151,72.402306,34.459862,14,29.776157,2.4304025,1,0
1094004,1094173,170.35979,68,35.510201,13,25.902828,2.4742904,1,0
1096032,1096180,139.16325,67.744118,30.56538,12,21.319613,2.1452804,0,1
1097030,1097179,219.82211,71.900818,42.483936,14,29.895212,2.9818997,1,1
1099031,1099173,162.27142,68.509872,30.236526,14.229382,24.307129,2.6694303,1,0
1107006,1107180,191.97708,67.391792,42.118336,14.000001,29.718939,3.2404854,1,0
1130030,1130174,145.93413,66.753922,26.498775,13.848995,23.025084,2.6343379,0,0
1131180,1131911,187.01909,72,31.133881,12.62226,25.364067,2.8405414,1,1
1141030,1141178,164.826,67.337677,35.772846,10.925703,25.556856,2.614747,1,0
1142030,1142172,164.18272,70.191589,34.310772,12.000001,23.429081,2.4236159,1,1
1149173,1149174,214.12003,70.87413,38.382912,16.314529,29.969517,3.2185154,1,0
1152032,1152187,180.24844,67.069237,35.093689,16.453072,28.172331,3.1490402,1,0
1152180,1152183,216.5927,72,32.109146,15.999998,29.374926,2.7657933,1,0
1152181,1152185,157.15895,68,29.118988,16,23.89567,3.6431768,1,0
1162030,1162174,164.62862,71.381653,29.456089,15.000001,22.715906,2.3147047,1,0
1163032,1163176,184.7637,70.693466,33.819283,16.000002,25.992979,3.1684084,1,0
1164030,1164178,145.57422,65.109482,31.239721,13.79766,24.143152,2.7315242,0,0
1169030,1169179,178.50122,67.5495,39.306316,14.201582,27.503939,2.2120342,1,1
1169180,1169004,155.12244,68,40.118843,12,23.586023,3.159708,1,0
1179031,1179176,142.59306,68.325676,30.034822,15.713914,21.474766,3.2290204,0,0
1184038,1184181,195.73398,71.000008,39.756645,12.545847,27.29904,3.2436872,1,0
1185004,1185178,175.28989,68.035385,44.718143,15.805797,26.624727,3.5284047,1,1
1185179,1185005,188.17253,74.412415,35.087826,15.000001,23.892599,3.7095394,0,0
1191030,1191173,242.17415,77,31.126474,11.999999,28.717344,3.0213711,1,1
1200030,1200177,190.44975,73.528816,28.078428,13.050846,24.766418,2.8612816,1,0
1200031,1200178,131.33899,65.667374,31.674646,17,21.413729,4.3694224,1,0
1211004,1211172,145.12978,67,39.122555,16,22.730284,3.7428193,1,0
1213004,1213177,208.98897,71.600914,41.112675,13.000001,28.660526,3.5824587,1,1
1220172,1220173,219.00595,74.008675,31.631897,16,28.111797,3.0037673,1,0
1221005,1221176,173.50136,70,41.930225,16.000002,24.894577,4.3729048,1,0
1222005,1222199,185.42941,69.23716,41.078587,12.971374,27.195566,2.0288944,1,0
1222031,1222196,140.20032,69,28.103657,12,20.703739,2.0060663,1,1
1222032,1222201,154.81871,68.496704,33.351349,13.503297,23.19968,2.4599929,1,1
1225001,1225171,174.70137,69.675133,54.2724,17.000002,25.301056,3.1411304,1,0
1229030,1229172,190.35208,72,28.842609,16,25.816097,4.277194,1,0
1236030,1236173,159.67723,68.904091,37.425022,16,23.645632,2.6408701,0,0
1241033,1241174,176.67236,70.753845,33.409992,11.999999,24.812269,2.8930633,1,1
1256003,1256175,173.07788,66,49.033371,14.011125,27.935194,2.4283733,1,0
1260035,1260194,164.8056,69,29.348017,12.000002,24.337265,2.9335854,1,1
1260039,1260184,142.68835,64.426605,28.862846,11.122341,24.168852,2.6523895,1,0
1260184,1260039,170,73.5,26,9,22.124437,2.6775911,1,0
1260196,1260922,161.02919,69.903549,28.742393,11.812961,23.168831,2.1176436,1,1
1266030,1266175,158.39935,69.459732,30.285446,11.701339,23.082623,2.5293651,1,1
1269032,1269176,176.83957,72.294617,26.660307,13.591875,23.788414,3.4659121,1,0
1269179,1269904,186.93605,69.616768,33.918129,15,27.118349,2.8260858,1,0
1270032,1270179,193.83415,73.000008,44.288654,14,25.573044,3.0002704,1,0
1282031,1282176,181.78867,69.286598,36.401226,13.816447,26.623569,3.6083934,1,0
1284030,1284172,165,73,33.127514,17,21.768885,3.5711839,1,0
1286005,1286173,192.39958,69.546249,45.800152,16.000002,27.967566,3.6274145,1,1
1287003,1287171,148.50259,67.657204,34.362663,15.342795,22.808876,2.9182024,1,1
1288031,1288173,142.03833,65.064247,27.863895,13.814943,23.589499,2.660639,0,0
1292030,1292178,163.39853,66.945618,33.938564,16.504164,25.633139,2.9664221,1,0
1292178,1292030,174.24123,67.901901,32.944683,16.295609,26.569597,3.0482652,1,0
1300030,1300177,190,70.990578,32.110531,16,26.506363,3.9060633,1,0
1300032,1300178,193.74644,73.12439,49.794647,16.124393,25.474588,3.3355322,0,0
1302032,1302180,203.74518,73.783798,32.136047,16,26.312572,3.2202988,1,0
1303030,1303179,165.93497,70,24.243851,12,23.808926,2.4453084,1,0
1328030,1328176,174.61917,72.999992,30.805729,12.449646,23.037971,2.760355,1,1
1332003,1332187,177.22375,70.251892,41.112915,12,25.246653,2.943222,1,0
1332174,1332183,155.84038,68.094254,40.677258,14.676276,23.629637,3.5939472,1,0
1335037,1335190,190.05612,68.644928,30.543907,14.806411,28.357172,2.7399237,1,0
1335040,1335189,197.22391,68.612564,28.759731,13.261106,29.454405,2.2597835,0,0
1335043,1335191,198.86418,69.986778,35.46027,13.740136,28.544504,2.6872532,1,0
1335045,1335194,184.73599,68.504219,37.910446,11.999999,27.676733,4.2629757,1,1
1335201,1335931,240.06932,75.80883,28.315243,14.999999,29.369398,3.3815849,1,0
1338004,1338170,241.47946,76.788712,37.104752,11.999999,28.792767,3.7040067,1,0
1345007,1345181,202.64482,73.685966,37.666187,15.192835,26.240004,3.3124287,1,0
1345182,1345172,149.28264,68.002632,35.908066,11.543888,22.696337,3.0183773,1,0
1346030,1346170,195.18425,70.529778,34.794048,16.324835,27.586569,4.5398011,1,0
1346031,1346171,204.20349,69.392807,28.16527,14.642877,29.814821,2.9739158,1,0
1351004,1351180,184.9817,68.722641,35.732555,13.322703,27.537661,2.3139672,1,1
1353031,1353174,165.18466,69.784081,26.125021,14,23.848162,2.4933505,1,0
1353032,1353175,196.51711,73.02581,31.949152,12.620809,25.908697,3.1630335,1,0
1355005,1355176,111.39993,60.639919,45.699558,14.255966,21.299314,2.5314496,1,0
1355006,1355175,151.27269,65.000008,38.350212,14,25.17281,3.2525637,1,1
1355030,1355181,162.85109,69.640396,35.578575,16,23.608377,4.5435724,0,0
1363003,1363171,178.00247,69.711319,37.821751,16,25.752378,3.1870787,1,0
1376003,1376171,193.29073,72.999992,35.426193,13,25.50136,3.2522564,1,0
1376031,1376172,217.22633,73.36483,30.078312,13.527832,28.374914,2.5539114,1,1
1387031,1387174,187.10272,70.29438,44.444172,16,26.621765,2.3770366,1,0
1391030,1391177,155.85588,69.038971,32.171177,16.521021,22.98966,2.8292875,1,0
1391177,1391030,151.26865,68.096405,31.253729,17,22.934988,2.5798347,1,0
1399031,1399183,206.08463,72.059677,26.704653,12,27.903515,2.8742702,1,1
1406030,1406178,171.17857,68.838005,41.825558,12.4595,25.397491,3.1388173,1,0
1415005,1415173,154.56804,69.016052,41.770157,12,22.814838,2.8189964,1,1
1419030,1419176,168.91217,70.566841,45.362949,14.716579,23.848307,3.1763654,1,0
1419032,1419175,157.0701,70.088959,37.41008,15.999999,22.47979,4.3650079,1,1
1434030,1434172,247.19041,77,32.087261,16,29.31218,3.0246792,1,0
1435005,1435175,212.93295,72.162148,40.422626,14.000001,28.748947,3.3779669,1,0
1454030,1454172,211.71472,71.385834,39.974701,16.53665,29.209553,3.4478433,1,0
1459031,1459173,147.84743,70.654617,28.62801,13.780804,20.822392,2.6458404,1,1
1473030,1473171,170.49359,70.34137,27.110464,16.322563,24.226147,2.7059407,1,0
1485182,1485913,180.85123,74.057327,35.340633,13.389601,23.183733,2.6923959,1,1
1494030,1494179,199.49487,75,31.10955,12,24.934875,2.6648376,1,0
1496030,1496172,158.94983,71.999992,31.089584,16,21.557238,3.5459373,1,0
1501030,1501171,185.47685,77,28.649445,12.05528,21.994099,2.0075579,1,1
1501031,1501176,162.15131,67.754036,46.244762,13.992417,24.83408,2.670105,0,0
1504030,1504171,173.02849,70.605698,32.08873,16,24.402599,2.9640872,1,0
1520031,1520174,177.62592,69.318184,30.915123,12.352332,25.990219,2.5756776,1,0
1522033,1522185,176.22211,71.230072,42.398361,16.539856,24.419209,3.4382329,0,0
1537173,1537176,188.58882,72.343552,50.503159,11.404868,25.334612,3.0846584,1,0
1542033,1542181,206.00607,74,45.118671,16,26.44932,3.4789078,0,0
1549003,1549170,166.09827,68.525414,35.010166,17,24.86908,3.6400247,1,0
1565032,1565182,172.98024,64.6138,33.672901,16.631544,29.130228,2.7753313,0,0
1565033,1565180,162.07292,66.999992,30.907621,14.999999,25.383936,2.8264205,1,0
1567030,1567176,134.44441,65.993042,31.290701,12,21.704231,2.6714404,1,1
1567176,1567030,157.71066,65.985634,28.371651,12,25.465971,2.7522681,1,1
1568030,1568181,181.15909,73.784004,32.113522,17.000002,23.395571,3.3774374,1,0
1568033,1568182,167.0325,70,51.111938,12,23.966402,2.4807539,0,0
1577031,1577175,160.9402,69.258003,31.871403,11.169242,23.58971,2.8638079,1,0
1577175,1577031,168.23514,70.221718,36.859222,11.38914,23.986769,2.7788379,1,0
1579032,1579180,188.84953,72.300751,31.89747,15.325187,25.399681,3.1646006,1,0
1579035,1579187,199.38138,71,40.33786,14.270863,27.807749,3.5878811,1,0
1579038,1579183,205.42073,74.127167,35.848335,14.254346,26.283756,3.2095914,1,0
1579190,1579936,226.09773,75.412338,48.087887,16,27.951773,3.7815292,1,0
1590031,1590171,196.05066,70.430115,29.090076,11.999999,27.787498,3.2738347,1,0
1590032,1590170,191.12166,74.190971,26.312637,13.999999,24.412134,2.6253052,1,0
1608030,1608175,153.64552,67.576363,33.824162,11.648453,23.655289,2.3462386,1,1
1608031,1608176,172.31638,73.485558,28.604572,12,22.434713,2.5015843,1,0
1611176,1611179,156.04987,70.720909,29.137936,12.95932,21.936417,2.4318731,1,1
1612170,1612171,182.08324,70.760735,50.068352,12,25.567205,2.8998199,1,0
1613032,1613181,207.80655,72.538879,33.842903,12,27.76614,3.6660447,1,0
1613180,1613182,173.24812,71.948875,39.29171,13.751884,23.529814,2.8897617,1,0
1628005,1628173,130.20493,63.027576,37.707653,12.853204,23.044334,3.0118504,1,1
1628173,1628005,152.5,65.5,34.5,12.5,24.991091,2.733068,1,1
1635030,1635173,143.08675,67.933334,31.998306,16.140478,21.798744,3.0218101,1,0
1652030,1652176,186.21439,72,29.103056,17,25.254932,3.1914363,1,0
1652032,1652178,169.32169,68.304161,30.304159,16.256018,25.516211,3.0084703,1,0
1652033,1652179,200.11804,70.640808,31.874638,14.339511,28.195051,2.6881232,1,0
1654001,1654173,182.5278,71.638344,65.415672,12.000001,25.005522,2.0505545,1,0
1663008,1663180,181.66307,70.083504,38.902626,16.000002,26.003572,2.5302062,1,0
1682030,1682179,166.84718,70,31.262293,15.999998,23.939814,3.0467854,1,0
1682032,1682178,213.09288,73,33.78487,16,28.113905,3.0236468,1,0
1682177,1682005,178.56505,73.393364,53.102268,14.000001,23.306702,3.1093833,1,1
1687030,1687175,169.0385,70.218979,34.692852,13.281845,24.103191,2.3561077,1,0
1690030,1690178,202.08005,73,33.586048,12,26.660954,3.3052464,1,1
1695010,1695193,200.02156,72.798096,39.082443,11.999999,26.535955,2.9515231,1,0
1695011,1695226,171.42604,68.137543,38.220764,12.662283,25.959829,2.8902924,1,1
1695037,1695225,134.3782,63.875641,24.476688,10,23.155611,1.6461014,1,1
1695041,1695224,192.1091,74.993332,25.873224,12,24.015997,2.4733794,1,1
1695044,1695234,155.82465,64.882645,24.991819,10.893744,26.024176,2.406729,1,1
1695223,1695196,198.31273,69.730766,36.083454,14.046207,28.674751,2.587852,1,0
1697035,1697193,227.45396,76.000008,25.427532,14.000001,27.686251,2.7267392,1,0
1697042,1697200,189.56784,69.369614,37.90218,12.459054,27.696449,2.7286804,1,1
1700031,1700175,176.37526,70.622177,27.240889,12,24.862991,2.5332077,1,0
1700175,1700031,186.2093,66.963455,27.595549,13.034077,29.19602,2.554899,1,0
1700195,1700930,169.05501,63.477276,48.93396,12.377027,29.497787,2.8158123,1,0
1701005,1701179,202.13213,69.188828,38.684998,15,29.686661,3.2701979,1,1
1709031,1709192,176.80783,72.071495,24.486521,13.678583,23.931635,2.5428827,1,0
1709182,1709190,170.55582,68.333359,33.888905,11.222193,25.680231,2.7051625,1,0
1717030,1717175,164.14847,71.260704,35.82296,12.592192,22.726604,3.3556173,1,0
1720030,1720181,190,73.788277,26.916924,15.22801,24.534477,3.1033251,1,0
1720032,1720179,207.19681,77.402473,24.090191,12,24.314835,2.8996265,1,1
1720033,1720917,192.52417,71.925285,37.952122,12.000001,26.164957,3.1466055,1,1
1720180,1720003,271.33298,80.8461,44.502995,12.791744,29.186527,2.3362465,0,1
1721030,1721178,147.50404,66.118416,36.0662,11.999999,23.722313,2.9888523,1,0
1726030,1726171,165.57104,74,28.124998,16.999998,21.257828,3.1277006,1,0
1730005,1730173,159.75093,68.119888,50.474777,13.416073,24.204355,3.0331774,1,0
1731033,1731180,177.88971,69.197792,34.242062,12,26.119467,2.4472437,1,0
1731035,1731179,184.30396,68.773857,39.707336,14,27.395918,2.8377798,1,0
1731171,1731177,165.06131,68.006126,39.496933,11.999999,25.092688,2.9402196,1,0
1732183,1732918,175.05208,69.644966,37.005154,16.096598,25.373814,3.1918514,1,0
1736031,1736171,182.83882,72.355782,44.752502,14.395093,24.553865,3.172441,1,1
1739031,1739176,173.42038,68.237511,38.755802,17,26.18495,2.9140458,1,0
1740175,1740903,189.11523,73,47.905895,12.999999,24.950472,2.6253679,1,0
1750179,1750001,161.36732,65,62.091106,16,26.852631,3.4305122,0,0
1756035,1756203,214.61136,71.173958,34.865284,13.797023,29.785742,2.6144474,1,0
1758031,1758182,162.28989,69.532745,30.087572,10.324661,23.599926,2.1963353,1,0
1762031,1762180,187.55511,71.618179,33.12352,11.999999,25.70871,2.85288,1,0
1762195,1762006,140.69981,67.270546,41.316765,12.000001,21.85957,2.603852,1,0
1763006,1763179,164.92946,69.682739,41.252602,12,23.880629,3.7188408,0,0
1763033,1763182,164.90138,70.462646,25.811325,14.713688,23.350941,3.0189805,1,0
1763034,1763190,190.19586,70.174156,46.812622,12.858492,27.154675,3.2378824,0,0
1763189,1763920,165.55647,69.962585,32.532906,12,23.780031,3.1106536,0,0
1775033,1775184,177.02534,72.29097,30.591711,14.670224,23.815807,3.258749,1,1
1776030,1776177,187.6763,71.723793,48.46722,14.828613,25.649618,2.6237104,1,0
1780030,1780171,185.73331,72.700195,32.545097,17,24.706806,3.4592204,1,1
1786010,1786194,165,66.5,34,12,26.232435,2.3707111,1,0
1786031,1786196,209.28943,72.650322,28.757896,11.999999,27.878548,2.6463656,1,0
1786033,1786191,199.09894,70.394745,29.092718,12,28.247915,2.8575585,1,1
1786041,1786204,182.26309,71.449799,30.251451,12.724903,25.10121,2.6759467,0,0
1787004,1787180,179.99998,69,37.038399,12,26.581059,2.4857323,1,0
1794031,1794172,164.13908,69.665749,36.224834,16,23.777782,3.2372487,1,0
1795005,1795179,126.21268,67.09333,40.020561,13.083085,19.712524,2.6348109,1,1
1795030,1795180,171.68689,70.421425,42.061394,16.789288,24.340277,3.0886431,1,0
1795031,1795181,171.70398,70.26506,40.220722,16.724873,24.451159,3.0513179,1,0
1798008,1798187,187.2233,68.337006,41.779366,12,28.18681,2.2188017,1,1
1798035,1798195,182.06511,72.105927,28.40662,16,24.619699,2.2995014,1,0
1798187,1798008,173.02469,68.71151,39.311596,12.000001,25.766001,2.3569863,1,1
1807035,1807175,195.4619,68.527832,36.883545,12.663676,29.263487,3.0635049,1,0
1830185,1830921,159.0681,66.724815,39.43684,10.240674,25.119228,3.0731561,1,0
1831032,1831175,220.69435,74.426239,34.834843,16,28.011541,2.8679705,0,0
1831033,1831176,224.09119,73.879333,39.214256,15.757123,28.865349,3.2661741,0,0
1837030,1837174,178.64319,70.413681,37.886616,16.548401,25.33205,3.3410192,1,1
1841031,1841174,165.91356,67.792763,50.98925,12,25.381258,3.6153061,0,0
1850030,1850176,192.21616,70.500175,33.428238,15.100106,27.18989,2.911195,1,0
1873004,1873172,192.87804,71.316246,52.712921,16,26.662682,2.9396911,1,0
1878032,1878175,161.04294,69.026016,47.845272,14.559376,23.763697,2.8895779,1,0
1887032,1887178,185.78743,68.010086,25.317221,11,28.240191,2.4647541,1,1
1887033,1887187,169.04396,68.715065,26.935368,13.999999,25.170607,2.4566634,1,0
1887034,1887184,144.13261,66.490059,23.733053,9.5315514,22.921698,2.5154164,1,1
1892030,1892182,148.07671,66.692284,36.61536,12.307696,23.406342,2.5557926,1,1
1892032,1892177,186.56897,68.913116,29.540863,14,27.62063,3.1240652,1,0
1892033,1892178,165.62798,67.403458,25.505598,12,25.631104,2.223608,1,0
1893005,1893177,150.78925,67.850639,51.383789,14.794288,23.028225,2.7395489,1,1
1893173,1893176,168.27115,68.000008,40.124065,11,25.585253,3.441123,1,1
1901179,1901030,185.99837,70,45.806011,12.430873,26.687691,2.9671474,1,0
1908174,1908176,186.83224,74.48745,47.17355,16.000002,23.67465,3.97177,1,0
1911031,1911182,204.11049,70.794121,42.675903,14.056579,28.633135,2.816287,1,0
1914173,1914177,147.5,68,35.5,12,22.42705,3.1593382,1,1
1914180,1914913,188.90161,83.363045,40.736172,11.999999,19.111134,3.3973129,1,0
1918030,1918179,191.51189,73.043915,32.929531,12,25.236296,2.9955792,1,0
1918031,1918180,207.94809,70.834023,50.856327,12,29.138626,3.5477264,1,0
1918179,1918030,199.37209,72.694572,35.096111,12.000001,26.525181,2.9735558,1,0
1919031,1919177,216.50491,71.40049,38.997543,15.649878,29.858181,3.087785,1,0
1919036,1919179,183.35255,70.227097,35.974873,13.266339,26.138187,2.8974044,1,0
1920006,1920173,193.7213,73,39.120167,16,25.558161,3.8347788,1,0
1932033,1932910,181.00476,67.779579,45.098492,11.000001,27.700665,3.1867645,1,0
1935005,1935174,171.6879,70.000008,36.796204,16,24.634369,3.4959033,1,0
1939031,1939172,193.71121,72.277618,37.034344,15.04617,26.070238,3.1123328,1,0
1939032,1939173,173.24661,72.84272,31.172989,14.768543,22.955692,3.089638,1,0
1955005,1955172,159.03906,70.399597,37.108555,14.999999,22.561161,3.0932245,1,1
1956005,1956171,196.35495,72,34.93512,16,26.630224,3.7412696,1,0
1959005,1959172,180.9369,72.401817,42.7155,17,24.267563,3.3855746,0,0
1961031,1961173,181.16151,70.460075,29.705498,16,25.655334,2.1345794,1,1
1970005,1970182,205.8821,72.200768,38.076118,11.999999,27.767254,3.1938396,1,0
1971183,1971914,154.59416,70.12928,26.519882,13.714248,22.099998,2.3799317,1,0
1972173,1972176,190.11426,70.860413,32.961086,13.519455,26.619829,2.8842146,1,1
1975030,1975177,186.08926,70.091263,41.912907,17,26.631248,3.9689898,1,0
2000030,2000171,159.76353,68.478828,42.155632,13.278973,23.953169,2.5106766,1,0
2004032,2004181,197.96143,72.81514,26.090857,12.000001,26.250351,3.5054696,1,0
2004033,2004184,159.65753,67.036285,34.737156,12.484827,24.978567,3.4059367,1,0
2005031,2005177,155.49457,68.135521,28.767426,12.181837,23.548651,2.5066907,1,0
2017031,2017180,189.27116,70.48632,29.33639,10.444991,26.783831,2.5944076,1,1
2019005,2019180,173.03091,68,41.241032,13.999999,26.308968,3.4553452,1,0
2030030,2030191,146.198,66.799774,33.760395,15.359956,23.035061,2.5994747,1,0
2030031,2030189,210.10654,72.27536,27.267664,16,28.278542,2.5852408,1,0
2030032,2030192,187.94116,71.517647,23.95319,12,25.834105,2.7858927,1,0
2032033,2032181,166.31593,68.586082,38.891788,13.763868,24.857634,2.4397972,1,0
2032036,2032186,176.86069,68.571724,42.420841,12.000001,26.444731,2.210434,1,0
2032037,2032187,169.04031,68.479836,42.291363,12,25.343277,2.0814099,1,0
2034004,2034182,147.41002,65.209267,39.816154,12.728292,24.372852,4.6255717,0,0
2046030,2046172,147.39108,66.693466,33.257595,16.306538,23.297138,2.8515105,1,0
2048001,2048170,189.54741,72,55.914276,16,25.706966,3.5412147,1,0
2051030,2051174,179.04741,71,31.528702,17,24.971766,2.2687087,1,0
2059030,2059180,187.39534,70.765579,34.523357,16.705832,26.309504,3.1928649,1,0
2059182,2059910,168.22275,67.832733,39.306019,14.916368,25.704197,3.4634447,1,0
2067034,2067192,151.15242,67.615242,26.092012,11.999999,23.244696,3.012284,1,0
2069003,2069178,158.07266,67.092155,43.840286,14.697385,24.689438,2.8317909,0,0
2078030,2078180,171.80081,67.327965,33.048286,12,26.646009,2.5416112,1,0
2079036,2079182,206.47304,72.362,26.052692,12,27.722996,2.2953699,1,1
2095181,2095924,167.59312,67.254295,30.292097,14.553268,26.050381,2.9080398,0,0
2108030,2108182,148.82657,70.98217,31.003241,11.999999,20.76729,2.8112218,1,1
2109002,2109174,184.48177,69.400459,34.118904,12.999999,26.929403,1.9026279,1,1
2124030,2124171,207.9079,72.185249,34.079258,13,28.052526,2.9905233,1,0
2126030,2126172,137.48273,66.188309,29.863394,15.232876,22.063961,2.6847467,1,1
2129030,2129193,197.1284,72.315376,35.995998,13.213757,26.502438,3.6074581,1,0
2132030,2132171,179.696,71.232925,31.538816,15.999998,24.898594,3.5398726,1,0
2132031,2132172,165.1656,66.640968,34.564892,16.256441,26.147787,3.5266941,1,0
2133030,2133177,181.08371,72,36.196022,16.404087,24.559095,3.2096837,1,0
2133031,2133178,197.86644,73.999992,26.46633,16,25.40427,2.9480944,1,1
2133033,2133176,191.87286,70.231575,34.234608,14.90797,27.349331,3.8975971,1,0
2133034,2133180,179.31822,72.53949,42.961956,16.539488,23.959259,4.1658192,1,0
2137030,2137175,239.60942,76.411766,27.55517,13,28.852362,2.980273,1,0
2137174,2137177,207.46068,73.286682,26.928766,12.621191,27.157116,2.8976457,1,0
2151030,2151184,154.52841,67.591957,29.51918,13.879707,23.780239,2.6795149,1,0
2151034,2151182,177.06789,69.594673,53.393108,14.265744,25.703114,2.9012098,1,1
2164030,2164176,151.46362,66.814224,31.242561,13,23.854397,3.4723644,1,1
2164036,2164184,166.68489,70.18998,40.165298,17,23.787235,2.9685798,1,0
2164037,2164185,172.82965,68.393562,39.1567,15.64329,25.976809,2.7448339,1,0
2166030,2166171,173.25574,70.133713,31.326159,14.916547,24.764635,2.6349421,1,0
2177173,2177186,217.90144,74.545074,37.039593,14.734441,27.568945,3.4488606,1,1
2177178,2177185,156.22856,69.87455,47.62767,16.999998,22.49678,3.3536029,1,0
2194180,2194187,192.64856,70.242569,27.059423,13,27.451302,2.7686362,1,0
2201173,2201175,169.31566,71.198074,32.481426,11.159423,23.483273,2.6060224,0,0
2205031,2205174,171.09283,66.470627,31.389545,12.930525,27.225147,2.3890798,1,0
2206030,2206179,161.96313,68.79483,37.11198,17,24.060381,2.8951356,1,0
2212031,2212171,154.19891,65.869919,28.33609,16.702314,24.986475,3.2673671,1,0
2224032,2224196,181,71.400002,31.000002,17,24.962042,2.4200718,1,0
2224185,2224926,193.48932,73,43.752544,11,25.527555,4.2553234,0,0
2225030,2225179,207.75336,71.584045,28.085754,15.168092,28.504505,2.5860467,1,0
2225031,2225176,164.31981,69.006042,35.316296,12.000001,24.261274,2.835851,1,1
2237030,2237173,205.16698,70.000008,42.646393,16,29.438061,3.7214346,1,0
2238030,2238173,194,70,30,15,27.835794,2.6130066,1,1
2238172,2238174,164.92752,69.41571,40.671925,16.118673,24.064428,3.5199802,0,0
2250006,2250187,183.62758,66.770599,46.718994,12.917613,28.957781,2.1700842,1,0
2250007,2250192,159.87732,66.744087,45.377743,13.999999,25.232437,2.9302905,1,0
2250030,2250184,157.03586,66.829697,30.444939,12.000001,24.720533,2.9015987,1,1
2250033,2250191,188.06927,73.490952,38.852287,13.453283,24.482067,3.2551854,1,0
2250034,2250186,195.3354,69.75724,33.470951,14.044058,28.222816,2.9083891,1,0
2250038,2250188,144.66348,68.73381,32.053688,14.761763,21.528614,2.6262012,1,0
2251031,2251176,164.70944,70.029053,29.871578,15.289687,23.613478,3.1077449,0,0
2255030,2255170,205.1429,71,28.514439,16,28.611309,4.0872183,1,0
2255031,2255171,180.82695,70.337662,35.064041,16.304501,25.697168,3.2184222,1,0
2260036,2260178,184.67134,68,37.025856,12,28.078869,2.9202859,0,0
2271005,2271175,156.96696,67.51886,39.137695,10.000701,24.207838,3.4984407,1,0
2276175,2276176,174.61012,74.402534,33.695202,11.999999,22.176443,2.0636933,1,1
2278033,2278187,145.08195,71.806549,28.081928,15.999998,19.782593,2.3646128,1,0
2278034,2278186,200.49704,74.862846,27.233681,12,25.152042,1.7794261,1,0
2278193,2278032,190.11546,67.161156,31.942654,13.195054,29.633234,3.0006213,0,0
2280030,2280177,141.1205,67.79911,36.078968,17.000002,21.584406,2.878576,1,0
2280031,2280178,185,72.5,22,12.999999,24.745352,2.1741834,1,0
2280035,2280180,193.7486,70.120659,38.767014,15.998874,27.70413,4.7519207,1,0
2282172,2282180,133.96779,64.999992,45.349854,12.999999,22.293165,.61518568,1,0
2297033,2297181,197.22687,70.512436,36.360386,16.000002,27.888979,2.5701125,1,0
2299030,2299174,149.41943,66.308487,28.082859,16.327122,23.892786,3.5057971,1,0
2299031,2299175,199.84895,74.338531,25.074739,16.237352,25.425638,2.914948,1,0
2300030,2300172,189.04207,72.086853,31.241417,14.971049,25.576687,3.4403772,1,0
2300031,2300173,181.97226,72,36.754795,17,24.679602,3.5064487,1,0
2302037,2302208,223.93059,73.58606,32.732826,12.965454,29.075037,2.9558988,1,0
2302187,2302230,153.41982,68.289925,26.69854,12.708006,23.129496,2.1828198,1,1
2302201,2302216,194.42546,68.478363,25.898695,12.000001,29.150389,2.1235063,1,1
2304030,2304175,193.39833,71.309021,42.779438,16,26.740021,3.014158,0,0
2305031,2305178,140.63419,64.617859,29.113823,15.646938,23.680111,2.1734669,0,0
2311006,2311174,152.84106,65.207573,52.110138,12.000001,25.272133,3.5682268,1,1
2312030,2312171,195.71922,71.143852,31.880274,14.789837,27.186712,2.7676365,1,0
2312031,2312172,182.40131,73,26.46699,16,24.064684,2.8105547,1,0
2334031,2334173,182.10458,71.366989,34.091511,16,25.137615,2.8992229,1,0
2335030,2335175,168.42873,69.285721,37.714314,13.714284,24.667587,2.7333488,1,0
2336030,2336171,176.25031,72.592041,39.115063,17,23.515263,3.4940195,1,0
2338003,2338171,171.13516,72.000008,42.532513,16.000002,23.209839,3.9578056,1,0
2352005,2352172,138.98651,66.274208,38.594391,16,22.247517,3.4975739,1,0
2354032,2354179,204.73886,71.341766,42.217075,12.95607,28.282026,2.2098877,1,0
2364032,2364184,193.37498,67.765633,28.689671,15,29.605968,2.8971095,1,0
2364033,2364187,205.79395,71.042671,28.919659,12.705373,28.667643,2.8279459,1,0
2364183,2364005,191.43288,73.295822,45.422192,12.611712,25.052786,2.3145115,0,0
2364189,2364005,183.16327,73.755371,47.970306,12.37569,23.672768,2.5020316,1,1
2366030,2366177,187.27542,69.959381,33.294594,14.191222,26.90214,3.055541,1,0
2373030,2373171,192.12245,68.251526,35.642879,13.827662,28.996883,3.2767322,1,0
2379005,2379173,176.07669,68,39.118866,16,26.772072,3.6403987,1,0
2379175,2379911,177.59023,68.534294,32.7397,13,26.582825,3.4159544,0,0
2380032,2380182,203.81459,72.669182,41.821968,13.443606,27.13518,2.7043185,1,1
2383005,2383172,150.67044,67,37.114685,17,23.598064,3.0081115,0,0
2391030,2391173,211.81087,71.361084,34.357262,13.400771,29.243093,2.7448339,1,0
2391032,2391175,189.13336,72.188942,30.406237,12,25.516716,2.4183643,1,1
2397030,2397174,203.34526,69.808067,33.911011,13.000002,29.337343,4.2850647,1,1
2397031,2397176,223.78929,74,26.437548,12,28.732525,2.635458,1,0
2397032,2397178,204.00562,71,32.548584,14.999999,28.452692,2.3257058,1,0
2397033,2397181,189.30582,68.340408,35.895836,14.680938,28.497501,2.6835456,0,0
2408170,2408172,136.99698,68.019234,26.572447,15.258307,20.81831,2.2907116,1,1
2409030,2409176,206.75545,73.589294,33.047676,13.40054,26.842667,2.8987234,1,1
2416031,2416175,183.81897,71.244446,36.726059,12.297063,25.461634,2.9633605,1,0
2422005,2422176,168.05684,69,46.966446,12,24.817385,2.9516571,1,0
2422032,2422178,146.00546,67.415894,29.111624,12.232607,22.586164,2.5339475,1,0
2422033,2422180,175.18358,70.839096,43.565384,12.279698,24.543999,2.675878,1,0
2422171,2422179,159.95325,68.709389,44.637081,15.80263,23.820936,3.9503834,1,0
2435030,2435181,129.22299,66.020683,28.811008,11.574899,20.843842,2.2108331,1,1
2435181,2435030,134.26324,66.736763,28.03529,11.982356,21.19458,2.2267833,1,1
2436191,2436006,190.12245,74.000008,43.386272,12,24.410004,3.0496604,0,0
2441005,2441178,138.93063,62.622246,30.285015,9.7277365,24.907991,1.9029613,1,0
2455031,2455175,167.8918,64.264297,40.842838,16.023151,28.581692,2.364774,1,1
2464171,2464173,188.35106,73.588417,28.072439,12,24.453842,2.863061,1,0
2466030,2466173,203.8549,72.983643,32.465866,16.254089,26.907171,3.4249101,1,0
2466031,2466175,194.09756,72.374321,35.338856,16.406418,26.052477,2.4771087,0,0
2466032,2466174,183.20758,72.417175,39.124882,14.562621,24.561689,3.635854,1,0
2467031,2467173,175.86513,69.353516,49.998676,16.863993,25.706367,3.2039337,1,1
2467032,2467172,183.87045,69.452393,42.352837,15.190426,26.800043,3.1475489,1,0
2467033,2467174,175.95917,69.375885,53.75185,16.874701,25.703531,3.399076,1,0
2468171,2468173,208.39995,70.33461,33.156502,12.555131,29.618113,3.5109861,0,0
2483030,2483187,160.33305,62.587658,34.28714,15.097942,28.776873,2.3071442,1,0
2483031,2483189,189.71832,73.407936,27.269276,11.999999,24.752621,2.5287063,1,1
2483187,2483030,171.09239,64.924347,34.743698,15.487391,28.53734,2.3539023,1,0
2485033,2485188,152.14894,71.238159,44.539749,9.999999,21.078588,1.9517356,1,1
2485173,2485186,174.73453,69.202103,36.783802,13.145799,25.652996,2.5240841,1,1
2486033,2486199,216.04242,71.313499,44.415989,11.275549,29.86713,2.7607951,1,0
2490030,2490175,189.1917,72.000008,33.274235,12,25.658718,2.6824584,1,0
2490032,2490176,174.34747,70.360878,28.524446,12.819557,24.760025,2.5314903,1,0
2490176,2490032,185.38138,71.114777,28.766121,12.623447,25.771776,2.6807227,1,0
2500030,2500177,214.98413,71.532974,47.263351,12,29.538729,2.4372723,1,1
2500031,2500174,199.92613,70,26.483765,11,28.686094,2.6527064,0,0
2500174,2500031,194.24675,70,25.158957,11,27.871199,2.3977406,0,0
2502030,2502173,169.47919,74,25.451588,14.000001,21.759598,2.5618458,1,0
2502173,2502030,166.51291,74,23.545069,14.000001,21.378754,2.3373454,1,0
2503031,2503173,187.46355,69.400436,29.245274,16,27.364679,2.6955647,1,0
2509030,2509179,185.97433,70.843254,25.265631,16,26.052773,2.9779837,1,0
2510170,2510173,153.77788,66.867287,47.964115,16.333216,24.180452,3.6480937,1,0
2521031,2521175,185.75493,69.212509,41.613235,15.970956,27.262714,3.3942382,1,0
2524170,2524176,152.10948,70.798828,34.48843,16,21.335464,3.1589906,1,0
2524173,2524177,201.13089,76.000008,31.078138,16,24.482143,2.663805,1,0
2525179,2525914,166.8446,71.387138,40.085297,16,23.018137,4.1314707,1,0
2526173,2526031,222.7928,72.684486,25.301773,12.000001,29.649384,2.8090837,1,0
2530030,2530188,201.06036,74.000008,32.098381,15,25.814333,3.3450291,1,0
2532031,2532172,217.1492,75.989822,38.674057,14,26.43902,3.7289212,0,0
2537030,2537182,222.37271,74.228188,31.131203,16,28.375383,3.9785373,1,0
2537183,2537022,198.63251,69.402779,54.085266,17.000002,28.993092,2.0889721,1,0
2547004,2547178,185.48897,71.618317,36.428909,11.999999,25.425402,2.8609564,1,0
2547030,2547181,169.81396,69.904579,45.41148,13.48678,24.432058,3.4848895,1,0
2566033,2566176,194.09129,71.304741,31.433165,11.999999,26.839054,1.5959104,1,0
2566034,2566175,174.65723,71.698181,30.400341,13.36438,23.887363,2.0689287,1,0
2566035,2566177,197.24521,72.667458,40.477692,12.528003,26.261799,2.2219255,1,0
2568004,2568171,164.16475,72,44.115753,12,22.264496,3.1401048,0,0
2569030,2569178,177.5,71.5,28,16,24.410925,3.3421547,1,0
2569033,2569181,173.21735,67.296211,27.367369,14.063217,26.891071,2.6149945,1,1
2569182,2569031,178.58884,66.954582,28.010517,10.871037,28.008617,2.4604609,1,0
2574030,2574172,174.19557,69.531906,58.024982,14.125288,25.331842,4.3343754,1,0
2576032,2576171,147.82361,69.584671,45.242275,16.855276,21.464193,3.1992002,1,0
2579030,2579171,174.31204,68,30.126017,15.999998,26.503761,3.1057549,1,0
2581031,2581178,221.95764,72.649834,41.064159,12.228288,29.566423,2.9134641,0,0
2586181,2586916,206.57872,75,41.523842,16,25.820284,3.6061621,1,0
2590030,2590178,185.34392,75.580269,24.976074,14,22.811794,2.3488293,1,0
2590033,2590176,189.69418,73.000008,25.975996,12.000001,25.026846,3.0493498,1,1
2590034,2590180,189.83614,72.202393,31.462572,15.645029,25.601988,2.6598899,1,0
2590037,2590177,178.98445,72.999992,24.104158,11.999999,23.613895,2.5482972,1,1
2590176,2590033,180,73,22,12.000001,23.747873,3.7393348,1,1
2591033,2591183,183.05829,70.705421,35.831696,12.452671,25.744349,2.3820181,1,0
2603030,2603184,186.28058,68,29.048941,11.024471,28.323549,2.518882,1,0
2603031,2603186,185.20068,71,44.10503,12.000001,25.829966,2.5634041,1,1
2611032,2611175,207.18257,73.580788,31.890326,14,26.904337,3.0249674,1,0
2611033,2611182,191.28549,68.147873,30.171532,13.536429,28.958456,2.9090545,1,0
2614032,2614175,200.09192,75,28.209255,12.000001,25.009499,2.6919122,1,1
2614035,2614179,213.7641,74,24.326712,13.000001,27.445381,2.8256745,1,0
2614036,2614177,184.66328,72.969131,30.084824,13.484567,24.38373,2.8298128,1,0
2614175,2614032,200.15598,75,28.355093,12.000001,25.017504,2.7271643,1,1
2615033,2615183,221.23106,74,30.086651,15.999998,28.404072,2.6688704,1,0
2615034,2615189,137.67827,68.916016,27.219345,16,20.380884,2.818851,1,0
2615035,2615192,214.53984,73.444336,43.197311,13.084899,27.963354,3.0017128,1,0
2615036,2615184,165.62643,74,25.038273,12,21.264938,2.8703716,1,0
2615037,2615187,208.5183,72.699455,34.563915,14.797802,27.738297,2.1344509,1,0
2615040,2615194,208.94772,73.586388,47.119728,13.05759,27.129427,2.5827925,1,0
2615041,2615188,192.73888,71.162262,29.864592,12,26.758871,2.3510242,1,0
2615042,2615197,183.20297,72.644348,51.358349,12.128869,24.407698,2.2529118,1,0
2615044,2615196,195.45116,69.144867,41.325912,15.730364,28.741957,2.8202682,1,0
2618030,2618173,158.65868,68.586739,32.375767,15,23.712725,2.9166882,1,1
2621030,2621174,178.95413,69.623222,30.883451,13.60726,25.955622,3.0171483,1,1
2621174,2621030,167.28223,69.231712,28.859776,12.926854,24.537912,2.9559281,1,1
2628005,2628174,152.12294,69.029144,38.479958,12.57696,22.445417,3.2398069,1,0
2632030,2632172,148.02913,64.985733,27.100836,11.840023,24.643881,2.5348299,1,1
2632172,2632030,161.59763,66.484566,27.653454,11.759716,25.703442,2.3937969,1,1
2642030,2642180,188.94273,72,25.111332,11.999999,25.624958,2.2526255,1,0
2643030,2643176,207.5636,73.311646,35.779793,13.999999,27.152088,3.4633527,1,0
2643031,2643177,198.65331,70.946709,42.351681,14.000001,27.747845,3.6834228,1,0
2649038,2649181,180,67,33,12,28.191673,1.6563214,1,1
2656030,2656178,191.10847,70.270142,30.053926,17,27.210482,3.0567176,1,0
2661006,2661190,243.93558,75.936646,46.098793,12.000001,29.742006,2.6731894,0,0
2661030,2661198,159.48137,67.444588,31.354059,13.616859,24.649815,2.2830145,1,1
2661035,2661193,187.11761,68.477623,31.656374,11.512917,28.055325,2.0435169,1,0
2661036,2661203,128.40526,66.802139,32.569195,12,20.230192,2.0367889,1,0
2661039,2661215,180.2794,67.851395,39.215202,10.204613,27.531286,2.7563367,1,1
2661040,2661217,187.05856,69.073135,37.75465,10.525812,27.564951,2.7954144,1,1
2661199,2661008,144.09529,64.538727,37.702679,12.45449,24.32243,2.1011746,1,1
2664031,2664170,178.5782,65.99762,40.911762,9.4151268,28.825035,3.1003585,1,0
2672006,2672175,144.31638,61.129311,42.949238,11.999999,27.152796,3.7456908,0,1
2672175,2672006,146.68056,62.295589,41.825977,11.999999,26.573938,3.1351495,0,1
2674030,2674171,170.38596,70.517342,40.265972,16.547888,24.090172,3.5780175,1,0
2679030,2679182,201.20418,69.837097,31.774866,12.161901,29.004313,2.8223629,0,1
2690030,2690172,177.56084,71.59481,42.828667,16.999998,24.35466,3.3873432,1,0
2697175,2697003,168.24066,73.000008,33.959202,12,22.196426,2.9405394,1,1
2699031,2699176,209.79588,71.580818,38.674343,13.183805,28.787344,2.9227614,1,0
2708181,2708906,214.11412,73.166893,47.560398,15.75647,28.119917,3.4978518,1,0
2714031,2714184,196.25798,69.920776,27.476803,13.079223,28.223623,2.6286237,1,1
2714033,2714194,173.71286,69.582741,31.784494,10.74823,25.224751,1.7513558,1,1
2717005,2717174,193.78754,67.391731,45.12167,14.000001,29.99926,3.0926716,1,1
2717031,2717178,189.54814,68.853455,39.794033,13.549271,28.110334,2.9690957,1,0
2727030,2727181,188.13158,71.797195,30.083878,14,25.65929,2.7227316,1,1
2727032,2727183,190.09387,72.475838,31.910887,13,25.443661,2.6353891,0,0
2727033,2727176,216,75,34.200001,16,26.99785,3.3037314,1,0
2727176,2727033,225,75,33,16,28.122761,2.7725887,1,0
2730003,2730174,174.22618,72.759071,33.571346,16,23.138601,3.0005786,1,0
2738030,2738172,174.02708,70.999992,32.554882,12,24.271589,3.1184554,1,0
2750030,2750174,183.45886,69.703949,36.229485,14.592108,26.547394,3.1283243,1,0
2752030,2752173,186.1335,74.066055,26.09185,13,23.855255,2.3564956,1,1
2753031,2753176,192.66217,69.942329,37.763107,16,27.689444,2.6624122,1,0
2753033,2753177,228.9214,73.865608,42.948811,16.182741,29.498489,3.3755205,1,0
2758004,2758170,159.43932,66.887863,59.983124,13.732716,25.055248,2.5258639,1,1
2770030,2770170,210.09816,75.605225,33.696785,13.999999,25.841433,3.1774886,1,0
2770031,2770172,151.86502,65.201622,26.399952,15.354592,25.11533,2.77689,1,1
2771031,2771182,133.78354,66,27.569941,13.000001,21.592991,3.9124424,1,0
2779030,2779172,167.76265,72.569939,28.220638,16,22.396475,2.3550308,1,0
2781030,2781175,177.68735,75,26.223162,11,22.20915,2.3065445,1,1
2782030,2782178,205.00002,71,30,13,28.591381,2.7877851,1,0
2782032,2782182,177.89238,66.751457,41.38319,12,28.069443,2.8560045,1,1
2794004,2794171,158.29033,65.000008,38.904091,16,26.340591,3.2932899,1,0
2799180,2799004,182.9823,71.053284,41.78981,17,25.482306,2.608551,1,1
2800032,2800174,139.35942,67.015076,22.342583,12,21.816711,2.3868496,0,0
2801003,2801182,180.05846,68,52.377861,12,27.377489,-4.6051702,1,0
2801175,2801186,153.57878,67.340424,21.495996,11.733412,23.810993,2.5277832,1,0
2802003,2802172,202.97871,74.170212,35.442074,11.999999,25.94116,2.2335629,1,0
2805030,2805174,152.63594,69.759209,30.354473,12.000001,22.052189,2.5704763,1,1
2805031,2805172,167.47034,67.074844,44.1549,14.536468,26.170771,3.0920408,1,0
2806032,2806173,200.97806,72.321556,27.19475,12,27.015381,2.1103108,1,1
2816031,2816172,146.58452,69.539398,23.1632,12.000001,21.312,2.48085,1,1
2827172,2827176,145.65337,67.639328,26.23506,12.000001,22.383083,2.3427062,1,0
2850031,2850174,194.29021,68.839722,26.963356,15.238844,28.825089,2.9853153,1,1
2851032,2851174,186.43289,70.47599,38.348022,14.842306,26.389921,2.9219658,1,1
2852005,2852191,183.83067,68.463608,41.890648,12,27.573784,3.1528089,1,1
2852006,2852190,200.20277,69.807961,40.953342,15.423875,28.884054,2.3856883,1,1
2852032,2852186,174.05252,66.360207,30.213919,11.999999,27.788353,2.8389614,1,1
2852036,2852195,229.42448,74.968697,28.005619,12.238517,28.69973,2.5069268,1,0
2852040,2852204,184.8839,68.054924,36.440819,14.13672,28.065834,2.8670552,1,0
2852191,2852005,182.93954,68.816925,39.52103,12,27.159079,3.0643978,1,1
2852195,2852036,208.42377,73.804062,28.731327,12.457288,26.902006,2.6448767,1,0
2860173,2860177,160.94647,71.365234,35.372375,16,22.218056,3.0902944,1,0
2862175,2862003,174.29623,73,43.029327,11,22.995361,2.394609,1,0
2882030,2882175,190.25874,70.70842,49.516342,15.878662,26.754715,2.846591,1,0
2882031,2882174,185.39148,70.631729,45.436253,16,26.126911,2.7457654,1,0
2890031,2890179,162.20174,68.596527,45.260765,15.045565,24.235344,2.3427265,1,1
2897030,2897184,229.89362,76,34.46373,9,27.983219,2.4712687,1,1
2897031,2897191,206.4697,72.64212,37.399948,12.255879,27.509155,2.5082436,1,0
2900031,2900173,179.29445,71.797295,32.311142,15.999999,24.453928,3.1131933,1,0
2901030,2901174,181.36456,72.786156,25.857384,14,24.068712,2.6683614,1,0
2916030,2916177,175.48921,66.023926,28.790045,12.383421,28.303862,1.6787709,0,1
2916177,2916030,175.57823,66.028282,27.841927,12.271214,28.314482,1.5963038,0,1
2920030,2920178,173.13789,71.000008,27.551167,11.000001,24.147564,2.484684,1,1
2924030,2924172,144.07315,65.165413,32.695976,15.218135,23.853203,3.3919547,1,0
3007003,3007170,167.87161,68.255096,36.457317,15.399939,25.334074,3.3411009,1,0
3021002,3021172,148.95012,64.525215,36.086697,14.518119,25.152428,2.4567268,1,0
3065001,3065170,199.58344,72.780624,36.272129,17,26.490547,3.8163207,1,0
3105001,3105170,152.3869,66.203262,40.62273,16.085478,24.444818,3.8861358,1,0
3147003,3147171,141.62135,61.896671,37.844994,11.999999,25.989149,2.4454942,1,0
3147004,3147903,146.48471,62.050468,35.044575,11.999999,26.748543,2.2793581,1,0
3147005,3147173,133.67546,60.802532,35.335449,12.411042,25.421801,2.2068202,1,0
3210001,3210002,190.55113,69.385109,34.85688,11.283053,27.827677,2.9658375,1,0
3247001,3247170,111.59236,62.127277,27.536242,16.446754,20.326742,2.3665056,1,0
3284001,3284002,171.09088,64,38.095798,12,29.367357,2.6535921,1,0
3359003,3359170,178.59131,71.999992,26.231667,13,24.221073,2.6485491,1,0
3379001,3379173,178.80455,72.700653,38.203232,11.467997,23.784822,2.3609757,1,0
3414004,3414171,173.87534,67.474403,47.67379,14.475967,26.850836,2.7259381,0,0
3436001,3436172,165.86609,65.474159,46.18935,11,27.202932,2.4145932,0,0
3442021,3442170,198.47723,70.08152,42.623703,17,28.411987,3.5417624,1,0
5161031,5161178,174.76292,70.363617,26.985273,16,24.817095,2.8786213,1,0
5565034,5565177,167.61322,63.6241,44.354195,14,29.111387,2.4854367,0,0
5569036,5569201,203.64122,69.521889,30.657415,11.788841,29.622416,2.1500316,0,0
5608172,5608173,166.2388,70.160156,43.442905,14.22906,23.743744,3.7676642,0,0
5610186,5610913,172.86993,67.684952,46.540005,11,26.529753,2.6594148,0,0
5640030,5640174,189.9861,68.992996,40.547966,17,28.06143,3.2122359,0,0
5684219,5684003,181.05051,66.063713,46.163422,12.519503,29.165655,2.6967716,0,0
5689009,5689186,173.17181,69.726402,39.706734,12,25.042671,2.5508146,0,0
5969031,5969177,153.06621,65.996918,39.1577,12,24.707563,2.2031856,0,0
6064030,6064926,155.37668,64.514801,75.835403,10.931335,26.246117,2.0794415,0,0
6170006,6170189,190.6946,70.42614,35.183521,11.999999,27.031401,2.8554468,0,0
6171195,6171185,173.35771,66.187859,57.10574,11.461192,27.821751,2.4638069,1,0
6191031,6191191,176.61082,71.431664,25.371645,12.185493,24.335136,2.4471669,0,0
6231037,6231185,185.33781,72.969337,32.091988,11.000001,24.47266,1.7356422,0,0
6231184,6231188,180.30231,73.679443,33.281025,10.939782,23.351059,1.7809056,0,0
6361004,6361174,232.63678,77,43.669811,15,27.586388,4.2846227,1,0
6484042,6484178,190.01593,69.69619,54.050762,11.806966,27.502356,2.7271128,0,0
6484044,6484179,194.57399,68.508217,61.950676,11.999999,29.147236,2.8180997,0,0
6537031,6537186,178.08841,67.684196,32.366051,12,27.331224,2.3755546,0,0
6545031,6545199,162.44188,66.81163,27.033291,9.999999,25.585377,2.2433312,0,0
6575171,6575178,136.53903,66.07235,44.428596,15.693612,21.989496,3.1202352,1,1
6635171,6635187,163.72597,64.461876,30.433517,9.999999,27.701906,1.8429621,0,0
6772030,6772172,176.36369,73.88678,31.647774,15.520915,22.712955,2.8010008,1,1
6772031,6772173,174.74748,69.342712,31.631851,16.665672,25.550962,3.0150878,1,0
6853031,6853174,156.44781,66.871979,33.942692,12,24.596827,3.2194681,0,0
