"educv","heightv","BMIv","healthv","consv","extrav","agreev","emov","autov","riskyv"
2,159,22.942131,4,-0.352262,0.065096,-0.713136,-0.529817,-0.06674,0.271632
2,165,22.038567,3,-0.741707,-0.484221,0.219906,0.706937,0.685428,0.353834
3,170,20.761246,3,0.327571,-0.180299,1.05207,0.999001,0.177472,-0.201117
2,160,22.65625,4,-0.18764,-1.299261,1.223071,0.154011,2.284336,-0.17207
2,165,22.773186,3,0.078951,0.613921,0.122749,0.073875,-0.253068,0.042352
1,168,19.132652,3,-1.429069,0.472616,1.240802,0.695631,1.163253,-1.445496
2,168,22.675737,3,-1.133336,0.462943,0.233916,0.540649,0.215037,-0.150937
3,168,25.155895,3,0.574734,0.294093,-1.080239,-1.501449,-1.798664,0.314098
2,155,28.720083,3,-0.351534,-0.493403,-0.1565,-0.447957,-0.259094,0.11941
1,163,23.335466,3,1.149685,0.632776,0.251647,0.309684,-0.441682,0.450397
2,158,19.227688,3,-1.05298,0.632776,-0.842034,-0.704298,0.010677,0.586705
2,162,23.624447,3,0.101292,0.026896,-0.303129,-0.033771,0.43145,-0.719865
2,176,24.212294,3,-0.332835,-0.085391,-0.027602,-0.193475,0.524614,0.286146
2,174,22.460033,2,-0.053616,0.19722,-0.562786,-0.725594,0.282688,0.269544
1,168,24.09297,3,-0.34182,-0.228663,-0.015945,-0.125371,-0.280867,-0.091305
2,160,26.171875,4,0.634474,-0.352097,0.485637,-0.394732,0.419397,-0.462182
2,165,21.671259,4,-0.227952,0.046241,0.981145,-0.32643,0.351746,-0.116462
2,168,21.258503,3,0.594162,0.614413,-0.077074,-0.728852,-0.453734,0.227639
2,175,20.571428,3,0.349184,1.43716,-1.952152,-0.760718,-0.687301,0.280934
2,160,19.53125,2,-1.544393,0.878661,-1.341756,-1.238004,0.003197,-0.093547
2,173,21.049818,4,0.201804,-1.034029,0.485637,-0.175695,0.336,0.588044
2,165,18.365473,4,0.213703,-1.479258,-0.162574,-0.657549,-0.534845,0.11933
1,181,22.893074,2,-0.60914,0.74752,-0.980728,-0.731028,-0.59647,-2.478454
1,158,21.230572,2,0.06098,0.311473,0.497294,-0.337626,0.121873,0.591536
2,168,20.549887,4,0.615046,1.162255,-1.052219,-0.561936,-1.556738,0.353834
2,159,22.151022,4,-0.473659,0.594576,-0.925674,-0.545455,-0.925533,0.070445
2,169,27.660095,4,-0.587527,0.04575,0.089147,-0.414278,0.121873,0.340783
1,159,22.546576,2,0.059523,0.339017,-0.564646,-0.579301,-0.132105,0.295888
2,170,23.183392,2,0.348455,-0.503567,-1.310015,-0.322662,-0.417576,0.173864
2,163,21.077196,3,-1.009026,1.305527,0.584655,-0.325007,0.490788,-0.299968
2,164,22.308149,3,-0.330649,0.472124,0.348804,-0.585161,0.171445,0.191507
1,175,22.857143,3,0.305958,-0.086866,-0.164435,-0.50092,0.657629,-0.030252
3,168,19.84127,2,-0.618125,0.50016,-0.025741,-0.358912,0.177472,0.427065
3,178,20.199471,4,-0.227224,0.737847,-0.293333,-1.051757,-0.280867,0.341047
2,172,22.985397,3,-0.177926,0.737847,0.233916,0.088304,0.453223,0.308024
2,184,20.380434,3,-0.5562,0.046733,0.307267,-0.459374,-0.044968,0.240936
2,167,21.155294,1,0.901065,0.047224,0.981145,0.58214,1.478856,0.406286
2,162,27.434843,3,-0.31195,0.037551,0.479563,-0.271664,0.143646,-0.65033
2,178,28.405504,3,0.098379,0.59605,0.28711,0.653755,-0.374031,0.27516
2,172,21.971336,3,0.088665,-0.352588,0.114814,0.021194,0.155699,0.326911
2,173,26.06168,3,0.34627,0.18853,0.122749,0.147281,-0.507046,0.349145
2,179,23.095409,3,0.346999,0.329836,-0.564646,-0.71867,-0.132105,0.085804
2,162,22.862368,3,0.594162,0.61343,0.44224,-1.092775,0.804105,0.280934
2,173,23.388687,3,-0.476572,-0.503567,0.75509,0.214805,0.109821,0.17162
2,165,30.486685,4,-1.279259,1.162255,0.235776,-0.604953,0.177472,-1.552132
2,175,18.285715,3,0.615046,-0.503567,-0.545054,-0.846947,-0.937585,0.219341
2,158,24.034611,4,0.345542,0.594576,-0.253656,-0.640704,-0.042681,0.159626
1,162,23.624447,3,0.079679,0.036077,-0.93547,-0.734839,-0.748972,0.23504
2,175,31.020409,2,-0.478029,-1.054358,-0.303129,-0.674571,0.177472,0.519454
2,170,22.145329,4,0.098379,0.217057,-0.338591,0.132152,0.109821,0.443901
2,160,18.359375,4,0.222689,0.764409,-0.215768,-0.204747,0.23681,0.21878
2,160,18.359375,4,0.348455,0.330818,0.75509,0.475241,-0.453734,0.008449
2,165,36.730946,2,-1.852753,0.328853,-0.619701,-0.72826,0.970899,-0.279674
3,169,18.206646,1,0.490736,-0.36177,-0.303129,-0.49505,0.304461,0.311793
2,168,20.195578,3,0.345542,-0.768798,0.497294,0.215161,-0.187703,0.102968
2,158,26.43807,3,0.090122,0.320654,-0.127112,-0.707722,-0.931559,-4.286798
2,173,19.379198,3,0.902522,0.329836,-0.267666,-0.062704,-0.881987,-4.286798
2,163,22.959087,4,0.346999,0.329836,0.232055,0.225766,0.673375,0.360293
2,173,20.715694,3,-0.218967,-0.086374,-0.138768,0.267935,0.000911,0.318186
2,170,20.415224,3,0.058066,1.163238,-0.509592,-0.565133,-0.50476,0.252804
1,164,17.474718,2,0.326114,0.047224,-0.303129,-0.693054,0.177472,-0.53689
1,162,28.577961,4,0.594162,-0.785196,0.454389,0.646985,0.593672,-0.298361
2,165,27.54821,3,-0.207068,0.595067,-0.303129,-0.476508,-0.69566,0.474142
2,166,23.225431,4,-0.320936,0.055914,0.348804,-0.258645,0.425424,0.501332
3,180,19.135803,3,-0.476572,0.888825,-0.564646,-0.121241,-0.568671,0.257918
2,168,19.486961,3,-0.475116,-0.768798,0.232055,-0.470329,0.363799,-2.101883
2,172,20.281233,3,0.603147,1.286672,-1.284348,-0.84516,-0.863908,0.216645
2,172,22.309357,3,0.078951,0.065587,0.251647,0.464468,0.741027,0.116601
2,168,23.030045,4,-1.29723,0.879644,1.258533,0.229413,1.169279,0.170096
2,170,19.723183,3,-0.475116,-0.767815,-0.064925,-0.080837,1.169279,0.472015
2,176,20.983988,3,-0.168212,-1.052392,-0.267666,0.200318,0.443503,-0.297718
2,158,23.233456,4,-1.029182,0.91637,0.45811,-0.719025,1.113681,0.084239
3,170,22.145329,4,-0.207068,-0.237353,-0.041612,-0.191095,0.121873,0.10573
3,180,19.444445,4,0.078951,0.330818,0.75509,0.727725,0.109821,-0.537432
3,176,20.983988,3,-0.876459,0.472616,0.493573,0.29334,0.800365,0.218477
3,172,21.971336,3,0.61359,0.614413,0.009722,0.727725,-0.374031,0.557712
2,174,25.432686,4,0.635931,1.447815,-1.345477,-1.35262,-1.247162,0.060582
2,173,26.729927,3,0.192819,1.296836,-0.251796,-0.312874,-0.374031,-0.325008
3,167,21.513859,3,-0.208525,-0.767815,0.977424,0.475241,0.84765,0.065991
2,178,23.671253,4,0.61359,0.75621,-0.513313,-0.441291,-0.147851,0.456634
2,160,23.828125,4,0.61359,-0.237353,0.235776,-0.045087,0.121873,0.00821
2,182,25.359257,3,-0.640466,0.595067,-0.259731,0.61383,0.006937,0.72283
2,165,26.446281,3,0.059523,-0.219973,-0.545054,-0.99331,-0.683607,0.277853
2,172,21.633316,3,0.222689,-0.078175,0.598665,0.017218,0.766539,0.55717
2,177,20.747551,3,0.367883,-1.336969,0.184443,-0.325907,0.109821,0.447635
2,175,17.306122,3,0.098379,-0.238336,0.774682,0.760654,0.177472,0.161674
2,178,21.461937,4,0.635931,0.59605,0.44224,-0.223601,1.478856,0.123256
2,176,23.889463,1,0.367155,0.433433,-0.49,-0.993464,-0.857882,-0.194223
1,170,20.069204,4,-0.62031,-1.203862,0.200314,-0.273723,0.336,-0.256042
2,167,20.79673,3,0.634474,-0.767815,-0.00987,0.072277,0.487048,-0.009277
2,175,22.204082,3,0.61359,-0.199644,0.945682,-0.054866,1.665183,0.023167
2,173,22.720438,4,0.059523,0.065587,-0.283537,-0.333792,-0.628009,-0.50605
2,175,23.836735,3,-0.208525,0.045259,-0.006149,-0.41531,-0.374031,0.33487
2,160,19.53125,3,-0.340363,0.177874,-0.788841,-0.04318,-0.80457,0.06441
2,174,21.799444,4,0.634474,1.163238,0.735498,0.218237,0.661323,0.458944
2,162,20.95717,3,1.169113,0.027879,-0.826164,-0.967506,-0.69566,0.374088
2,165,20.56933,2,-0.876459,-0.229645,0.089147,-0.44198,-0.005116,-0.644042
3,177,25.535446,4,0.06778,0.178366,-0.658082,0.160018,0.167752,0.154174
2,157,25.964542,3,-0.208525,0.026896,-0.822443,-0.842521,-0.374031,0.083977
1,178,25.249338,3,-0.350806,-0.380133,-0.182166,-0.449308,0.171445,0.269746
1,168,19.84127,3,-0.732721,0.595067,-0.40636,-0.343107,-0.219242,0.006459
2,178,28.405504,2,0.901065,-0.20161,0.961553,0.112499,0.704868,0.246528
3,178,21.14632,3,0.881637,-0.199644,-0.560925,-0.429019,-0.318432,0.209554
1,165,26.078972,2,-0.513971,0.349181,0.45811,-1.114037,1.478856,-0.272221
3,167,26.533758,3,-0.343277,0.06313,-0.295194,0.603436,0.375852,0.289875
3,163,22.582708,4,-0.331378,-0.095556,-0.154639,0.019229,0.183498,-0.783369
2,167,26.892323,4,-0.587527,0.45327,-0.673953,-0.453167,-1.030749,0.097375
2,172,22.985397,3,-1.316658,-1.175335,0.739219,-0.957089,-0.100566,-1.928854
2,168,18.424036,3,-0.207068,0.311473,-0.02202,-0.219719,-0.374031,0.252505
2,174,22.460033,4,0.348455,0.633758,-0.560925,-0.746938,-0.937585,0.066634
3,178,18.937002,3,0.767041,-0.219973,0.12461,-0.515823,-0.020862,0.439413
2,168,22.321428,3,-0.743163,0.452287,-0.398425,-0.570613,-0.374031,-1.091778
1,160,21.875,3,0.059523,0.046241,-0.061203,-0.997192,0.109821,-4.286798
3,170,20.761246,3,1.169113,0.652121,0.473981,0.474414,1.224878,0.26349
2,163,24.088223,3,0.883094,-1.034029,0.271239,-0.059647,-0.881987,0.411947
2,172,24.337481,3,0.090122,0.632284,0.580934,0.253862,0.998698,-0.402792
2,173,22.720438,4,0.089393,0.339017,-0.039751,-0.793061,-0.479247,0.26235
2,169,24.158817,3,-0.207068,0.879644,0.251647,0.203394,-0.441682,0.213489
2,165,20.56933,3,0.634474,0.311473,-0.509592,-0.045087,-0.361978,-0.024794
2,175,22.204082,3,-0.741707,0.064604,-0.287258,-0.465903,0.177472,0.424676
2,178,24.618103,3,0.078951,0.311473,-0.248075,0.585195,-1.433489,0.222871
2,165,23.875114,2,1.169841,0.614413,-0.664157,-1.324409,-0.798543,0.210657
3,165,19.834711,3,-0.208525,-0.096538,0.616396,-0.245102,0.264609,0.09667
3,170,17.99308,4,-0.732721,0.064604,0.216185,-0.05767,0.518587,0.118586
2,177,18.513199,3,0.345542,-0.787161,0.251647,0.218452,0.43145,-0.066901
1,168,19.84127,2,-0.743163,-0.239318,-0.00987,-0.323327,-0.076507,0.214041
2,168,20.549887,3,-0.18764,1.145858,0.477702,0.973909,0.419397,0.173864
1,158,25.636917,2,-0.054345,-0.36177,-0.519388,-0.367106,-0.213216,0.12452
2,164,26.397978,3,-0.743163,-0.238336,-0.198037,-0.607888,-0.011142,-1.389316
3,163,20.700817,4,0.211518,0.329836,-0.017806,0.29709,-0.060714,0.147238
1,173,22.720438,2,0.883094,0.028861,-0.061203,0.204509,-1.271268,0.571703
2,167,19.362473,3,-0.218967,0.45327,0.218045,-0.20903,-0.138131,0.009266
2,172,27.041645,1,1.169113,-0.256698,0.212463,-0.294703,0.153366,0.239831
1,175,19.591837,4,0.080408,1.163238,0.235776,0.314391,-0.187703,0.101883
2,174,21.799444,2,0.634474,-1.052392,-0.267666,-0.678802,-0.120052,-0.087874
1,165,22.773186,2,-0.075229,-0.513731,-0.39049,0.095514,-0.655808,0.217932
2,165,27.54821,4,0.09765,1.315199,-0.94948,-0.647695,-0.40557,-0.339546
2,163,24.088223,3,1.035089,0.736864,-0.386769,-0.575916,0.328566,0.294629
2,168,20.904196,3,-0.475116,-0.503567,-0.303129,-0.469194,-0.132105,0.173864
1,165,25.344353,3,-0.772305,0.330327,0.505229,-0.052569,0.276662,-1.931136
2,170,22.49135,3,0.367883,-0.788144,-0.251796,-0.554716,-0.374031,0.411417
3,175,25.469387,0,-1.008298,1.438142,1.215135,-0.798769,0.74846,-0.087668
2,176,22.598141,4,-0.18764,1.163238,1.016607,0.650873,0.23681,-0.14321
2,166,20.322252,3,0.367883,0.312455,-0.414296,0.18301,-0.683607,0.025069
2,158,22.83288,4,0.080408,0.614413,-0.303129,-0.073356,-0.132105,0.273832
3,166,21.410946,3,0.490008,-0.087357,-0.128972,-0.04872,-0.120052,0.268725
2,163,21.829952,3,0.841325,0.026896,-2.090846,-1.751514,-1.786611,0.048715
2,172,23.661438,4,0.633017,0.878661,-0.061203,-0.835986,0.109821,-0.258619
1,165,23.140495,3,-0.98887,1.163238,-1.048497,-0.07359,0.201577,0.62019
1,176,20.983988,3,0.62476,0.462451,-0.658082,-1.078651,-0.848162,-3.434109
1,166,25.402817,0,0.078951,0.367544,-0.025741,0.20827,0.121873,0.451999
1,172,25.351542,3,0.901065,0.329836,0.739219,0.20827,0.109821,-0.270894
1,169,21.007668,4,-0.073044,0.60474,-0.685609,-0.185839,-0.407856,0.372324
2,171,21.887075,3,0.345542,0.064604,0.719628,0.05638,1.478856,0.300541
2,163,24.840981,4,-0.177926,-0.512748,-0.695405,-0.103592,-0.259094,-0.03231
3,174,20.808561,4,-0.207068,0.879644,0.513164,0.467712,0.121873,-1.426174
2,180,21.604939,3,-0.607683,0.216566,0.337147,0.121642,0.512561,-0.07043
2,178,24.93372,4,-0.731264,-1.327296,0.782617,-0.629518,-0.286893,0.51925
1,172,18.929152,3,-0.473659,-0.086866,-0.40636,-0.500497,-0.27484,0.092336
2,175,20.571428,4,0.212975,0.320163,-0.398425,-0.26107,-0.092253,-0.006249
3,172,20.957273,3,-1.277802,0.064604,0.235776,-0.547469,-0.69566,0.29918
2,175,20.571428,4,-0.60914,0.471633,-0.562786,-0.604823,-0.253068,0.271669
2,163,24.088223,4,-1.277802,0.065587,1.258533,0.848285,0.296148,0.142063
2,175,22.204082,3,-0.178655,0.18853,-0.537119,-0.339131,-0.473221,0.332804
2,164,20.449137,3,-0.34182,0.310981,-0.443684,-0.374054,0.143646,-0.019186
3,172,20.619253,3,0.346999,-0.502584,-0.529184,0.350563,-0.937585,-0.066294
2,168,21.967121,4,-0.064787,0.178857,-0.806572,-0.445839,-0.628009,-0.117906
3,165,25.711662,3,0.078951,-0.238336,-0.251796,0.449625,-0.628009,0.216251
2,169,16.456007,3,-1.020925,0.188039,0.321277,-0.187523,0.822137,0.302649
2,158,26.037495,4,-0.475116,0.065587,0.981145,0.468706,0.351746,0.278486
2,165,22.773186,3,-0.209253,0.623594,-0.146704,0.104947,0.155699,0.449403
2,160,19.140625,4,0.901065,1.163238,1.016607,0.745811,0.109821,0.185544
2,167,24.382374,3,-0.472202,-0.218007,1.258533,0.68814,0.605725,-1.758804
3,183,21.798203,4,0.634474,0.349181,1.258533,0.867009,0.407344,0.05236
2,180,21.604939,3,0.633017,-0.768798,0.513164,-0.048921,-0.132105,0.164647
2,162,22.481329,4,0.06098,0.615395,0.497294,-0.073073,-0.386083,0.270549
2,168,19.486961,4,0.61359,-0.625527,-0.790701,0.066537,-0.120052,0.216251
2,178,21.461937,4,-0.084943,0.31049,0.079351,-0.649145,0.270635,-1.261148
1,174,20.478266,3,-0.207068,1.305035,-0.648286,-0.57774,-0.433369,0.222385
2,167,31.553659,3,-1.00004,0.748011,-0.767388,0.162019,-0.631702,-0.137839
1,165,33.05785,4,-0.18764,-0.370951,-0.303129,-0.337059,-0.159904,-0.196994
2,164,33.462223,4,-0.475116,0.330818,0.235776,-0.704371,-0.386083,0.076019
2,172,23.661438,3,0.86221,1.712064,-0.525463,-1.216982,-1.235109,-0.103435
3,168,23.030045,4,0.737171,0.074769,1.379496,0.724397,0.782285,0.474702
2,180,25.617285,4,0.481023,0.320654,0.235776,-0.638526,0.022683,-0.070892
2,160,23.828125,4,0.101292,-0.52193,-0.735647,0.60333,-1.11186,0.020681
3,172,19.605192,3,0.633017,-0.786178,0.532756,0.372345,-0.120052,0.126423
2,168,18.424036,3,-1.70683,0.432941,-0.953201,-0.251648,-0.07646,-0.773158
1,158,21.631149,3,-0.773762,0.065587,0.339008,0.054438,0.518587,0.466602
2,181,21.366869,3,0.48928,0.746537,0.380545,0.281905,0.83419,0.329698
2,172,19.267172,3,-0.073772,-0.503567,-0.025741,-0.638314,-0.286893,0.325226
2,172,23.661438,0,0.490736,0.207384,-0.675813,-0.593932,-0.247041,-0.060847
2,178,20.515087,3,-0.752149,0.73883,-0.182166,0.168402,0.088048,0.078169
2,172,22.647377,3,0.902522,-1.335986,0.180722,0.212273,1.224878,0.201976
3,163,19.571682,3,0.192819,1.153565,-0.424092,-0.189441,0.155699,0.305156
2,178,23.04002,4,-1.020197,0.046733,0.200314,-0.117679,-0.144158,0.548367
2,178,22.09317,2,-0.475116,0.59605,-0.303129,-0.337035,-0.386083,-0.512063
2,162,20.195093,3,0.327571,-0.199644,1.258533,-0.565911,0.915301,0.22383
3,165,23.507805,4,0.358898,1.021932,0.198453,0.048225,-0.023195,0.296697
2,157,24.341759,4,1.178827,-1.337952,-0.277462,-0.163833,-0.280867,0.187257
2,177,23.939482,4,0.36934,0.311473,-1.048497,0.57866,-0.869934,-0.503808
2,179,18.726007,2,-0.046087,0.349181,0.84059,-0.364074,1.262443,-0.133112
2,167,29.043709,2,0.078951,0.34869,0.069555,-0.35812,0.701175,0.069641
1,163,29.7339,3,0.62476,0.747028,-1.08396,-0.029044,-0.40183,0.156261
2,165,22.038567,3,-0.741707,0.330818,0.735498,0.075521,0.351746,0.173864
2,173,21.383942,3,-0.351534,0.206893,-0.138768,-0.122423,0.1279,0.033551
1,179,23.719608,4,-0.762591,0.59605,-0.025741,-0.447817,-0.386083,0.373004
2,168,26.57313,3,0.337285,0.055914,-0.39049,0.019075,0.062535,0.270627
3,163,21.453573,3,-0.084943,-0.077193,-0.39049,-0.230283,-0.27484,-0.446091
2,163,18.818924,4,-0.064787,0.463434,-0.130833,0.100732,-0.098279,0.395264
1,173,21.718065,4,-0.064058,0.472124,-0.675813,-0.283975,-0.655808,-1.983185
1,170,31.141869,3,0.901065,1.163238,-0.271388,0.87797,0.121873,-4.286798
3,160,21.875,3,-0.189097,-0.238336,-0.529184,-0.041205,-0.064454,0.151809
1,160,20.703125,3,-0.455688,0.321146,-0.00801,-0.130935,-0.098279,0.459023
2,173,22.720438,1,1.191454,-0.785196,-1.884383,-1.527533,-0.628009,0.123256
1,175,19.265306,4,-0.321664,0.177874,-0.40636,-0.130781,-0.374031,-0.064036
2,172,27.041645,3,-0.630024,0.74752,-0.295194,0.020672,0.177472,0.43073
2,179,21.847008,4,0.326114,0.330818,-0.303129,-0.316129,-0.187703,0.400474
2,164,26.397978,3,0.048352,0.614413,-0.380694,-0.182182,-0.114026,0.281677
2,175,24.489796,3,0.47058,-1.090101,-0.150425,-0.351443,-0.011142,-0.010599
2,163,20.700817,3,0.902522,-0.540293,0.306701,-0.434343,-1.743066,-1.191344
1,163,18.442545,4,-0.197354,0.04575,-0.414296,-0.397846,-0.528819,-0.049478
2,162,20.195093,2,0.901065,-0.74847,0.75509,0.610409,0.617777,-0.160699
3,172,23.323418,4,0.633017,0.879644,-0.493721,0.215039,-0.869934,0.067277
2,174,19.157087,3,0.080408,0.064604,-0.303129,0.18708,0.375852,0.102325
2,172,20.957273,3,-0.34182,0.878661,0.303546,-0.185521,0.661323,-0.059687
1,159,25.711008,3,0.059523,-0.218007,0.477702,-0.423074,0.927354,0.269544
2,169,23.108435,3,0.385854,-0.464875,-0.513313,-0.159488,-1.445542,0.409778
1,165,23.875114,3,-0.207068,-0.200627,0.267518,0.199372,0.741027,0.225355
1,168,20.195578,2,0.040095,-0.485204,-0.529184,-0.832694,0.133926,0.681982
1,173,25.393431,3,-0.762591,0.054932,0.346943,-0.394554,0.574185,0.530121
2,180,19.135803,4,-0.496,-0.238336,-0.041612,-0.347996,0.121873,0.275521
2,170,21.799309,3,-0.18764,0.319671,-0.40636,-0.438455,-0.754998,0.721726
2,184,18.903591,3,0.213703,-0.362261,0.241851,-0.300493,0.496815,0.283897
2,180,20.987654,3,-0.990327,0.025913,-0.525463,-0.212594,-0.615956,0.209554
2,176,18.401342,4,0.203261,-0.635691,0.087287,-0.205787,0.270635,-2.002932
2,172,20.957273,4,0.366426,0.047224,0.013443,0.84175,-0.17939,-0.618836
2,172,22.985397,3,-0.197354,-0.351114,0.095222,-0.264632,0.270635,-2.06571
2,172,27.041645,3,-0.18764,-0.502584,-0.303129,-0.337035,0.121873,-0.075402
2,175,23.510204,4,0.306686,0.047224,-0.529184,-0.459012,-0.628009,0.251941
2,180,21.604939,3,-0.886901,0.198203,-0.041612,-0.192909,0.276662,-0.619576
2,178,24.302486,2,0.491465,0.055423,1.034339,-0.186513,0.088048,0.051717
2,163,25.593737,3,-1.54585,1.713046,-0.576796,-0.054512,0.189524,0.710499
2,185,18.991964,4,0.36497,0.311473,0.232055,0.496336,0.927354,0.156261
2,168,28.344671,3,0.06098,1.164221,0.235776,-0.42973,-0.132105,0.437847
2,173,22.052191,3,-0.219695,0.737847,-0.267666,0.092256,-0.346231,0.697185
2,168,20.195578,3,-0.60914,0.614413,-0.154639,-0.141648,0.056509,-0.175031
2,164,20.077335,3,-0.886173,0.320163,-0.164435,-0.380149,-0.005116,-0.162622
3,170,23.875433,4,-0.619582,-0.077193,0.085426,-0.178962,0.391598,0.128161
1,180,15.432098,4,-0.34182,-0.361278,-0.174231,0.134924,0.115847,0.183003
2,156,18.902039,4,0.615046,1.163238,-0.248075,-0.448051,-0.361978,0.394781
2,168,24.801588,4,0.327571,-0.200627,0.997016,0.577714,1.478856,-0.122161
1,173,22.386314,3,0.387311,0.612447,-1.813458,-0.875402,-0.857882,0.569667
2,164,21.936348,3,0.345542,-0.238336,-0.287258,-0.188207,-0.132105,0.502696
2,164,19.333731,3,0.480294,0.45327,0.095222,-0.577833,-0.011142,0.477347
2,165,21.671259,4,0.212975,0.187056,-0.648286,-0.516844,-0.361978,0.324269
2,170,22.49135,3,0.058795,1.021441,0.225981,0.20601,0.242836,-3.517758
2,179,22.471209,3,-0.207068,0.064604,-0.529184,-0.579976,-0.374031,-3.163971
3,150,24.444445,3,-0.598697,0.329836,-0.17051,0.023242,-0.463454,0.08709
2,183,25.680075,2,0.101292,-1.316641,0.790552,0.588535,-0.132105,-0.901962
2,180,23.456791,2,0.078951,0.60474,-0.372759,-0.28933,-0.086227,0.329534
2,167,21.513859,3,0.346999,-0.483238,-0.806572,-0.575738,-0.120052,0.387721
2,175,32,2,-1.563092,-0.258173,-0.041612,0.491036,-0.314692,0.365871
2,161,23.533043,4,1.169113,0.59605,0.009722,0.10092,-0.881987,-0.04781
1,176,22.598141,3,0.346999,0.367544,-0.283537,-0.315302,-0.374031,0.227641
2,176,24.212294,3,-0.475116,-1.052392,0.513164,0.185758,-0.640062,0.136009
2,173,25.059307,3,-0.34182,-0.351606,0.087287,-0.581077,-0.265121,0.578423
2,165,19.834711,3,-0.454231,0.330818,-0.006149,-0.177246,-0.120052,-0.246512
3,170,21.107267,4,0.345542,0.044767,-0.269527,-0.016524,-0.153878,0.333367
2,167,20.438166,3,-0.476572,0.329836,-0.283537,-0.451108,-0.120052,0.381546
2,163,21.453573,4,0.901065,0.312455,-0.493721,0.361168,-0.560358,0.427457
1,172,24.675501,3,-0.198082,-0.361278,-0.136908,-0.401764,-0.810596,0.306376
1,175,20.244898,3,0.378325,-1.063539,0.364675,0.653217,0.326233,0.400374
2,163,22.582708,4,-1.307672,-0.920268,0.4441,-0.469524,0.794338,0.330495
2,168,21.612812,4,0.059523,0.614413,0.719628,0.079993,1.224878,0.536694
1,163,23.711845,4,0.346999,1.164221,-0.041612,-0.212828,0.177472,-1.733092
3,175,21.87755,4,-1.608503,-2.171355,-0.049054,0.503865,1.732834,-0.109801
2,165,19.100092,3,-0.208525,0.595067,0.180722,-0.201868,0.661323,0.280934
2,178,19.568235,1,0.078223,-0.238336,-1.040562,-0.718326,-0.615956,-0.066901
2,175,21.224489,3,0.481023,0.330818,0.598665,-0.096855,0.413371,0.374164
1,172,23.661438,4,-0.493087,-0.464875,0.981145,-0.223957,1.169279,-0.081099
2,180,23.148148,3,0.078951,0.330818,-0.425952,-0.114623,-0.314692,0.059177
2,156,20.134779,3,0.615046,1.447815,1.535921,0.306977,1.113681,-1.276064
2,168,29.407597,3,-0.608411,-0.238336,-0.666017,-0.465655,-0.80457,0.147397
2,165,24.977043,2,-0.03346,0.055423,-0.174231,-0.374467,-0.519099,0.030584
2,170,20.761246,2,0.059523,-0.484221,-0.025741,-0.308767,-0.132105,0.305877
2,161,18.903591,2,0.345542,-0.106211,-0.00801,-0.504744,-0.225269,-0.164364
2,165,25.711662,2,0.348455,1.181601,0.216185,0.018205,0.927354,-3.730112
2,165,20.93664,4,-0.331378,0.321146,0.329212,-0.128841,-0.023195,0.066453
2,162,22.10029,3,-0.18764,0.330818,-0.025741,-0.195098,-0.132105,-1.391959
1,172,19.605192,4,0.615046,0.312455,0.426369,-0.457643,0.04217,0.211245
2,178,20.199471,3,0.891351,-0.238336,-0.386769,-0.573773,-0.516766,0.166765
2,165,22.038567,2,-1.011211,-0.370951,-0.441823,-0.443838,0.022683,0.150485
2,174,25.102392,3,-0.478029,-0.501601,0.719628,-0.637647,0.716921,0.221585
2,168,22.675737,3,0.327571,0.879644,-0.857905,-1.641137,-1.259215,-0.118151
1,177,24.89706,3,-0.208525,-0.21899,0.477702,0.093962,0.927354,-2.078844
2,176,22.598141,3,-0.205611,0.046241,0.997016,0.442312,1.224878,0.280934
2,172,20.281233,3,0.22196,0.595067,-0.659943,0.186109,-0.881987,0.090912
2,170,22.49135,3,0.346999,-0.52193,1.258533,0.760654,0.661323,-0.222695
3,170,19.377163,3,-1.544393,0.044276,0.235776,-0.568376,0.066275,0.207387
2,180,19.444445,3,-0.332106,-0.512748,0.356739,0.270669,-0.038941,0.273231
3,160,20.3125,3,0.079679,0.17984,-1.196987,-0.759064,-0.931559,0.173864
2,172,20.281233,4,-1.163934,-0.097521,-1.353413,-0.447471,-0.457428,-0.58963
2,175,22.204082,3,-0.466859,0.177874,-0.275602,-0.372953,0.387905,0.610585
3,164,24.167162,3,-0.865288,-0.494385,0.089147,-0.097909,0.375852,0.436249
2,168,21.967121,4,0.346999,0.349181,0.45811,0.183058,0.661323,-0.391481
1,170,20.069204,3,-0.750692,-0.189971,-0.481007,-1.095163,0.887502,0.062702
2,161,21.218317,4,-0.886173,0.727683,-0.164435,-0.175447,-0.540872,0.120168
2,176,19.369835,3,0.078951,0.046241,-0.545054,-0.71114,-0.429629,-0.445574
1,172,21.295294,3,0.633746,0.036569,-1.038701,-1.053059,-0.990897,0.173864
2,170,22.145329,3,0.058795,0.480814,0.616396,0.410961,0.518587,0.249154
2,158,19.628265,3,-1.707559,-1.062065,0.608461,-0.43695,0.462989,0.159508
2,172,22.309357,3,0.881637,-0.483238,-0.061203,-0.308411,-0.199756,0.201897
2,175,20.571428,3,-0.208525,1.144875,0.267518,0.349382,-0.132105,0.287191
2,173,21.383942,3,-0.464673,-0.787652,-0.174231,0.284957,0.088048,0.166708
3,165,21.671259,4,0.211518,0.178366,-0.53898,0.161664,0.000911,0.064492
2,170,21.107267,3,0.058066,-0.076701,0.105018,0.006553,0.094074,0.173864
1,175,23.183674,4,-1.608955,0.858333,-2.316467,-1.455591,-0.782751,-2.30583
2,172,22.985397,3,0.633017,0.311473,0.235776,0.84175,-0.386083,0.629656
2,165,21.303949,3,-0.475116,-0.465858,-1.119422,-0.882389,-0.386083,-1.258878
2,175,22.204082,4,-0.630752,-0.815197,0.604739,0.153971,1.478856,0.34149
2,171,25.648918,3,-0.475844,0.462943,0.216185,0.011747,0.391598,0.310549
2,173,24.391058,4,0.345542,0.047224,-0.509592,0.215161,-1.179511,0.317908
3,168,20.549887,4,0.634474,0.59605,-0.00987,0.357098,-0.076507,0.314817
2,163,25.593737,3,0.06098,1.163238,0.45811,-0.301453,0.04217,0.177977
2,167,19.003908,3,-0.475844,1.163238,-0.537119,-0.004539,-1.120173,-0.08445
1,158,22.031725,3,-0.054345,-0.087357,-0.640351,-0.92181,-0.770744,0.341728
2,180,24.382715,2,-0.072316,1.001604,0.063481,-0.884258,0.425424,0.310871
2,172,19.267172,4,-0.075958,0.05444,-0.025741,-0.168095,0.177472,0.143665
2,162,20.95717,4,-0.772305,-0.645364,0.206389,-0.281299,0.258582,0.233498
2,167,19.721037,3,-1.00004,0.613921,0.06162,-0.527355,0.645576,-0.141642
2,163,24.088223,3,0.348455,0.065587,-0.806572,-0.586511,-0.937585,0.097432
2,173,26.729927,2,-0.743163,0.063622,0.251647,-0.19505,0.177472,-1.712011
2,170,20.761246,4,0.201804,0.481797,-0.695405,0.123821,-0.286893,-1.678915
1,172,26.365602,3,-0.168212,0.879644,-0.802851,0.176287,-0.981131,-4.286798
2,168,28.344671,2,-0.18764,-0.21899,-0.025741,-0.462659,0.375852,-0.014969
2,170,16.608997,1,-1.216605,-0.561604,0.219906,-0.454944,0.796625,0.127509
2,167,20.438166,4,-0.720822,-0.523895,-1.099831,-0.340206,0.387905,-0.322909
1,170,20.069204,4,-0.475116,0.615395,0.981145,-0.058699,1.224878,0.098392
2,177,20.109163,3,1.169113,-0.52193,0.426369,-0.475964,0.804105,0.592637
2,162,21.71925,2,-0.493087,1.466178,0.129389,-0.464413,0.593672,0.690169
2,173,19.045073,2,0.635931,-0.21899,0.75509,-0.009055,0.673375,-0.069793
3,173,20.715694,3,0.06098,-0.21899,0.216185,-0.587101,0.419397,-2.075396
1,160,25,4,0.604604,0.74752,0.450175,0.076171,-0.156211,-3.619113
2,170,20.069204,4,0.635931,-1.602201,1.761976,0.706395,1.101628,0.173023
2,169,27.309969,3,0.059523,-0.237353,-0.025741,-0.187569,-0.132105,0.051074
1,168,23.030045,3,-1.29723,0.614413,-0.283537,-0.044685,-0.628009,0.043496
2,165,31.221304,2,0.327571,0.169184,-0.303129,-0.85019,-0.132105,0.195476
2,157,21.907583,3,0.633017,-0.238336,0.477702,0.090954,0.673375,0.049031
2,168,21.258503,4,-1.563821,-0.805524,-0.33487,-0.700276,-0.132105,0.382752
1,180,20.061728,3,-0.198082,0.179348,-0.033676,-0.126806,-0.132105,0.146896
1,158,24.034611,3,-0.208525,-0.787161,-0.025741,-0.32361,0.121873,-0.091202
2,169,28.71048,4,-0.74462,0.61343,-0.025741,-0.330923,0.375852,0.459101
2,163,23.711845,3,0.880181,0.880627,-0.509592,0.193192,-0.925533,-0.805566
1,163,19.571682,4,1.703752,0.880627,0.513164,1.233566,0.177472,-0.288336
2,174,18.826794,3,0.242845,0.745554,-0.408221,-0.588794,-0.098279,-0.020625
2,167,25.816629,2,-1.563821,0.312455,1.500459,-0.081427,1.466803,-0.500796
1,158,23.233456,3,0.078951,0.59605,-0.061203,0.076655,0.419397,0.286911
3,170,32.871971,4,-1.29723,-1.335986,1.52005,-1.196148,0.097768,0.067999
2,160,27.34375,2,-0.205611,0.046241,-0.303129,-0.956311,-0.441682,0.542811
2,169,21.357796,3,-0.331378,0.879153,-0.804711,-0.709129,-0.494993,0.243179
2,162,21.71925,4,-0.74025,0.064604,-0.374054,-1.117256,1.113681,-3.907239
1,175,24.489796,4,0.078951,-0.219973,1.238941,0.580958,1.04603,0.60599
3,172,21.971336,4,-0.74462,0.063622,1.274404,0.760298,1.423258,0.353834
2,152,23.372576,4,-0.741707,-0.220955,-0.267666,-0.218805,-0.191443,0.280934
2,172,26.365602,3,-0.764048,0.329836,-0.00987,-0.305475,-0.076507,0.031463
2,170,23.875433,4,-0.18764,0.330818,-0.164435,0.575099,-0.132105,0.348341
3,170,19.031141,3,0.901065,-0.768798,-0.271388,0.585244,0.375852,-0.036623
2,172,27.717686,3,-0.537769,-0.519964,-1.135293,-0.672986,-0.132105,-0.462762
2,164,25.654373,4,-1.277074,1.031114,0.331073,-0.361621,0.193218,0.221208
2,186,22.835011,3,-0.62031,0.888334,-0.529184,-0.426054,-0.092253,0.328856
2,169,32.561886,2,0.346999,-0.218007,-0.564646,-1.231824,-0.132105,0.07269
2,168,26.57313,3,-0.475116,-0.503567,-0.303129,-0.469194,-0.132105,-4.286798
2,165,19.467402,3,-0.457145,0.879644,-0.045333,-0.29821,0.419397,0.090118
1,172,23.661438,3,-0.465402,0.595067,-0.303129,-0.636633,-0.259094,0.645615
2,168,28.344671,3,0.078223,0.198203,-0.180306,-0.523816,-0.132105,0.357467
2,165,23.875114,3,0.078951,-0.096047,-0.39049,-0.330594,-0.036655,0.028419
2,168,33.659298,3,-0.331378,0.651139,0.602386,-0.458454,1.524734,-0.550758
2,163,21.077196,3,-0.342548,-0.361278,-0.164435,-0.529769,0.022683,0.03077
1,165,20.202021,3,-0.064787,-0.096538,-0.273741,-0.591883,-0.114026,0.23484
2,172,19.267172,4,-0.218967,0.888334,0.348804,-0.700325,-0.673887,-0.187322
2,167,29.402273,3,-0.60914,0.481797,0.219906,-0.4441,0.221063,-0.114803
2,160,21.484375,4,-0.608411,-0.361278,-0.433888,-0.467371,0.375852,0.130635
2,163,21.453573,4,1.167656,0.065587,0.216185,0.724433,0.109821,0.083596
2,171,30.778702,3,-0.465402,-0.086374,-0.40636,-0.13974,-0.247041,0.026656
2,176,20.015495,4,-0.073772,0.454253,0.182583,-0.276578,-0.023195,0.60469
2,158,28.040379,4,-1.831869,-0.255716,-0.358183,-0.758726,0.605725,0.56473
2,160,25.390625,4,1.148228,-0.787161,1.52005,0.387187,1.478856,0.239831
2,170,22.49135,3,-2.941458,0.289179,-2.645622,-0.425514,-1.024676,0.280934
2,175,16.32653,3,0.883094,0.89899,-0.560925,-0.959791,-0.881987,0.607813
1,170,22.145329,4,-0.208525,-0.767815,-0.287258,-0.326853,0.121873,0.256315
3,162,21.338211,3,-0.475116,0.879153,0.370749,-0.031107,-0.072767,-0.136276
2,159,32.039871,4,-0.207068,0.311473,-0.493721,-0.833238,-1.179511,0.05236
2,168,19.486961,4,0.068509,-0.37046,-0.242,-0.422886,-0.086227,-0.6682
2,167,21.513859,4,-1.986777,1.304544,-0.487081,-0.278755,0.54036,0.134046
2,172,26.365602,3,-0.18764,0.595067,-0.319,-0.739813,-0.132105,0.437168
2,169,19.257029,3,0.460138,-0.095556,0.085426,-0.177021,0.518587,0.145592
2,166,21.410946,4,-0.332106,-0.077684,-0.93547,-0.187462,-0.395803,0.023652
2,169,25.209202,4,-0.786389,-0.183247,-1.325885,-0.459108,-0.163598,-0.091845
1,175,25.469387,3,0.61359,-0.21899,-0.287258,-0.440926,-0.386083,0.016029
3,174,23.781214,4,-0.198811,0.747028,0.572998,-0.007807,0.915301,0.178678
2,170,22.49135,2,-0.60914,-0.229154,-0.424092,-0.58864,-0.153878,0.082676
2,175,25.795918,3,-0.762591,0.898007,0.735498,0.463642,0.407344,0.051717
3,168,21.612812,2,0.078951,-1.035012,-0.459554,-0.146826,0.750793,0.628991
2,175,20.244898,4,-0.752877,0.452778,0.452035,-0.312058,0.484762,0.441098
2,170,22.83737,4,0.614318,0.178366,-0.267666,-0.576009,-0.092253,-0.394202
1,162,30.102119,1,-0.31195,0.197711,-0.683748,-0.880601,-0.318432,0.165662
1,170,23.529411,3,-0.464673,-0.511274,0.602386,0.247351,-0.419909,0.12057
2,173,26.06168,2,-0.762591,0.736864,-0.293333,-0.369212,0.409677,-0.29253
2,171,20.519135,4,-1.563821,0.312455,-0.527323,-0.127327,-0.90376,0.55701
2,155,20.395422,4,-0.764048,0.898007,-0.287258,-0.18456,0.685428,0.207511
2,171,18.125235,4,-1.031367,-0.351606,0.997016,-0.234507,1.014491,-0.01058
2,168,24.447279,3,0.592705,0.624085,-0.3275,0.13653,-1.195257,0.365203
2,168,24.447279,3,0.901065,1.42847,0.497294,-0.092221,-1.314813,0.346496
1,168,20.195578,3,0.366426,-0.92945,-0.398425,-0.246865,-0.247041,0.296854
2,181,21.97735,3,-0.227952,0.878661,0.703757,-1.228581,0.915301,0.210076
3,167,22.230988,3,0.062437,1.713046,0.426369,-0.333013,0.153366,0.465077
2,160,21.09375,3,-0.475116,-0.627001,-0.972793,-0.415473,0.149672,-0.61135
3,180,16.975309,3,-0.198811,-0.362261,0.233916,0.038572,0.961179,0.114696
3,170,20.069204,3,-0.352262,0.197711,-0.798637,-0.231845,-0.147851,0.001772
2,172,18.253109,3,-0.473659,-0.199644,-0.041612,-0.849956,-0.751258,-0.126248
2,160,25.390625,3,0.50045,0.859316,-0.937331,0.081807,0.443503,-0.089609
2,167,21.513859,3,0.623304,0.71801,-0.580517,-0.591212,0.149672,-0.139125
2,172,20.281233,4,0.615046,-0.199644,0.44224,-0.850594,0.859703,0.309608
2,173,20.715694,4,-0.207068,0.064604,0.251647,0.485779,0.121873,0.216694
2,180,20.370371,4,0.326114,0.330818,-0.806572,-0.704654,-0.683607,0.64329
1,172,20.619253,4,-0.846589,-0.248008,-0.788841,-0.379853,-1.00295,0.180121
1,179,21.222809,4,-0.18764,0.879644,-0.287258,-0.08126,-0.441682,-0.058161
1,165,19.834711,3,0.881637,-0.199644,0.477702,-0.576328,0.363799,0.010051
2,168,17.361111,3,0.058795,1.011768,-0.398425,-0.29595,-0.219242,0.192416
1,165,21.303949,4,-1.586162,0.59605,-1.341756,-0.70006,0.003197,-0.572703
2,176,21.952478,4,-0.475116,-0.380133,0.069555,0.458967,0.109821,0.246996
2,169,22.758307,4,-1.154949,0.339017,-0.182166,0.030072,0.469015,-0.544183
3,172,22.985397,3,-0.628567,-0.095556,-0.061203,-0.262232,0.490788,-0.568501
2,165,18.732782,3,0.902522,0.59605,-0.025741,0.090127,-0.386083,0.034958
2,168,24.447279,3,-0.18764,-0.36177,-0.457694,-0.371805,0.050482,0.283958
3,164,27.141582,3,-0.046087,-0.076701,-0.261592,-0.225286,0.02871,-0.088899
2,164,25.28257,4,0.345542,0.330818,-0.267666,0.065104,-0.374031,0.177033
3,165,20.56933,4,0.068509,0.605231,0.719628,-0.303038,0.915301,0.347102
2,165,20.56933,4,-1.429069,-0.35308,0.400137,0.553645,1.128021,0.291041
2,170,20.069204,3,0.499722,0.178366,0.081212,-0.62173,-0.469481,0.193971
2,170,24.221453,3,-0.066244,-0.503567,-0.806572,-0.308411,-0.064454,0.398073
2,168,19.486961,3,0.61359,0.595067,0.477702,-0.176608,-0.144158,0.072713
1,165,23.875114,3,0.099835,-0.503567,-0.303129,-0.21264,-0.132105,0.280934
1,172,20.281233,3,0.367883,-0.769781,-0.541333,-0.721134,-0.560358,-0.870643
2,168,23.738663,3,0.078951,0.329836,-1.325885,-0.333436,-0.615956,-2.550684
2,172,20.619253,3,-0.054345,0.330327,0.469767,-0.579892,0.673375,0.44543
2,191,24.396261,3,0.348455,0.89899,0.426369,-0.105695,0.605725,0.507627
2,167,25.816629,4,0.387311,-0.21899,0.192871,-0.821001,0.593672,0.17869
2,171,21.203106,4,-0.455688,0.31049,-0.002428,0.582496,-1.377891,0.262772
3,179,21.534908,3,0.346999,0.046241,0.477702,0.464824,0.673375,0.032348
2,174,20.478266,3,0.222689,0.027387,-0.711276,-0.800529,0.177472,0.122859
2,170,25.951557,4,-0.455688,0.046241,-0.025741,0.328595,0.177472,-3.627126
1,175,18.938776,3,0.345542,0.615395,0.977424,0.21864,0.903248,-2.251066
2,161,21.604105,3,-0.074501,-0.350623,0.513164,-0.202673,-0.441682,0.426436
2,169,21.707924,3,-0.064787,0.321146,0.192379,-0.750867,0.03843,0.225973
1,182,28.680111,4,0.614318,0.879644,0.122749,0.216699,0.211297,0.255267
1,158,20.829996,4,-0.18764,0.046241,-0.564646,-0.070535,0.121873,0.491104
2,182,20.227026,3,-0.485558,0.614413,0.085426,0.137918,0.617777,0.105652
1,173,26.395803,3,-1.697845,-0.21899,0.180722,-0.014909,0.788312,0.316624
3,163,21.453573,3,1.168385,-0.077684,-0.634276,0.041426,-0.014836,-0.106501
1,156,25.47666,4,-0.310493,-0.220464,0.321277,0.20292,0.893528,0.271128
3,175,21.55102,4,-0.074501,0.613921,-7.4e-05,-0.246925,-0.19747,-0.611286
2,165,20.56933,3,0.346999,0.026896,-0.00987,-0.715734,-0.132105,-2.018495
2,178,21.777554,2,0.068509,0.045259,-0.424092,-0.209172,-0.380057,0.102867
2,168,26.57313,3,-1.831869,-0.21899,1.258533,0.171572,1.478856,-0.334253
2,173,28.400547,3,0.481751,0.59605,-0.677674,0.061634,-0.407856,0.168328
2,168,23.030045,3,-0.609868,-0.096538,-0.1565,-0.581597,0.304461,-2.892818
2,174,18.166204,3,-0.990327,-0.239318,-0.283537,-0.326263,-0.120052,0.218259
2,168,30.116213,4,-0.207068,0.065587,1.05207,0.082694,-0.386083,0.848359
3,176,19.369835,3,0.355984,0.330327,-0.146704,-0.495904,0.1279,0.47823
1,168,20.549887,3,-0.455688,-1.317624,0.75509,-0.565911,-0.001376,0.299898
2,183,25.680075,2,-0.31195,0.321146,-0.182166,0.008563,-0.419909,-0.161684
1,178,22.408787,3,0.058066,0.898007,-0.041612,-0.040896,-0.132105,0.155618
2,164,23.051754,3,-0.188368,0.595558,-0.416156,-0.31601,-0.126079,0.36597
1,178,18.937002,3,0.901065,-0.768798,1.254812,-0.668975,1.101628,-0.053584
2,176,24.212294,3,0.078223,-0.219973,0.120888,0.223721,0.403651,0.092739
2,168,20.549887,3,-0.064058,-0.503567,-0.441823,-0.655858,0.121873,-1.99629
3,175,20.897959,2,-0.876459,-0.096047,0.120888,-0.164781,-0.005116,0.057974
2,173,22.386314,4,0.901065,0.879644,-0.802851,-0.319232,-0.560358,0.28382
2,187,20.017731,4,0.902522,1.181601,-0.545054,-0.637526,-0.374031,0.538752
3,163,23.711845,3,0.902522,0.312455,-0.826164,-0.304575,-0.132105,0.008489
2,173,24.725183,4,-0.329921,0.59605,-0.545054,-0.258763,-0.782797,-0.053787
1,165,29.384756,3,0.212246,0.187547,-0.283537,-0.397846,0.344313,-0.276881
2,178,20.515087,3,0.623304,1.021441,-0.370898,0.141801,-0.40557,0.043475
1,164,22.308149,3,0.069237,-0.380624,-0.293333,-0.713104,0.310487,-0.902233
2,167,24.023809,3,-0.486286,0.462943,-0.408221,-0.323492,-0.407856,-1.031701
2,172,21.633316,4,1.169113,0.614413,0.774682,0.232891,0.43145,-0.073801
3,174,21.469151,3,-0.189097,-0.237353,-0.025741,0.093962,0.177472,0.826468
2,170,15.570934,3,-0.332106,-0.388823,-0.424092,0.334643,-0.407856,-0.04102
1,168,21.258503,3,-0.475116,0.055914,0.218045,-0.379618,-0.138131,-1.516822
2,172,18.591131,3,-0.886173,-0.09703,-0.295194,-0.057811,0.276662,0.15604
2,170,22.49135,2,-0.598697,0.481797,-0.182166,-0.165906,1.115968,-0.065501
1,172,21.295294,4,-0.362705,0.064113,-0.031816,0.056745,-0.407856,-0.019861
2,170,25.951557,3,-1.29723,-0.239318,-1.08396,-0.454634,-0.429629,-0.07043
2,161,27.005131,3,0.902522,0.879644,-0.545054,-0.850594,-0.120052,0.094305
2,180,18.518518,1,1.456588,0.028861,-0.251796,-0.943898,0.133926,-2.098738
2,168,23.030045,3,0.346999,-0.238336,0.271239,-0.184681,-0.937585,0.281575
3,176,21.952478,4,-0.034188,-0.096538,0.461831,-0.031712,0.264609,-0.172163
2,156,23.011177,4,0.326114,-0.218007,-0.251796,-0.283742,-0.374031,0.173864
1,173,26.06168,3,-0.752877,0.046241,-0.529184,-0.182313,-0.318432,0.123256
2,178,23.355637,2,-0.475116,-0.503567,-0.17237,-0.469194,-0.132105,0.302902
2,175,20.571428,3,-0.331378,0.321146,-0.190101,-0.459973,0.115847,-3.559014
2,171,22.229061,3,0.615046,0.879644,-0.267666,-0.569203,-0.120052,0.224692
3,178,18.305769,3,-0.444517,0.888825,-0.164435,-0.264243,-0.076507,0.239831
2,182,16.90617,3,0.490736,0.206893,-0.659943,-0.202115,-0.374031,0.009228
2,174,22.12974,3,-1.152764,-0.360787,0.782617,-0.132326,0.33226,0.58157
1,168,20.904196,4,0.346999,0.614413,-0.025741,-0.715378,-0.132105,-1.658718
2,175,30.693878,3,0.081865,0.59605,0.219906,0.454642,0.177472,-3.627126
2,170,21.453287,4,-0.464673,0.045259,-0.136908,0.189747,-0.247041,0.023905
2,173,19.713322,3,-0.342548,0.755718,0.503369,-0.115498,0.298434,-0.02347
3,172,23.661438,3,0.367155,0.339509,0.089147,-0.079344,0.586238,0.037642
2,154,20.2395,4,0.36934,0.898007,0.45811,0.607117,0.970899,0.239831
1,170,20.415224,3,0.327571,-0.767815,-0.092945,-1.387591,0.673375,0.590631
2,170,37.716263,4,-0.218967,-0.095556,0.097082,-0.039406,0.149672,0.36771
2,167,16.852522,4,-0.628567,-0.484221,-0.70334,-0.262266,-0.005116,-4.286798
3,168,24.801588,2,0.345542,0.311473,-0.78698,-0.180088,-1.123913,0.189223
1,170,19.031141,2,0.058066,0.168693,-0.269527,0.018568,0.381878,-0.076125
2,169,19.257029,3,0.080408,0.595067,-0.293333,-0.331766,-0.153878,-1.256892
2,169,21.357796,3,0.902522,0.046241,-0.529184,0.581952,-0.739205,-0.571842
2,171,21.545092,4,-1.717273,0.339509,0.565063,0.074502,0.550126,0.679174
2,173,21.718065,4,-0.084943,0.197711,-0.150425,-0.320435,0.623804,0.082134
2,171,27.358845,2,-0.198811,0.472124,-0.398425,-0.365686,-0.374031,0.246528
1,166,21.048048,4,-0.095385,-0.237353,0.120888,0.159498,0.685428,0.393459
2,167,28.685144,3,-1.833325,1.162255,-1.274552,-0.042313,0.523207,-0.69485
2,170,19.031141,3,-0.208525,-0.503567,-0.283537,-0.458233,-0.683607,0.029662
1,168,28.69898,3,-0.065515,0.603757,-0.545054,-0.601151,-0.120052,-1.073951
1,163,22.959087,3,0.088665,0.614413,-0.182166,-0.2534,0.171445,0.055066
2,178,22.724403,3,-0.618853,-0.342915,0.452035,-0.433256,1.457083,0.405487
2,158,24.835764,2,-0.455688,-0.237353,-0.041612,-0.450704,-0.386083,0.215608
2,156,26.709402,3,-0.475116,0.349181,-0.00987,-0.173955,0.121873,0.227399
2,169,19.607157,3,0.902522,0.879644,-0.509592,-0.180894,-0.869934,-0.048892
1,178,22.724403,3,-0.044631,0.594576,-0.25601,0.484522,-0.897734,-0.447224
2,176,20.983988,4,-0.064787,0.585885,-0.053268,0.013749,0.927354,0.429028
1,181,19.840664,3,-0.065515,0.320654,-0.398425,-0.576117,-0.374031,-0.177023
2,175,22.530613,3,0.080408,0.632776,-0.248075,0.093962,-0.615956,0.539029
2,173,22.720438,3,-0.87573,0.738338,-0.17237,-0.265795,0.050482,0.169754
2,157,39.758205,3,-0.064787,0.321146,-0.119177,0.127489,-0.058428,0.370135
1,176,23.243801,3,-0.18764,0.036569,-0.521249,-0.052696,0.006937,0.129631
2,178,19.568235,3,-0.741707,1.163238,-0.658082,-0.25011,-0.494993,0.366788
1,159,29.666548,3,-0.208525,0.330818,-0.303129,-0.776689,-0.69566,-0.494032
2,162,23.624447,4,0.61359,-0.21899,0.44224,-0.319184,0.915301,-0.450336
2,161,21.604105,4,0.327571,0.294093,0.219906,-0.70425,-0.132105,0.569667
2,152,20.775623,3,-0.465402,1.712064,-0.398425,-0.8402,-0.754998,0.298599
2,171,23.255018,3,-0.743163,-0.219973,0.997016,0.336407,0.351746,-0.117026
1,158,21.230572,4,0.345542,0.329836,-0.267666,0.346681,-0.120052,0.188219
1,165,26.446281,3,-1.009754,-0.199644,0.75509,-0.294703,0.308201,-3.619113
3,167,22.948116,4,0.367883,0.065587,1.274404,1.13398,0.661323,-0.054869
2,176,23.243801,2,-0.208525,-0.219973,-0.303129,0.171815,0.43145,-2.205325
3,168,22.321428,3,-0.075229,0.320654,-0.529184,-0.503443,-0.191443,0.494448
2,170,19.377163,3,-0.886173,0.349181,-0.435748,0.050673,0.651603,0.529196
1,175,21.224489,2,0.481023,0.178857,0.136759,-0.234459,-0.358284,0.167932
2,176,20.983988,2,0.902522,0.065587,-0.057482,-0.960025,0.121873,-0.566198
1,150,20.888889,2,-0.18764,-0.09703,-0.562786,-0.306283,0.282688,-0.552039
1,167,24.740938,3,-0.474387,0.321637,-0.283537,-0.780984,-0.064454,0.233551
2,164,22.308149,3,1.991227,2.043082,1.516329,1.361891,1.665183,-0.485808
2,174,19.817677,3,-0.752877,-0.37046,0.079351,0.021052,0.242836,0.43775
3,178,20.830704,4,-0.741707,0.329836,-0.025741,-0.056048,-0.132105,0.079627
2,160,23.046875,3,0.346999,0.59605,-0.78698,-0.344799,-1.489087,0.26349
2,178,28.405504,3,-1.020197,-0.655528,-0.338591,-0.747149,0.391598,0.538363
2,168,22.675737,4,-0.320936,0.746537,0.255368,0.360781,-0.247041,-0.034539
2,172,21.971336,3,0.348455,0.311473,-0.251796,-0.191806,-0.120052,0.147521
2,170,27.681662,4,-0.053616,1.030131,-0.566507,-0.380172,0.115847,0.37294
2,172,18.591131,4,-0.322392,0.187547,0.087287,-0.114528,0.397624,0.267841
3,173,20.381569,3,0.345542,-0.200627,-0.564646,-0.337035,-0.132105,0.102968
2,186,24.858366,4,0.040095,-0.767815,0.513164,0.354043,0.375852,0.062704
2,163,19.948059,4,-0.465402,0.747028,-0.398425,-0.189735,-0.50102,0.216895
2,165,25.711662,3,-0.609868,-0.077684,-0.824303,-0.545963,-0.253068,-0.032114
3,163,19.948059,4,-0.205611,-0.465858,1.258533,0.087139,1.478856,0.530641
2,170,25.951557,4,-0.320936,0.196729,-0.424092,0.03989,0.000911,-0.025575
2,165,22.038567,3,0.346999,-0.238336,0.180722,-0.44057,0.915301,0.511356
1,172,21.633316,4,-0.476572,0.046241,-0.303129,-0.319184,-0.132105,-0.949566
3,160,19.140625,3,0.099835,0.861281,-0.00987,0.892813,0.066275,0.362742
3,173,19.713322,4,0.06098,1.447815,0.477702,-0.088977,0.419397,0.325488
1,168,18.778345,4,0.06098,0.879644,-0.303129,0.061812,-0.132105,-1.818597
2,173,26.729927,3,-1.154949,1.01226,-0.432027,-0.024094,-0.634035,0.101762
2,167,23.306681,3,-0.722279,-0.238336,-1.099831,-0.43231,-0.374031,0.059057
2,153,29.475843,1,0.36934,-0.466841,-0.584238,-0.854072,-0.144158,-0.595896
1,180,22.222221,4,-0.065515,0.888825,-0.416156,-0.006574,-0.098279,0.009231
2,155,24.557753,4,0.346999,0.046241,-0.006149,0.061268,0.133926,0.025891
3,172,22.985397,4,1.179555,0.455235,0.28897,1.399662,-0.284607,0.060663
3,175,19.591837,3,-0.064787,0.19722,0.6066,0.09723,0.766539,0.002655
2,174,23.120625,3,0.901065,0.046241,0.164852,-0.582508,0.351746,0.594565
2,164,21.564545,3,0.212246,0.320163,-0.40636,-0.465513,-0.163644,0.026175
1,160,21.09375,3,-1.29723,0.026896,-0.596388,-0.740095,0.121873,-0.016293
2,158,20.829996,4,-1.05298,0.877678,-0.513313,-0.280498,0.697481,0.431755
2,167,19.721037,3,-0.773033,-0.901905,-0.475425,-0.643451,0.187238,0.085326
2,176,24.535124,3,-1.852753,0.044276,-0.771109,0.200552,-1.179511,0.11993
2,168,17.71542,3,-1.01874,0.064604,0.225981,-0.123867,0.270635,-0.257582
1,158,39.256531,3,0.078223,-0.22768,-0.537119,-0.652543,-0.374031,0.095646
2,170,25.951557,3,-1.319571,-0.502584,-1.08396,-0.447509,-0.120052,0.096349
1,171,28.042816,2,-0.598697,0.073294,0.245572,-0.623683,-0.181677,0.216913
2,168,20.549887,4,-0.190554,0.309507,-0.755239,-0.341413,-0.250781,0.239831
1,168,20.195578,3,-0.189097,-0.227189,-0.245721,-0.485462,0.465275,0.119385
1,178,24.618103,4,-0.18327,0.862264,1.258533,0.096381,-0.521385,0.405966
2,168,29.407597,4,0.101292,0.349181,0.997016,-0.048875,1.169279,-0.985456
1,161,25.847769,2,-0.476572,0.595067,-0.025741,-0.629591,0.177472,0.195599
1,163,21.453573,3,-0.064058,0.879644,-0.041612,-0.003925,0.177472,0.262045
1,167,24.740938,3,-1.216605,0.859316,-0.545054,-0.726387,-1.191564,0.281611
1,171,25.990904,3,0.101292,0.047224,-0.861626,-0.080952,-0.144158,-0.097981
2,176,24.212294,4,-0.352991,0.595558,-0.39049,-0.030836,-0.374031,0.192593
1,167,22.589552,3,-0.34182,0.330327,-0.574442,-0.649145,0.270635,0.165321
2,165,25.711662,3,1.149685,-0.198661,1.274404,0.819709,1.732834,-2.44097
1,160,21.484375,4,-0.475116,0.063622,0.045184,-0.339352,-0.615956,0.307401
2,165,23.507805,3,1.035089,-0.199644,0.253508,0.58349,-0.126079,-0.106719
2,168,26.57313,3,-0.208525,0.036569,-0.285398,-0.698618,-0.534845,0.265433
1,169,22.758307,3,-0.720822,-0.239318,-0.525463,-0.985358,-0.052401,0.117244
1,170,20.761246,3,-0.226496,-0.21899,1.500459,-0.177198,0.903248,0.174989
2,164,24.167162,3,-0.731264,0.339509,0.069555,0.058155,0.23681,0.27951
2,174,27.744749,3,0.203261,-0.910104,-0.338591,-0.53428,0.673375,0.244804
1,182,22.642193,3,-0.189097,0.878661,-0.00987,0.331483,0.741027,0.365867
2,168,20.549887,4,0.346999,1.164221,-0.061203,-0.304979,0.363799,0.063066
2,162,19.051973,3,-0.475116,-0.503567,-1.032627,0.332431,-0.869934,-0.344885
1,168,22.321428,3,-0.226496,0.349181,-0.045333,-0.206293,0.419397,0.317265
2,177,23.939482,3,-0.74462,-0.256698,1.258533,-0.294703,0.915301,0.483766
2,167,22.948116,4,-0.465402,-0.096047,0.346943,-0.548212,0.13762,-0.495754
1,170,24.913494,3,-1.276345,0.328853,0.290831,-0.016819,0.201577,-1.006186
1,170,20.761246,3,0.038639,0.614413,-0.251796,-0.444759,0.189524,0.228925
1,165,26.446281,4,-0.464673,0.463434,0.588869,0.177057,0.661323,-0.621335
1,173,20.047445,3,-0.475116,-0.380624,-0.293333,-0.586511,-0.562644,0.311009
1,164,36.064842,3,0.747613,0.878661,-0.136908,-1.045222,-0.318432,0.091377
2,171,27.016859,3,-0.208525,0.169676,0.079351,-0.538719,-0.138131,-0.773158
1,172,28.731747,3,0.098379,-0.503567,0.513164,0.60333,-0.132105,0.209995
2,160,27.34375,4,-1.144507,0.472124,0.44224,-0.059457,0.633524,0.648941
1,180,19.444445,4,0.479566,0.897515,-0.119177,0.460778,-0.185417,-0.471691
2,170,19.031141,3,0.059523,0.046241,-0.287258,-0.308767,-0.132105,-0.009763
2,168,21.258503,4,-0.208525,0.178857,0.087287,-0.242509,0.552413,0.167107
2,170,25.951557,1,-0.075229,1.02095,-0.511453,-0.045359,-0.086227,0.242558
1,174,19.487383,3,-0.207068,0.027879,0.513164,0.335768,-0.386083,-0.78666
1,178,24.618103,4,-1.544393,0.329836,-0.857905,-0.593282,-0.751258,0.383875
2,164,33.090424,2,0.346999,-0.767815,0.477702,-0.483755,0.165419,-4.286798
1,165,28.282827,3,0.101292,-0.503567,0.513164,-0.17856,-0.132105,-1.396927
1,172,20.619253,3,-0.475116,-0.503567,-0.303129,-0.469194,-0.132105,0.280934
2,167,20.079601,3,0.059523,0.59605,-0.045333,0.464589,0.109821,0.201515
1,172,18.591131,4,-1.038896,0.727683,0.180722,0.125856,0.351746,-0.129059
2,170,26.98962,3,-0.475116,0.045259,-0.041612,-0.351878,-0.132105,0.341807
1,164,19.705532,3,-0.34182,0.198203,-0.069139,-0.212533,0.744766,0.258555
3,163,21.453573,3,-0.207068,0.595067,-0.545054,-0.451343,-0.937585,0.153374
2,159,25.711008,4,0.882366,0.482288,-0.71549,-0.777745,-1.092374,-0.0579
2,163,22.206331,4,0.06098,0.614413,-0.564646,-0.07359,-0.69566,-0.046814
2,171,21.887075,4,-0.496,1.163238,-1.048497,-0.330145,0.201577,-4.286798
1,161,22.375679,3,-1.256918,0.02493,-0.232204,-0.151583,-0.107999,-4.286798
2,170,23.529411,3,-1.032096,1.163238,-0.790701,-0.042032,1.007058,0.391092
2,175,20.244898,3,-0.084215,1.02095,-0.666017,0.015666,-0.90376,0.706002
3,172,18.591131,3,-1.563821,0.31049,-1.39681,-0.703163,-0.49728,-0.649171
1,167,25.816629,3,1.435704,-0.466841,-0.755239,-0.525453,-1.123913,0.173864
2,168,23.384354,3,-0.055801,-0.50455,-0.533398,-0.321041,-0.516766,-0.203507
1,174,22.460033,3,1.169113,0.026896,0.513164,-0.03467,-1.259215,0.18413
2,169,20.307413,3,-0.054345,0.320163,0.495433,-0.442712,-0.29292,-0.275146
2,158,25.23634,3,-0.208525,-0.787161,0.493573,0.08305,0.617777,-0.292251
2,170,19.031141,3,0.078951,-1.052392,-0.045333,-0.209537,0.673375,0.368533
2,172,20.281233,4,0.615046,0.330818,1.535921,1.518623,1.423258,-0.457831
1,170,20.761246,2,0.346999,0.349181,1.258533,0.226,0.661323,0.123256
1,167,28.685144,3,-1.011211,0.027879,0.251647,-0.056404,-0.132105,0.367391
2,168,25.510204,3,-0.218967,-0.200136,-0.77297,-0.019744,-0.368004,0.250981
1,168,20.549887,4,-0.898072,1.42847,-0.804711,0.054272,-0.494993,-0.396816
1,172,22.647377,3,1.169113,0.880627,0.477702,0.489801,0.109821,0.2106
2,175,21.224489,3,0.22196,0.879153,-0.519388,0.061564,-0.594183,0.279569
2,158,32.046146,2,-0.455688,-0.219973,-0.303129,-0.469194,0.43145,-3.264858
1,173,21.718065,3,0.335828,0.889317,-0.265806,0.019252,0.012963,-1.073325
1,170,24.221453,4,-1.019468,-0.086374,-0.191962,-0.469289,0.391598,-1.084584
2,167,19.003908,3,-0.475116,0.329836,-0.303129,-0.212828,0.43145,0.158946
2,166,23.951227,3,-2.653983,0.31049,-1.119422,-0.30486,-0.806856,-3.423821
1,176,26.472107,3,0.367155,-0.341441,0.366535,0.134746,0.403651,0.133304
2,170,20.069204,3,0.203989,0.595067,-1.066229,-0.539961,-1.058548,0.063849
2,154,24.87772,3,0.899608,-0.484221,-0.045333,-0.730409,0.927354,0.569667
2,170,24.913494,3,0.348455,0.59605,0.981145,0.093774,0.605725,0.286911
2,162,22.10029,3,0.090122,0.189021,-0.424092,-0.266091,-0.253068,-1.627253
1,163,21.829952,3,-0.208525,0.065587,-0.529184,0.094601,-0.120052,0.206988
3,173,24.056934,3,0.881637,0.577687,0.235776,-1.243375,-0.949638,0.20635
1,175,22.857143,4,0.058066,-1.072721,0.200314,0.329777,0.927354,0.302988
2,168,25.510204,3,0.058795,1.154548,0.14048,0.098759,-0.50102,-0.762182
1,168,21.967121,3,0.902522,0.614413,-0.006149,0.075922,-0.937585,-0.102756
2,169,19.957285,3,-0.207068,0.329836,0.219906,0.46518,-0.441682,-0.033456
2,167,22.230988,3,-0.733449,-0.788144,-0.695405,-0.195655,-0.215502,0.248469
2,170,25.951557,3,0.346999,-0.238336,0.513164,-0.052757,0.121873,0.551735
2,179,24.343809,2,0.337285,-0.351606,0.243712,-0.135029,0.43145,-0.374395
1,158,21.631149,4,-1.873638,-0.07621,-0.545054,-0.298089,-0.374031,0.607681
2,165,23.875114,3,-0.189097,-0.520947,0.235776,0.343438,0.177472,0.053555
2,175,23.183674,3,-0.190554,0.594084,-1.032627,-0.957728,-1.235109,0.073974
1,169,21.707924,4,0.345542,-0.522913,0.513164,-0.227979,0.487048,0.054886
2,168,23.738663,3,0.367883,-0.237353,0.513164,0.482132,0.177472,0.235262
2,157,20.690495,2,-0.494543,0.632776,-0.061203,-0.601165,1.181332,-0.379889
3,167,21.513859,3,0.881637,0.917352,0.216185,0.185898,0.054222,0.115718
2,187,27.16692,3,-0.311222,0.594576,-0.675813,-0.242332,-0.120052,0.110263
1,168,24.801588,3,-0.198082,-0.077684,-0.025741,-0.123655,-0.005116,-1.264132
2,163,20.700817,3,-0.495272,-0.635691,-0.174231,-0.335888,0.016657,0.283961
3,169,21.707924,3,-0.320207,0.15902,-0.388629,-0.43694,-0.241015,0.23199
2,172,20.957273,3,0.346999,-0.483238,-0.548776,0.728315,0.121873,-0.638452
2,168,23.384354,3,-1.316658,0.063622,0.477702,-0.177435,0.308201,0.613328
2,165,24.977043,2,-0.18764,-0.522913,-0.267666,-0.59418,-0.318432,0.439431
1,176,21.629648,3,0.326114,0.632776,-1.53607,-0.298633,-0.095946,0.211886
2,168,21.258503,3,-0.18764,0.045259,0.493573,0.332121,0.109821,0.086447
2,167,25.816629,3,0.080408,1.163238,-0.025741,-0.195736,-0.076507,-0.063609
2,165,26.078972,3,0.089393,0.065587,0.503369,-0.232707,0.143646,0.123256
1,176,21.952478,3,-0.331378,0.746537,-0.529184,0.129265,-0.628009,-0.99276
1,161,19.675167,3,-0.608411,0.755718,-0.303129,-0.465655,-0.286893,0.238244
2,175,22.857143,4,-0.475116,-0.199644,0.75509,0.453085,0.109821,0.442742
3,169,21.007668,3,-0.352262,-0.095064,-0.414296,-0.853837,-0.655808,0.330197
2,173,19.379198,3,0.085751,0.87817,-1.1676,-0.729453,-1.084061,0.212055
2,165,28.650137,4,0.348455,-0.464875,1.016607,0.229648,0.165419,-0.713168
2,170,17.301039,3,0.069965,-0.105229,-0.666017,-0.660011,-0.931559,0.322637
3,162,22.10029,4,0.367883,0.309507,0.048905,1.229919,-1.731013,0.081355
1,168,19.84127,3,0.099835,0.859316,-0.232204,0.115979,0.201577,-0.149836
1,155,19.562956,3,-0.18764,-1.603183,0.997016,0.296137,1.169279,0.407534
1,176,18.724174,3,1.437161,1.163238,-1.08396,-0.999657,-1.191564,0.436763
2,174,19.817677,3,0.366426,-0.502584,-0.755239,0.167221,-0.981131,0.133964
2,173,25.727554,4,0.081865,-0.486187,0.532756,-0.54053,-1.247162,-0.291592
1,160,25,4,0.631561,0.064604,1.313587,0.049765,0.487048,-4.286798
1,165,34.159779,2,0.594162,-0.21899,1.500459,-0.953798,1.212825,-1.744256
2,177,25.216253,3,0.223417,1.021441,-0.02202,-0.172713,-0.683607,0.062582
1,172,19.943213,4,1.169113,0.878661,-1.310015,-0.82886,-0.925533,-2.161551
1,160,18.75,3,-0.054345,0.728174,0.130684,-0.627602,-0.253068,0.092039
1,157,33.267071,3,1.189998,1.713046,-0.509592,-0.190436,-0.727152,0.73997
1,170,26.98962,4,0.367883,0.046241,0.997016,0.097489,0.351746,0.409854
1,182,22.038401,3,-0.618853,0.339509,-0.432027,-0.322865,-0.407856,0.288829
1,174,26.093275,3,0.61359,-0.218007,0.477702,0.838506,0.109821,-0.485359
2,168,25.155895,2,0.346999,-1.052392,-0.041612,-0.322193,-0.69566,0.409135
1,168,19.486961,4,-0.455688,0.320163,0.227841,-0.141329,0.177472,0.372984
1,173,23.388687,3,0.346999,0.196729,-0.673953,-0.802244,-0.368004,-0.039952
2,167,24.382374,4,-0.189097,0.062639,-0.045333,-0.173176,0.363799,-1.220414
1,160,21.484375,3,0.335828,0.320163,-0.166296,-0.04144,-0.011142,0.269544
2,171,23.93899,3,-0.629296,0.34,0.12461,-0.428414,-0.50102,0.196101
2,175,20.897959,2,0.346999,0.312455,-1.325885,-0.843159,-0.869934,-4.286798
1,167,20.079601,4,0.61359,0.59605,0.983416,-0.752372,0.141313,0.256678
1,186,23.991213,3,0.644916,-0.2485,0.146555,-0.350186,0.437476,0.272351
1,163,21.077196,3,-0.473659,0.31049,-0.080795,-0.462304,0.915301,-0.159413
2,176,21.306818,3,0.088665,-0.389805,0.059759,-0.641616,1.175306,0.162351
2,183,30.756369,3,0.901065,0.330818,0.75509,0.221884,0.728974,0.080746
3,157,25.153151,4,-0.075229,-0.341933,0.483777,0.311224,0.484762,0.171759
2,172,24.337481,3,-0.208525,-0.219973,0.75509,-0.181034,0.673375,0.052876
1,164,26.026175,3,-0.886901,0.188039,-0.40636,-0.460244,-0.191443,-0.722549
2,170,22.49135,3,-0.731993,0.188039,-0.424092,-0.736521,-0.380057,0.126485
2,179,31.522112,2,0.480294,-0.077193,0.624331,0.022685,0.391598,0.441517
1,166,21.410946,2,0.059523,-0.238336,-0.303129,-0.066277,-0.132105,-0.155039
2,160,20.703125,2,-0.18764,0.329836,0.216185,-0.056048,0.109821,-0.043486
2,176,38.73967,2,0.881637,-0.256698,0.981145,-0.887357,1.224878,0.16145
2,176,20.661158,4,-0.475116,-0.21899,-0.267666,0.317822,-0.374031,0.071088
2,163,21.829952,4,0.356713,-0.6352,-0.017806,0.070016,0.403651,0.235438
3,158,24.034611,4,0.096922,-1.071738,1.555513,1.522505,1.546507,0.168935
1,165,34.894398,3,0.080408,0.897024,0.251647,-0.309123,0.177472,0.013984
2,171,19.835163,4,-0.607683,0.311964,-0.418017,-0.187582,0.121873,0.217233
1,162,21.71925,4,0.078951,0.879644,-0.564646,0.439564,0.121873,0.184212
2,175,17.959183,3,0.327571,0.576704,-0.303129,-0.597472,-0.132105,-3.585629
1,170,22.83737,4,-1.276345,0.632776,-0.374054,0.15145,0.407344,-1.099346
1,165,21.303949,4,-0.189097,-0.807489,0.703757,-0.986231,1.121818,0.464595
2,171,19.493177,4,0.327571,0.615395,-0.303129,-0.312058,-0.132105,0.584982
2,176,20.015495,1,0.080408,0.197711,-0.025741,0.331043,-0.469481,-0.57487
2,176,23.243801,4,-0.743892,-0.086374,0.105018,-0.635188,0.121873,0.037584
2,181,23.198315,3,-1.009754,-0.483238,-0.493721,0.592323,0.201577,0.471735
2,158,28.040379,3,-0.208525,-0.238336,0.251647,0.078764,-0.386083,0.329534
1,170,17.301039,3,1.169113,0.595067,-0.267666,-0.192089,-0.429629,0.210555
1,160,22.265625,3,1.456588,0.348199,1.52005,-0.562011,0.153366,0.487371
2,169,22.758307,3,0.366426,0.311473,-0.767388,0.186442,-0.659501,0.346901
2,170,23.875433,4,1.169113,0.065587,1.274404,0.449081,0.407344,0.499479
2,169,21.357796,3,0.615046,-0.52193,-0.267666,0.226121,-0.628009,0.261964
2,164,27.885187,3,-0.18764,0.330818,0.013443,-0.18049,-0.727152,-0.030769
1,165,28.282827,3,-0.189097,0.320654,-0.146704,-0.177138,-0.042681,-0.69966
1,180,35.493828,4,0.615046,0.33131,0.251647,-0.250559,-0.949638,-2.806054
2,170,20.761246,4,0.616503,0.046241,0.219906,0.091498,-0.441682,0.072163
3,182,24.755465,3,1.17057,-0.255716,-0.02202,-0.690234,-1.50114,0.565292
1,166,25.039919,4,0.471309,0.454253,-0.414296,-1.099867,-1.120173,0.06607
1,159,23.733238,1,-1.296502,0.748011,0.200314,-0.480357,0.264609,-0.158375
2,168,24.09297,3,0.040095,-1.316641,0.719628,-0.861319,0.859703,0.265574
1,163,26.722872,2,0.06098,-0.768798,-0.545054,-0.058936,0.189524,0.001752
3,175,21.224489,4,-0.885444,-0.086866,0.079351,-0.976953,-0.29292,0.283058
2,165,22.038567,3,0.041552,-0.730107,1.223071,-0.593757,1.466803,-0.22538
2,169,23.808691,3,-0.290337,-0.534059,0.106878,-0.573383,0.056509,-4.286798
2,166,20.322252,3,0.346999,0.312455,-0.560925,-0.629622,-1.191564,0.282938
1,162,20.576132,4,0.883094,0.846188,1.242662,0.476189,1.478856,-0.773158
2,170,24.221453,3,1.169113,0.879644,-0.78698,0.318178,-0.869934,0.221585
1,168,30.116213,3,0.101292,-0.238336,-0.041612,0.18301,0.177472,0.157222
1,169,25.909456,4,-0.43626,0.879644,1.258533,0.995286,0.462943,0.560317
1,167,22.948116,2,0.327571,0.08395,-0.061203,-1.360101,-0.144158,0.34405
2,170,23.183392,3,0.366426,1.145858,-0.267666,-0.956901,-1.50114,0.173864
1,167,27.250887,3,0.348455,-0.768798,0.44224,-0.066061,0.605725,0.431834
2,156,24.654833,3,-0.208525,-0.218007,0.45811,-0.162826,0.605725,0.341768
1,158,27.639801,4,0.478837,-0.134738,0.116674,-0.361874,0.062535,0.27061
1,157,21.096191,4,0.195004,0.746537,-1.23245,-0.728518,-0.717433,0.12931
1,168,21.967121,3,0.901065,0.312455,-0.248075,0.830977,-1.123913,0.249213
2,169,22.058052,4,0.078951,0.576704,0.112953,-0.37847,0.121873,0.07588
1,150,21.777779,3,-0.475116,-0.787161,0.216185,0.061456,0.109821,0.133763
2,174,23.120625,4,0.088665,-0.522913,0.37447,-0.53356,0.502841,-0.112697
2,167,27.609451,1,-0.331378,-0.512748,0.134406,-0.858296,-1.086347,0.209515
2,172,27.041645,4,-1.008298,1.713046,0.977424,-0.990778,0.030117,0.053914
2,167,25.099501,3,0.06098,0.065587,0.719628,-0.034126,0.859703,-2.074599
1,163,21.829952,3,-0.208525,0.047224,-0.322721,-0.198174,0.363799,-1.544132
3,174,20.808561,3,-0.189097,-0.503567,0.473981,0.097489,0.915301,0.289874
2,179,21.222809,3,0.902522,0.595067,-0.041612,-0.190907,-0.441682,0.178194
1,176,19.369835,2,1.303137,0.207876,0.112953,0.198264,-0.49728,-1.488551
1,176,20.338326,3,-0.87573,0.879153,-0.55485,0.17721,0.437476,0.199352
2,175,26.12245,4,-0.199539,0.178366,-0.656221,-0.533567,-0.588157,0.026731
2,172,30.42185,2,-0.198082,0.462451,-1.135293,-0.733254,-0.187703,0.15321
1,160,21.875,3,-0.494543,0.61343,-0.529184,-0.297994,-0.120052,-0.957455
2,163,19.948059,3,0.346999,-0.52193,-1.032627,0.317588,-0.727152,-0.368501
2,177,22.343515,3,-0.320207,1.153074,-0.435748,-0.695267,0.143646,0.011192
2,158,20.028841,2,0.080408,-0.238336,-0.041612,-0.604597,0.121873,-0.050582
2,173,20.047445,2,-1.965164,-0.400461,-1.621005,-0.567962,-0.733179,-0.396533
1,180,24.074074,2,0.758056,0.34869,-0.279323,-0.008467,-0.159904,0.133767
2,164,25.654373,4,0.634474,0.046241,1.777846,1.023601,1.466803,0.080107
2,170,24.221453,4,-1.285331,-0.769289,-0.191962,0.492075,0.490788,0.353834
2,167,21.155294,3,0.102749,0.59605,0.981145,0.837868,0.605725,0.437732
2,170,24.221453,2,-0.248837,-1.315658,-0.826164,-1.095783,0.62983,0.550048
2,167,24.382374,3,-0.055073,-0.342424,-0.184027,-0.372953,1.109941,0.07269
2,172,22.647377,4,0.348455,0.311473,0.44224,-0.447273,0.661323,-0.426036
1,174,25.762981,3,0.099835,0.615395,0.235776,0.772017,-0.441682,-3.611099
2,165,27.54821,3,-0.06333,0.073786,0.071416,-0.799001,0.469015,0.034114
2,165,28.650137,2,0.078951,0.065587,1.258533,-0.019828,1.169279,-1.492142
2,174,35.01123,3,-0.208525,0.206893,-0.285398,0.023313,0.000911,0.087667
1,170,22.49135,3,-0.473659,0.595067,-0.529184,-0.05586,-0.374031,-0.388999
2,160,20.703125,3,-1.791556,1.14291,-2.403696,-2.028264,-0.449161,-3.54353
1,162,28.959,2,1.169113,-1.071738,-1.068089,-0.579216,0.443503,0.183246
3,167,24.023809,4,0.64346,-0.200627,0.643923,0.231471,0.939407,-0.065955
1,167,19.003908,3,0.346999,0.046241,-1.013035,-0.187803,-1.167458,-0.18372
2,181,20.756388,3,0.881637,0.330818,0.719628,-0.824742,0.351746,0.178194
3,173,25.059307,3,-0.452774,-0.465858,-0.03789,0.183789,-0.881987,-0.251011
2,165,22.773186,3,-0.198082,-0.51324,-0.424092,-0.527852,-0.407856,0.242476
2,165,19.834711,3,0.594162,0.59605,-0.826164,-0.715022,-0.187703,0.967343
2,168,19.132652,3,0.768498,0.59605,0.261443,0.87744,-0.634035,0.172057
1,164,27.885187,2,-1.02991,0.736864,-0.598248,-1.140541,-0.320719,-0.096155
2,172,19.943213,3,0.615046,0.312455,0.739219,-0.301049,-0.199756,0.249933
1,174,24.111507,3,0.081865,0.879644,0.251647,-0.202767,-1.005237,-0.427673
1,175,22.530613,2,0.345542,-0.768798,0.216185,-0.169529,0.419397,0.329098
2,173,16.37208,1,1.128801,-0.217024,-1.080239,-1.754167,-1.544686,0.173864
2,175,19.265306,3,1.723179,-0.21899,1.293995,1.009351,1.181332,0.494196
2,170,31.141869,4,0.61359,0.065587,-0.025741,-0.440287,-0.441682,0.209554
2,174,28.405338,3,0.481751,0.311473,-0.17237,-0.568317,-0.286893,-0.025157
2,165,32.69054,3,-0.475116,0.064604,-0.267666,-0.3305,-0.429629,-3.585629
2,173,23.722811,3,-0.226496,0.349181,-1.322164,-0.995869,-1.675415,0.904061
2,160,19.53125,3,0.902522,0.045259,-0.061203,0.065271,-1.017289,0.280934
1,168,22.321428,3,0.070694,0.453761,0.497294,-0.027095,-0.640062,0.173864
1,168,21.258503,2,0.881637,0.879644,-0.78698,-1.217385,-1.489087,0.557712
2,167,19.721037,3,-0.457145,0.328853,-0.041612,0.179532,-0.076507,0.656598
2,173,19.379198,3,-0.759678,0.385907,-0.132128,-1.948518,0.593672,0.378462
2,167,18.645344,3,0.078223,0.189021,-0.39049,-0.521801,-0.429629,-1.894629
1,167,19.721037,4,-2.653983,1.143893,-0.78698,-1.662539,-1.687468,0.042131
2,160,34.375,4,-0.456416,1.286672,0.997016,-0.261533,0.153366,-0.001379
2,176,19.369835,3,-0.199539,0.888825,-0.929395,-0.202341,-0.346231,0.336875
1,173,24.056934,3,-0.18764,0.614413,-0.806572,0.329373,-0.374031,0.06932
1,167,23.665245,4,0.335828,-0.07621,0.737359,-0.006292,0.385572,-0.562671
1,172,21.633316,3,-1.009754,0.330818,-0.287258,0.204388,-0.132105,0.005397
1,160,22.65625,4,-0.06333,0.472124,-1.448709,-0.722045,-1.10812,0.165643
2,180,19.135803,2,-0.342548,0.463434,-0.17237,-0.310023,0.022683,0.2261
2,168,19.486961,3,1.169113,0.047224,-0.232204,0.632377,-1.179511,0.328451
2,174,22.12974,2,0.902522,0.047224,-0.580517,-0.703706,-0.949638,0.314098
2,172,23.661438,3,0.060252,-0.360787,0.364675,-0.213362,0.016657,0.031386
1,159,27.688778,4,0.095465,1.427487,-0.025741,0.149556,0.03469,-1.498838
2,160,22.65625,3,-0.784933,0.879644,-0.600109,-0.835396,0.363799,0.222228
1,171,25.990904,3,-0.351534,0.462943,-0.943405,-0.420813,-0.748972,-0.004905
1,170,25.951557,4,1.169113,-0.238336,-0.806572,-0.173243,-0.683607,0.035916
1,182,25.661152,3,0.089393,0.443106,-0.925674,-0.664783,-0.715146,-2.002932
2,183,28.367523,4,-0.332106,-0.068503,-0.025741,-0.891869,0.177472,-1.879637
2,178,23.98687,3,-0.465402,0.321146,-0.545054,-0.335531,-0.219242,0.217475
2,167,27.609451,3,-0.197354,0.330327,-0.275602,-0.323018,-0.374031,0.260963
2,160,28.90625,3,0.872652,1.173402,-0.303129,-0.88876,-1.259215,0.159829
2,165,18.365473,3,-0.06333,-0.380133,-0.435748,-0.34101,-0.011142,0.29256
2,165,19.100092,3,0.346999,-0.219973,0.461831,0.066286,0.054222,0.058133
2,178,18.937002,3,-0.619582,0.187547,-0.519388,-0.184348,-0.241015,-2.675851
3,166,21.773842,3,0.058795,0.206893,-0.043472,-0.361851,0.524614,0.209914
2,170,19.377163,3,0.088665,0.036569,-0.408221,-0.508416,-0.380057,0.502311
2,164,24.538965,3,0.212246,0.064113,-0.945266,0.077924,0.189524,0.079566
2,160,23.4375,2,1.169113,0.452778,-1.325885,0.643343,-0.854142,0.292204
2,176,22.275311,3,-0.198082,0.026896,-0.293333,-0.352113,0.719254,0.456339
2,163,23.711845,3,-1.153492,0.216566,-0.059343,-0.395929,0.115847,-4.286798
1,174,27.744749,3,0.861481,0.489504,-0.956922,-0.242355,0.995005,0.126548
1,166,26.128611,4,0.068509,-0.636182,0.233916,0.143719,0.369825,-4.286798
2,187,21.447567,3,0.222689,0.329344,-0.136908,-0.597625,-0.374031,-1.42871
2,157,23.530367,3,0.346999,0.329836,-0.303129,-0.080669,-0.386083,-0.502587
2,175,19.265306,2,0.355984,0.735881,-0.02388,-0.469147,-0.181677,0.239831
2,174,21.469151,3,0.078951,-0.237353,-0.287258,-0.173364,-0.441682,-0.318402
2,180,22.530865,3,-0.731993,0.595067,-0.40636,-0.257141,-0.064454,-4.286798
2,173,17.374453,4,-0.03346,0.888334,-0.790701,-0.726339,-0.754998,-2.234935
2,168,23.030045,4,0.346999,0.614413,0.251647,0.588675,-0.132105,0.066354
1,172,20.957273,4,-1.01874,0.879644,0.106878,-0.403729,-0.380057,-0.089217
2,170,21.453287,3,0.080408,1.163238,-0.248075,-0.458778,-1.489087,0.29852
2,168,19.486961,3,-0.486286,-0.085883,-0.283537,-0.165906,-0.429629,0.222064
1,168,24.09297,4,-0.60914,0.055423,-0.55485,-0.734721,-0.225269,-1.855877
2,175,21.87755,3,-0.34182,0.187547,-0.529184,0.147023,-0.50102,0.213306
2,175,27.755102,3,0.881637,-1.90514,-0.216333,-0.936302,-0.925533,-0.008237
1,162,26.672764,3,-0.055073,0.726209,-0.683748,-0.847564,-0.064454,-2.094502
1,172,37.182262,1,-0.999312,-0.777488,0.303546,-0.075307,0.915301,0.251958
2,170,21.799309,3,-0.198082,0.34,0.122749,-0.316047,-0.253068,-0.936685
1,174,23.781214,3,0.327571,0.614413,-1.013035,-0.719025,-1.731013,0.255344
2,180,18.209877,1,0.090122,0.16246,-0.00987,0.302806,-0.159904,-0.033441
2,164,20.449137,4,0.080408,-0.085391,0.085426,0.254205,-0.017169,-0.087211
2,162,32.388355,3,-1.29723,0.481797,-0.211554,-0.428824,1.224878,-0.677713
2,170,28.719723,3,-0.209253,0.736373,-0.164435,-0.230448,-0.203496,0.441959
2,168,27.990362,2,-0.208525,-0.503567,-0.564646,-0.333388,-0.132105,0.198225
2,156,35.338593,2,-0.177926,0.584411,-0.132694,-0.166734,0.360059,-0.164486
2,175,40.816326,3,-0.457145,0.631793,-0.251796,0.584605,-0.485227,0.415956
2,175,23.836735,3,-0.055073,0.451796,-0.70334,-0.465275,-0.358284,0.303254
2,167,28.32658,3,-0.465402,-0.09703,-0.40636,-0.513399,-0.655808,-0.167036
1,167,20.79673,4,-0.475844,-0.370951,-0.174231,-0.14907,0.242836,-0.117928
2,168,30.116213,4,-0.765505,0.309507,-0.216333,-0.284097,-0.052401,-0.689113
2,185,25.420015,3,0.86221,0.879644,-0.006149,-0.161953,-0.993184,0.0127
2,169,20.657539,3,-0.330649,-0.361278,0.390341,-0.357092,-0.132105,0.116841
2,160,33.203125,3,-0.62031,0.339509,-0.30499,-0.180608,0.397624,-0.570727
2,172,21.295294,4,0.757327,0.870462,-0.267666,0.07275,-0.528819,-0.08068
2,162,26.672764,2,-0.073044,0.718993,-1.028906,-1.213396,-1.786611,-0.194764
2,177,19.78997,3,1.437161,-0.217024,-0.529184,-0.544038,-1.247162,-2.089343
1,173,19.379198,3,0.078951,-1.356315,0.267518,0.23983,-0.441682,0.329534
1,163,26.346495,4,-1.277802,0.349181,0.216185,0.585195,0.363799,-0.99276
2,158,26.037495,3,-0.627839,1.021441,-0.414296,-0.33359,-0.810596,0.442099
2,176,16.141529,2,0.635931,0.61343,-0.541333,-0.707757,-1.235109,0.238263
2,164,29.372396,3,-0.444517,0.036569,-0.447898,-0.929837,-0.507046,0.191709
1,165,20.56933,3,-0.148056,0.718993,-0.351306,-1.026379,-0.393517,0.173864
1,175,29.387754,3,-0.742435,0.878661,-0.303129,0.06051,0.248863,-1.89482
1,170,22.145329,3,0.224145,-0.503567,-0.303129,-0.469194,-0.132105,-1.796259
1,175,17.632652,3,-0.743163,0.025913,-0.529184,-0.198341,-0.064454,-0.741492
2,168,21.967121,3,0.901794,-0.494877,-1.181117,-0.780664,-1.030749,-1.077627
2,165,19.467402,4,0.058066,1.030623,-0.62448,0.038596,-0.17939,0.377153
2,164,20.449137,2,0.078951,-1.034029,0.513164,1.115846,-0.132105,0.007052
1,167,21.513859,3,0.346999,-0.21899,0.44224,-0.051857,0.351746,0.475025
2,179,26.840611,3,0.078951,-0.502584,-0.303129,-0.330145,0.43145,-0.895263
1,172,23.999458,3,-0.184726,1.731409,0.290831,1.002816,-0.107999,-0.280756
3,170,23.183392,4,0.76777,-0.939122,-1.040562,-0.446125,-1.743066,-0.200279
2,170,22.49135,3,0.902522,0.444088,-0.769249,0.129762,-1.356072,-0.444316
1,163,34.62682,2,-0.216782,-0.484221,0.042028,-0.647003,0.423137,-0.149352
2,167,21.513859,2,0.080408,0.065587,-0.041612,-0.337035,-0.568671,0.196281
2,170,26.98962,3,0.203261,-0.10572,-0.685609,-0.835986,-0.816623,0.198648
1,165,28.650137,3,0.080408,-0.485204,-0.025741,-0.173364,-0.132105,0.273277
2,172,21.633316,3,0.461595,0.33131,-0.338591,-1.639584,0.23681,-3.983151
1,168,17.71542,3,-0.738793,0.026896,-0.322721,-0.692462,0.363799,0.025374
1,157,24.341759,3,0.881637,0.59605,0.454389,-0.690587,1.157227,0.324199
2,164,29.7442,4,-0.743163,0.063622,-0.061203,-0.578981,1.181332,0.381867
1,168,35.43084,3,0.634474,-0.237353,0.477702,0.065338,0.109821,1.040007
2,172,25.351542,2,0.615046,1.021932,1.276264,0.925584,0.54036,0.255912
2,178,23.671253,4,-0.18764,-0.199644,0.477702,0.307096,0.109821,0.119928
2,158,20.829996,4,0.634474,0.614413,0.75509,0.727725,0.673375,0.281575
2,168,20.549887,3,1.169113,0.594084,-1.310015,0.461156,-1.235109,0.173864
2,156,32.873108,3,1.435704,0.295075,0.568219,-0.815273,-1.743066,-0.32584
1,170,31.141869,3,0.327571,0.597032,-0.025741,-0.87635,-0.187703,0.211538
2,174,24.772097,1,0.881637,0.330818,0.75509,-0.812331,0.109821,0.400232
2,174,21.469151,4,-0.886173,0.300817,-0.55485,0.229698,-0.082487,0.205102
2,175,22.530613,4,0.326114,-0.483238,0.219906,0.29621,0.43145,-0.918041
2,170,29.411764,3,-0.044631,-0.057356,0.5211,1.2789,0.713227,0.167169
2,180,29.320988,4,0.881637,-0.21899,-0.061203,0.431847,0.871756,0.147397
2,180,24.691359,1,-0.208525,0.065587,0.251647,0.199962,-0.132105,-4.286798
2,166,24.314123,4,0.346999,0.329836,0.75509,0.628495,0.109821,0.329457
2,174,22.12974,2,0.594162,0.065587,-0.493721,-0.690118,-0.925533,0.133245
1,167,21.155294,3,-0.475116,-0.238336,0.216185,0.065104,0.419397,-0.978483
1,168,21.967121,4,1.169113,-0.503567,-0.929395,-0.077744,-0.120052,-2.003306
2,168,29.053288,2,0.881637,0.330818,-0.080795,-0.312058,1.423258,0.176515
1,168,26.927437,4,-0.618125,0.065587,0.588869,0.120222,0.915301,0.211238
2,175,27.755102,3,0.040095,0.614413,-0.064925,0.16109,0.296148,-2.430825
2,170,25.951557,4,-0.454231,-0.371443,0.337147,0.584759,1.203105,0.023745
1,169,22.758307,4,0.099835,0.879644,0.013443,0.226356,-0.869934,0.261964
1,176,19.369835,3,1.169113,-0.520947,-1.829328,-0.946244,-1.786611,0.269622
1,172,25.689562,3,0.059523,0.614413,0.981145,0.189545,0.915301,0.044717
2,176,28.08626,3,-0.453503,0.329836,0.261443,0.920164,-0.380057,0.076845
2,161,25.847769,2,1.17057,1.712064,0.212463,-0.419144,0.097768,0.099639
2,164,22.308149,3,1.169113,-0.219973,-0.046473,-1.056086,-0.615956,-0.677124
2,175,20.244898,3,0.06098,-0.768798,1.016607,-0.72646,0.109821,-0.159857
2,172,19.267172,3,0.62476,0.188039,-0.675813,-0.044614,-0.810596,-0.653225
1,168,23.384354,3,-0.205611,1.42847,0.945682,-0.036968,1.157227,0.150285
2,159,20.568806,1,1.437161,1.163238,0.212463,-0.398407,0.462943,0.178079
1,172,23.661438,3,0.728186,-0.502584,-0.816368,-1.083506,-1.153998,-0.812136
2,189,23.235632,3,-0.475116,0.064604,0.45811,-0.308767,0.351746,-0.79767
3,179,21.534908,4,0.081865,0.898007,0.997016,0.730968,0.915301,0.164341
1,165,21.671259,3,1.169113,0.861281,1.516329,0.522188,1.720781,-3.363258
2,178,24.93372,3,0.594162,1.447815,0.461831,-0.814252,0.474995,0.173864
2,159,24.524345,2,1.169113,0.59605,-0.548776,-1.089248,-1.568791,-0.032293
2,172,30.42185,3,1.004491,-0.624544,-0.429674,0.766195,0.871756,-0.237656
2,176,23.566631,3,-1.011211,0.026896,0.513164,0.122466,0.177472,0.280934
2,159,24.128792,3,0.61359,0.330818,0.271239,0.221696,-0.937585,0.326169
2,162,19.051973,3,-0.577813,0.747028,1.250598,1.072091,1.451057,-2.94363
2,168,19.84127,3,0.367883,-1.071738,-1.032627,0.083828,-0.869934,0.052755
2,164,30.487804,4,0.346999,0.879644,-0.509592,0.200506,-1.743066,0.579049
1,172,35.154137,3,1.991227,0.084933,1.516329,-0.26196,2.284336,-0.117752
2,176,27.117769,3,0.078951,0.350164,0.703757,0.065694,0.407344,0.016027
2,168,24.801588,4,-0.18764,0.046241,-0.303129,0.963492,-0.132105,0.280934
2,173,19.379198,2,-1.029182,0.035586,-1.353413,-0.047986,0.078328,-0.28866
2,170,31.83391,3,0.090122,-0.199644,0.243712,-0.108587,0.33226,0.481482
2,180,25.925926,2,0.615046,0.935715,-0.267666,0.460942,0.189524,-0.689113
2,165,26.078972,3,0.387311,-0.256698,0.568219,1.024193,-1.235109,0.454725
2,175,19.591837,3,0.86221,-0.786178,0.715906,-0.67958,1.212825,0.051717
3,174,23.120625,3,-0.189097,-0.237353,-0.545054,0.076467,-0.881987,0.122359
2,172,32.449974,2,-0.207068,1.163238,-0.806572,-0.974397,0.697481,0.022724
2,165,23.507805,3,-0.475116,0.046241,-0.303129,-0.447461,-0.187703,0.208989
1,182,26.264944,3,0.881637,0.18853,-0.509592,-0.213184,-0.925533,0.173864
3,160,21.09375,3,0.89208,0.044276,0.21011,-0.320688,-0.503306,0.092375
2,172,21.633316,3,0.192819,-1.05141,-0.328795,-1.034946,0.242836,0.149703
2,157,32.04998,3,0.040095,0.879644,0.196593,-1.363701,0.04217,-0.421794
3,165,22.773186,4,0.366426,0.862264,0.033035,0.369241,-1.365838,0.211963
2,166,25.402817,3,0.058795,-0.095556,-0.78698,-0.632892,-0.615956,-1.883599
2,166,18.870663,3,0.078951,-0.219973,0.009722,0.079402,-0.429629,-0.259658
1,174,20.808561,3,0.625489,0.187547,-0.511453,0.44076,-0.832369,0.238887
2,174,22.12974,3,-0.741707,0.065587,0.735498,0.581784,0.915301,0.21489
1,170,22.49135,4,0.346999,0.045259,1.535921,0.115388,0.804105,-0.057214
2,162,22.10029,2,-0.350806,-0.389805,-0.340452,-0.115466,0.329973,-1.485516
2,176,22.275311,2,0.902522,0.89899,1.500459,1.123798,0.395292,0.387201
3,183,18.513542,3,0.633746,0.065587,0.356739,0.129077,-0.757284,0.217172
2,165,31.221304,3,1.589884,-1.051901,0.59259,-0.045598,0.419397,-0.039309
2,171,25.306932,3,0.098379,-0.218007,0.200314,-0.220358,0.419397,0.451445
2,175,24.489796,3,-0.052888,0.880135,0.608461,0.794372,0.054222,0.604829
2,167,24.740938,3,1.035089,0.188039,-0.006149,-0.24837,-1.191564,0.282938
2,183,24.784258,3,-0.071587,0.48278,0.98908,-1.202653,0.760513,0.071364
2,169,23.108435,3,0.070694,-0.597982,0.98722,0.546909,2.008585,-0.074023
2,175,22.204082,3,-0.493087,0.633758,-0.057482,0.571252,0.62983,-0.57487
3,168,20.195578,4,1.435704,-0.823887,-1.587403,-0.176346,-1.743066,0.123256
2,175,19.591837,3,0.06098,0.89899,-0.584238,-1.080941,-0.199756,0.642484
2,158,28.040379,3,0.345542,-0.199644,-0.025741,-0.05948,0.121873,-0.065741
3,170,24.221453,4,0.366426,-0.218007,1.05207,1.383456,0.685428,0.737847
2,168,30.116213,3,0.346999,0.329836,-0.30685,-0.191028,0.927354,-0.293634
2,165,25.711662,3,0.071422,1.864025,-0.921953,0.142653,-1.223056,-0.322145
2,163,24.088223,4,-0.207068,0.34869,-0.443684,-0.599816,0.215037,0.238107
1,170,25.605536,3,0.460866,0.065587,-0.295194,-0.262208,-0.441682,0.041728
2,177,31.600115,3,0.346999,-0.501601,-0.041612,-0.600715,-0.132105,-0.368501
3,170,24.221453,3,-2.941458,0.289179,-2.645622,-0.425514,-1.024676,-0.773158
2,165,26.446281,3,-0.248837,-1.318606,0.212463,0.077749,1.113681,0.375009
1,173,20.715694,4,0.481751,0.198203,-0.917739,-0.203903,-0.925533,-0.46036
1,168,24.447279,3,0.346999,-0.767815,0.477702,-0.366438,0.165419,0.895379
2,176,17.110022,3,0.903979,0.61343,0.013443,0.335674,-1.743066,1.06474
1,170,25.259516,3,0.769226,1.438634,-0.25601,-0.651452,-1.743066,0.185895
2,161,25.076193,3,0.595619,0.861281,1.242662,-0.183499,0.859703,-0.291592
1,177,23.939482,3,0.901065,-0.237353,-0.513313,0.108449,-0.937585,0.182264
2,168,26.57313,3,1.036546,1.305527,-0.396565,-0.319469,-1.467315,0.302088
2,162,18.289894,3,1.169113,0.06657,-0.342313,-0.550573,0.351746,0.12057
1,167,27.609451,2,0.070694,0.056406,0.319416,-0.130485,0.125567,0.179117
2,170,22.49135,4,1.17057,0.59605,-0.509592,0.321066,-1.433489,0.447191
2,168,31.887754,3,0.902522,0.879644,0.232055,1.112603,0.109821,0.512337
2,168,28.344671,3,1.178098,-0.455203,1.769911,0.872622,1.847771,-0.033938
2,164,22.308149,3,0.327571,-0.218007,-0.564646,-0.993122,-0.441682,-0.061014
2,178,24.618103,3,0.326114,-1.052392,-0.842034,-1.110271,-0.441682,0.162718
1,158,22.432302,3,0.098379,0.349181,0.477702,0.472119,0.927354,0.072045
2,176,22.275311,2,0.080408,0.755718,-0.295194,0.704701,0.840217,0.146957
1,162,38.103947,3,-0.188368,0.04575,0.866257,0.286872,1.070089,0.088691
2,176,25.826447,1,0.202533,0.065096,0.114814,-0.198341,-0.380057,-0.773158
1,172,31.097891,3,0.594162,0.102313,-1.864791,-1.37381,-0.925533,-0.013166
2,165,23.875114,3,0.615046,0.311473,0.75509,-0.29835,0.109821,0.123259
2,168,22.321428,4,0.501907,0.500651,0.727563,1.041399,0.831904,0.265574
2,179,24.65591,4,0.090122,0.168693,-0.136908,0.735831,-0.147851,-0.053267
2,182,18.717546,3,0.070694,-0.362261,-0.025741,-0.000835,-0.231295,-0.015593
2,166,36.289738,3,0.099835,0.879644,-0.303129,0.179128,-0.441682,0.128409
2,168,23.384354,3,0.346999,-0.787161,0.200314,-0.604597,0.109821,0.346863
2,170,28.373703,3,0.461595,0.349181,0.253508,-0.902608,-0.606236,0.065192
2,164,25.28257,2,0.902522,0.879644,-1.474375,-1.383139,-0.860168,0.313531
2,161,30.477219,3,0.078951,-0.464875,1.258533,0.471594,0.605725,0.019957
2,173,23.388687,3,-0.476572,-0.465858,0.216185,0.197263,0.927354,0.329534
3,175,26.12245,4,-0.874274,0.340491,0.618257,-0.219121,-0.209522,0.280934
2,169,21.007668,3,-0.341092,-0.474548,0.616396,0.373261,0.546386,0.083498
2,175,30.367348,2,0.213703,-0.067029,0.2731,-0.73375,-0.439395,-0.129783
1,159,23.733238,3,1.169113,0.330818,-0.164435,-0.486481,0.094074,0.147217
2,168,30.116213,3,0.892808,0.349673,0.981145,-0.69663,0.252556,0.173864
2,160,21.875,3,0.499722,0.463925,0.998876,0.843395,0.484762,0.116322
1,164,24.910767,3,0.347727,-0.085391,0.485637,0.00842,0.518587,0.066635
2,174,23.781214,3,0.481023,0.065587,-0.443684,-0.674558,0.552413,0.430108
2,165,20.202021,3,0.634474,0.065587,-1.048497,-0.583267,-1.10812,0.214967
2,168,28.344671,3,-0.370233,0.435398,0.587008,-0.989572,0.64329,-0.18372
3,176,22.598141,3,0.080408,-0.767815,1.032478,0.863176,0.617777,0.173864
3,163,22.582708,3,-0.18764,0.188039,0.384266,0.396649,-0.253068,0.335992
2,168,22.675737,3,-0.361248,0.046241,-0.041612,-0.711365,-0.878247,0.12494
3,168,23.738663,4,0.365698,-0.39997,0.530896,1.108449,0.1279,0.056226
2,176,24.535124,3,-0.0932,0.472616,0.087287,-0.535663,0.242836,0.38347
2,165,23.507805,4,-0.177926,0.340491,-0.546915,0.833002,-0.689633,0.295852
2,180,30.864197,2,0.633017,-0.198661,0.735498,1.258966,1.113681,0.174585
1,178,26.196188,3,-1.183362,-0.615363,-0.372193,-1.513665,1.611872,0.425137
2,170,31.141869,3,0.212246,-0.096047,0.997016,0.302914,1.224878,0.155618
2,168,19.486961,3,0.901794,0.330818,-0.779045,-0.044932,-1.024723,0.293844
2,156,28.353058,0,1.17737,0.321637,-1.014896,-0.012961,-0.538539,0.173864
2,158,22.432302,3,0.615775,0.623594,0.721488,-0.144573,0.357773,-0.036623
2,167,24.740938,3,-0.064058,0.614413,0.616396,0.31614,0.109821,0.397848
2,180,25.617285,3,0.634474,-0.52193,-1.345477,-0.033415,-0.374031,0.236383
2,161,28.934069,3,0.327571,0.349181,-0.041612,-0.721913,-0.69566,0.329776
1,167,24.740938,3,0.901065,0.879644,-1.068089,0.684969,-0.628009,0.525103
1,172,32.449974,4,-0.216053,-0.06752,0.598665,-0.211266,0.456963,-0.266588
1,173,32.74416,3,0.89208,-1.316641,0.214324,-0.916826,1.357893,0.362058
3,183,20.603781,3,0.61359,0.330818,0.251647,0.089725,0.121873,0.138658
2,172,20.281233,2,1.035089,-0.095556,0.477702,0.015418,0.673375,0.143586
2,176,20.983988,3,0.615046,1.447815,-0.041612,-1.238715,-0.69566,0.942599
3,173,21.718065,4,-0.475116,0.349181,0.180722,-0.194554,1.169279,0.169011
2,167,25.099501,3,0.348455,0.349181,0.477702,-0.326619,-0.199756,0.039567
3,169,26.959841,4,1.025375,0.06657,1.284199,-0.289865,-0.304972,-0.031896
1,169,28.71048,3,0.079679,-0.492911,0.764886,0.25031,0.425424,0.202313
2,165,26.446281,3,-0.18764,0.044276,0.196593,0.959066,1.169279,0.267338
3,172,22.309357,2,0.902522,0.198203,0.911515,0.036345,0.115847,0.22008
2,160,27.34375,3,0.901065,0.312455,-0.00987,-0.926,-0.751258,0.173864
3,174,22.12974,3,0.768498,0.747028,0.14048,-0.183092,-1.064575,0.135267
2,175,26.44898,3,-0.21751,-0.095064,-0.691684,-0.939494,-0.937585,0.25916
3,170,20.761246,4,0.224145,0.189021,-0.78698,0.468742,-1.024723,0.643649
2,174,25.102392,4,0.62476,0.480323,0.856461,0.744307,0.881476,0.08099
2,163,28.604765,3,0.460138,-1.051901,0.513164,-0.438514,-0.032915,0.053641
2,170,29.065744,0,-0.104371,0.208367,0.21011,-1.839777,0.115847,0.069963
2,170,35.294117,2,0.080408,-0.482256,0.180722,-0.772505,0.661323,1.68639
3,164,28.25699,2,0.193547,-0.483238,0.398276,-0.236414,0.360059,0.209554
2,169,31.161373,3,1.458045,0.614413,0.751369,0.240018,0.605725,0.072049
1,175,19.591837,3,-0.454231,-0.370951,-0.017806,0.446349,0.276662,-0.07424
2,170,27.681662,3,1.303865,0.728174,0.459971,0.402251,1.147507,0.369394
3,172,22.985397,3,0.081865,-0.181281,-0.096666,-0.222822,1.169279,0.047025
2,170,21.799309,3,0.769226,1.021441,-0.685609,-0.281051,-0.915813,0.232287
2,165,27.54821,3,0.060252,0.879644,0.077491,-0.975106,0.673375,0.192628
2,172,20.281233,3,0.338013,-0.333581,-0.164435,-0.201609,-0.286893,0.100618
2,171,21.545092,4,0.346999,0.898007,0.235776,0.204388,-0.132105,0.315461
3,168,25.510204,3,0.222689,0.189021,0.747155,-0.123693,0.109821,0.162958
3,169,23.808691,3,0.622575,0.614904,0.095222,-0.136355,-0.519099,0.413952
2,162,30.864197,4,-0.607683,0.481797,0.466045,0.72576,0.661323,0.457094
3,174,19.817677,4,1.178827,0.737847,0.013443,0.876596,-1.052522,-0.047729
2,163,23.711845,3,0.347727,0.329836,-0.562786,-0.355253,-0.816623,0.392175
2,162,24.386526,3,-1.697845,1.16373,-0.227425,-0.10645,0.732714,0.225216
2,169,28.010223,3,0.574734,1.466178,-0.802851,-1.263975,-1.433489,0.294805
2,172,21.295294,2,0.758056,-0.502093,0.150276,0.813513,-0.90376,0.136469
2,168,37.202381,2,0.192819,0.481797,0.321277,-0.60275,0.230783,0.100192
2,162,28.577961,3,-1.029182,-1.033047,0.75509,-0.180207,0.673375,0.202936
2,180,26.234568,2,-0.341092,0.055423,0.216185,-0.403588,0.645576,-0.21568
2,173,26.06168,3,-0.245923,-0.218007,0.945682,-0.493579,1.466803,-0.053823
2,175,22.857143,4,0.080408,-0.767815,0.44224,0.061812,0.915301,0.181928
2,163,18.818924,3,0.615046,-1.032064,-0.338591,-1.106435,0.728974,0.068219
2,168,29.053288,3,1.292695,-0.473566,0.085426,-0.743259,0.363799,0.07341
2,170,23.529411,3,1.303137,-0.085883,0.634127,0.304559,0.369825,0.154614
2,168,20.904196,3,1.035089,0.34,0.745294,0.369883,0.484762,0.246026
2,178,21.14632,3,1.026104,-0.208826,1.379496,0.420207,0.909275,-0.003264
2,168,20.904196,4,0.367883,0.045259,0.981145,0.35828,0.296148,0.108379
2,170,22.145329,3,0.758784,0.074769,-0.693544,-0.848498,-0.971411,0.173864
2,164,19.705532,2,1.035818,0.463434,0.130684,-0.479805,-0.943612,0.251941
2,174,29.396221,2,1.703752,1.996641,-0.671034,-2.453176,1.665183,0.533804
3,163,18.066168,3,0.62476,-0.654545,-0.15836,-0.164414,0.115847,0.278908
2,179,20.598608,4,0.080408,0.880627,0.75509,0.563294,-0.144158,0.173864
2,160,23.4375,3,-0.762591,-0.644873,0.087287,0.168393,0.552413,0.051037
2,168,21.967121,4,0.615046,1.163238,-0.806572,-1.249676,-0.374031,0.122476
2,180,31.481482,3,0.778212,-0.095556,1.127774,0.028664,1.605845,0.323839
3,182,24.151672,4,1.58017,0.879153,0.12647,0.197131,-1.185537,0.173864
2,180,19.753086,3,0.881637,-0.094573,0.6066,0.089544,0.159392,0.058414
2,183,25.082863,3,0.212975,0.169184,-0.283537,0.008338,-0.683607,0.179598
2,163,24.464602,3,-0.741707,0.330818,0.75509,0.204436,-0.763311,-0.195103
2,175,22.204082,3,-0.455688,0.047224,0.529035,1.112247,-0.386083,0.243339
2,176,21.952478,2,0.080408,-0.484221,0.997016,0.06863,0.661323,0.278926
2,180,23.765432,3,0.758784,0.065587,1.274404,0.234538,0.788312,0.214412
3,168,31.179138,3,0.758784,-0.2103,-1.595338,-1.199518,-1.389897,0.026734
2,173,26.06168,3,0.595619,0.595067,-0.806572,-1.221052,-1.810717,-0.060565
2,167,30.477966,3,-0.885444,0.50016,1.117978,0.077767,1.853797,0.181002
2,182,23.54788,3,0.635931,0.605231,1.397227,-0.00331,0.435143,0.612576
2,176,19.369835,2,0.36497,0.065587,0.513164,0.606573,0.939407,0.075376
2,169,23.458563,3,1.167656,-1.052392,0.961553,0.834859,1.411205,-0.051704
3,180,24.074074,3,0.901065,-0.200627,-0.025741,-0.440099,-0.69566,0.065111
2,170,25.605536,3,1.437161,0.59605,0.513164,-0.440409,-0.386083,0.162351
2,173,21.383942,3,0.099835,-0.502584,0.997016,0.585028,0.915301,0.346679
2,174,23.781214,3,0.61359,0.312455,-0.006149,0.35828,0.189524,0.44924
2,170,25.259516,4,0.346999,-0.502584,0.75509,-0.170073,0.109821,0.095187
2,165,26.078972,3,-0.454231,-0.522913,-1.08396,-0.989523,-0.683607,-0.058864
2,164,24.538965,3,0.612133,0.065587,0.009722,0.207679,-0.374031,0.049731
2,175,42.448978,2,-1.316658,1.712064,0.422648,-0.362651,1.522401,-0.31856
2,170,25.951557,3,0.61359,1.145858,0.47026,0.544214,1.665183,0.173864
2,168,24.801588,3,0.059523,0.59605,-0.545054,-0.447461,-0.683607,-0.125187
3,178,21.461937,3,0.901065,-0.767815,0.029313,0.588675,-1.179511,0.105653
2,165,22.038567,2,0.615046,0.046241,0.774682,-0.184277,-0.132105,0.183691
2,174,39.635353,3,1.17057,0.028861,0.513164,-0.404255,-1.005237,-0.109472
3,176,27.440599,3,1.169113,-0.483238,0.251647,-0.176964,0.375852,0.110946
2,174,23.781214,3,-0.24738,0.632776,0.774682,-1.225007,-0.330485,0.337213
2,170,32.871971,3,0.61359,0.349181,-1.864791,-1.113139,-1.235109,0.441679
2,163,24.464602,2,0.387311,-0.255716,-0.061203,-1.363749,-0.398136,0.312814
2,165,20.56933,3,0.329028,0.385907,1.535921,0.085937,1.788433,0.135707
2,168,20.549887,3,0.326114,-0.750435,-0.842034,-1.003089,0.487048,0.119928
2,169,33.262142,4,0.346999,0.898007,-0.513313,-0.294703,-1.247162,0.18425
2,172,26.027582,4,-0.496,-0.21899,0.180722,-0.472653,1.169279,0.106012
2,174,26.423571,3,0.36934,0.879644,0.029313,0.060912,-0.615956,0.34173
2,162,22.10029,2,-0.207068,0.046241,0.235776,-0.202223,-0.441682,0.210679
2,168,29.053288,3,1.169113,-0.767815,0.473981,-0.31968,0.859703,0.173864
2,176,29.054752,3,0.327571,0.898007,-0.287258,-0.601944,-0.441682,0.543693
